market,market location,impact category,indicator,method,unit,rank,process,process location,process key,score,share (%)
Generic,RER,"climate change — GWP 100a, incl. H (premise_gwp)","GWP 100a, incl. H","('IPCC 2021', 'climate change', 'GWP 100a, incl. H')",kg CO2-Eq,1,"hydrogen supply, distributed by pipeline",EUR,"('ecoinvent-3.12-cutoff_remind-SSP1-PkBudg650_2050_04_full', '1ca5494e631d4f32b2e60db1f4bf79b9')",0.07610142876927597,12.906563843886934
Generic,RER,"climate change — GWP 100a, incl. H (premise_gwp)","GWP 100a, incl. H","('IPCC 2021', 'climate change', 'GWP 100a, incl. H')",kg CO2-Eq,2,"market group for electricity, medium voltage",EUR,"('ecoinvent-3.12-cutoff_remind-SSP1-PkBudg650_2050_04_full', '1f68882440364dbcaec11614acdb8a39')",0.04908374463293328,8.324449278378813
Generic,RER,"climate change — GWP 100a, incl. H (premise_gwp)","GWP 100a, incl. H","('IPCC 2021', 'climate change', 'GWP 100a, incl. H')",kg CO2-Eq,3,"nylon 6-6 production, glass-filled",RoW,"('ecoinvent-3.12-cutoff_remind-SSP1-PkBudg650_2050_04_full', 'd2512b2d0b374a35ac83778c98943ad8')",0.02849473491376614,4.832617748796251
Generic,RER,"climate change — GWP 100a, incl. H (premise_gwp)","GWP 100a, incl. H","('IPCC 2021', 'climate change', 'GWP 100a, incl. H')",kg CO2-Eq,4,natural gas venting from petroleum/natural gas production,GLO,"('ecoinvent-3.12-cutoff_remind-SSP1-PkBudg650_2050_04_full', '690b9a048bb54495b40bd2c69125bbce')",0.018595182198327207,3.1536846300093875
Generic,RER,"climate change — GWP 100a, incl. H (premise_gwp)","GWP 100a, incl. H","('IPCC 2021', 'climate change', 'GWP 100a, incl. H')",kg CO2-Eq,5,"nylon 6-6 production, glass-filled",RER,"('ecoinvent-3.12-cutoff_remind-SSP1-PkBudg650_2050_04_full', 'cdadf4f6d8824ab18b6542b19f997553')",0.01666976967456829,2.827140699552373
Generic,RER,"climate change — GWP 100a, incl. H (premise_gwp)","GWP 100a, incl. H","('IPCC 2021', 'climate change', 'GWP 100a, incl. H')",kg CO2-Eq,6,"aluminium production, primary, liquid, prebake",CN,"('ecoinvent-3.12-cutoff_remind-SSP1-PkBudg650_2050_04_full', '7f0f01cbf1b248ea9e5ef6d75fe81907')",0.014933248427857133,2.53263213776316
Generic,RER,"climate change — GWP 100a, incl. H (premise_gwp)","GWP 100a, incl. H","('IPCC 2021', 'climate change', 'GWP 100a, incl. H')",kg CO2-Eq,7,sponge iron production,IN,"('ecoinvent-3.12-cutoff_remind-SSP1-PkBudg650_2050_04_full', '36f1a81cc4f644b297278b7b9070c40b')",0.01228901959042867,2.084179213027854
Generic,RER,"climate change — GWP 100a, incl. H (premise_gwp)","GWP 100a, incl. H","('IPCC 2021', 'climate change', 'GWP 100a, incl. H')",kg CO2-Eq,8,"diesel, burned in building machine",GLO,"('ecoinvent-3.12-cutoff_remind-SSP1-PkBudg650_2050_04_full', '85cbd0f5c8d9422eb8e62e17411ce3b6')",0.011561943534159878,1.960869392287888
Generic,RER,"climate change — GWP 100a, incl. H (premise_gwp)","GWP 100a, incl. H","('IPCC 2021', 'climate change', 'GWP 100a, incl. H')",kg CO2-Eq,9,"quicklime production, in pieces, loose",RoW,"('ecoinvent-3.12-cutoff_remind-SSP1-PkBudg650_2050_04_full', 'eefa39eddbe442dca5d303661d6e52d6')",0.010799370255091721,1.8315393537970874
Generic,RER,"climate change — GWP 100a, incl. H (premise_gwp)","GWP 100a, incl. H","('IPCC 2021', 'climate change', 'GWP 100a, incl. H')",kg CO2-Eq,10,"heat production, at hard coal industrial furnace 1-10MW",CHA,"('ecoinvent-3.12-cutoff_remind-SSP1-PkBudg650_2050_04_full', '20091f32086a4e45944f66c170ba3e66')",0.010421079072376275,1.7673823546414087
Generic,RER,"climate change — GWP 100a, incl. H (premise_gwp)","GWP 100a, incl. H","('IPCC 2021', 'climate change', 'GWP 100a, incl. H')",kg CO2-Eq,11,Other,,,0.34068401493484113,57.77894134785887
Transport,EUR,"climate change — GWP 100a, incl. H (premise_gwp)","GWP 100a, incl. H","('IPCC 2021', 'climate change', 'GWP 100a, incl. H')",kg CO2-Eq,1,"market group for electricity, medium voltage",EUR,"('ecoinvent-3.12-cutoff_remind-SSP1-PkBudg650_2050_04_full', '1f68882440364dbcaec11614acdb8a39')",0.05084543417873514,8.22859585647349
Transport,EUR,"climate change — GWP 100a, incl. H (premise_gwp)","GWP 100a, incl. H","('IPCC 2021', 'climate change', 'GWP 100a, incl. H')",kg CO2-Eq,2,liquid hydrogen production,EUR,"('ecoinvent-3.12-cutoff_remind-SSP1-PkBudg650_2050_04_full', '8f7c782e6afe4cf7a9fe5c3fcdc6d95e')",0.03564290896505705,5.768287708814415
Transport,EUR,"climate change — GWP 100a, incl. H (premise_gwp)","GWP 100a, incl. H","('IPCC 2021', 'climate change', 'GWP 100a, incl. H')",kg CO2-Eq,3,"nylon 6-6 production, glass-filled",RoW,"('ecoinvent-3.12-cutoff_remind-SSP1-PkBudg650_2050_04_full', 'd2512b2d0b374a35ac83778c98943ad8')",0.029532237781971872,4.7793642314250535
Transport,EUR,"climate change — GWP 100a, incl. H (premise_gwp)","GWP 100a, incl. H","('IPCC 2021', 'climate change', 'GWP 100a, incl. H')",kg CO2-Eq,4,gaseous hydrogen production,EUR,"('ecoinvent-3.12-cutoff_remind-SSP1-PkBudg650_2050_04_full', '140fec13868a4f0ab927078173d067ae')",0.026402154333468483,4.272805636522875
Transport,EUR,"climate change — GWP 100a, incl. H (premise_gwp)","GWP 100a, incl. H","('IPCC 2021', 'climate change', 'GWP 100a, incl. H')",kg CO2-Eq,5,natural gas venting from petroleum/natural gas production,GLO,"('ecoinvent-3.12-cutoff_remind-SSP1-PkBudg650_2050_04_full', '690b9a048bb54495b40bd2c69125bbce')",0.020194716427257675,3.268221868886861
Transport,EUR,"climate change — GWP 100a, incl. H (premise_gwp)","GWP 100a, incl. H","('IPCC 2021', 'climate change', 'GWP 100a, incl. H')",kg CO2-Eq,6,"nylon 6-6 production, glass-filled",RER,"('ecoinvent-3.12-cutoff_remind-SSP1-PkBudg650_2050_04_full', 'cdadf4f6d8824ab18b6542b19f997553')",0.017277826681727233,2.796165581797468
Transport,EUR,"climate change — GWP 100a, incl. H (premise_gwp)","GWP 100a, incl. H","('IPCC 2021', 'climate change', 'GWP 100a, incl. H')",kg CO2-Eq,7,"aluminium production, primary, liquid, prebake",CN,"('ecoinvent-3.12-cutoff_remind-SSP1-PkBudg650_2050_04_full', '7f0f01cbf1b248ea9e5ef6d75fe81907')",0.015607113374093656,2.525784871658929
Transport,EUR,"climate change — GWP 100a, incl. H (premise_gwp)","GWP 100a, incl. H","('IPCC 2021', 'climate change', 'GWP 100a, incl. H')",kg CO2-Eq,8,sponge iron production,IN,"('ecoinvent-3.12-cutoff_remind-SSP1-PkBudg650_2050_04_full', '36f1a81cc4f644b297278b7b9070c40b')",0.012721599446922891,2.0588063055708035
Transport,EUR,"climate change — GWP 100a, incl. H (premise_gwp)","GWP 100a, incl. H","('IPCC 2021', 'climate change', 'GWP 100a, incl. H')",kg CO2-Eq,9,"diesel, burned in building machine",GLO,"('ecoinvent-3.12-cutoff_remind-SSP1-PkBudg650_2050_04_full', '85cbd0f5c8d9422eb8e62e17411ce3b6')",0.011907921912140162,1.9271244013966244
Transport,EUR,"climate change — GWP 100a, incl. H (premise_gwp)","GWP 100a, incl. H","('IPCC 2021', 'climate change', 'GWP 100a, incl. H')",kg CO2-Eq,10,"quicklime production, in pieces, loose",RoW,"('ecoinvent-3.12-cutoff_remind-SSP1-PkBudg650_2050_04_full', 'eefa39eddbe442dca5d303661d6e52d6')",0.0109118534145894,1.7659251660257944
Transport,EUR,"climate change — GWP 100a, incl. H (premise_gwp)","GWP 100a, incl. H","('IPCC 2021', 'climate change', 'GWP 100a, incl. H')",kg CO2-Eq,11,Other,,,0.38686766169854403,62.60891837142768
Chemicals,EUR,"climate change — GWP 100a, incl. H (premise_gwp)","GWP 100a, incl. H","('IPCC 2021', 'climate change', 'GWP 100a, incl. H')",kg CO2-Eq,1,"hydrogen supply, distributed by pipeline",EUR,"('ecoinvent-3.12-cutoff_remind-SSP1-PkBudg650_2050_04_full', '1ca5494e631d4f32b2e60db1f4bf79b9')",0.060887937671694134,10.730526788963862
Chemicals,EUR,"climate change — GWP 100a, incl. H (premise_gwp)","GWP 100a, incl. H","('IPCC 2021', 'climate change', 'GWP 100a, incl. H')",kg CO2-Eq,2,"market group for electricity, medium voltage",EUR,"('ecoinvent-3.12-cutoff_remind-SSP1-PkBudg650_2050_04_full', '1f68882440364dbcaec11614acdb8a39')",0.04842039840017617,8.533322067285855
Chemicals,EUR,"climate change — GWP 100a, incl. H (premise_gwp)","GWP 100a, incl. H","('IPCC 2021', 'climate change', 'GWP 100a, incl. H')",kg CO2-Eq,3,"nylon 6-6 production, glass-filled",RoW,"('ecoinvent-3.12-cutoff_remind-SSP1-PkBudg650_2050_04_full', 'd2512b2d0b374a35ac83778c98943ad8')",0.02811007973562001,4.953952706846345
Chemicals,EUR,"climate change — GWP 100a, incl. H (premise_gwp)","GWP 100a, incl. H","('IPCC 2021', 'climate change', 'GWP 100a, incl. H')",kg CO2-Eq,4,natural gas venting from petroleum/natural gas production,GLO,"('ecoinvent-3.12-cutoff_remind-SSP1-PkBudg650_2050_04_full', '690b9a048bb54495b40bd2c69125bbce')",0.018388764663812555,3.240726150143926
Chemicals,EUR,"climate change — GWP 100a, incl. H (premise_gwp)","GWP 100a, incl. H","('IPCC 2021', 'climate change', 'GWP 100a, incl. H')",kg CO2-Eq,5,"nylon 6-6 production, glass-filled",RER,"('ecoinvent-3.12-cutoff_remind-SSP1-PkBudg650_2050_04_full', 'cdadf4f6d8824ab18b6542b19f997553')",0.01644477913524233,2.89812974124341
Chemicals,EUR,"climate change — GWP 100a, incl. H (premise_gwp)","GWP 100a, incl. H","('IPCC 2021', 'climate change', 'GWP 100a, incl. H')",kg CO2-Eq,6,"aluminium production, primary, liquid, prebake",CN,"('ecoinvent-3.12-cutoff_remind-SSP1-PkBudg650_2050_04_full', '7f0f01cbf1b248ea9e5ef6d75fe81907')",0.014744432615525655,2.598470817357352
Chemicals,EUR,"climate change — GWP 100a, incl. H (premise_gwp)","GWP 100a, incl. H","('IPCC 2021', 'climate change', 'GWP 100a, incl. H')",kg CO2-Eq,7,sponge iron production,IN,"('ecoinvent-3.12-cutoff_remind-SSP1-PkBudg650_2050_04_full', '36f1a81cc4f644b297278b7b9070c40b')",0.012146119448278432,2.140559610090014
Chemicals,EUR,"climate change — GWP 100a, incl. H (premise_gwp)","GWP 100a, incl. H","('IPCC 2021', 'climate change', 'GWP 100a, incl. H')",kg CO2-Eq,8,"diesel, burned in building machine",GLO,"('ecoinvent-3.12-cutoff_remind-SSP1-PkBudg650_2050_04_full', '85cbd0f5c8d9422eb8e62e17411ce3b6')",0.011453296139910469,2.018460564618203
Chemicals,EUR,"climate change — GWP 100a, incl. H (premise_gwp)","GWP 100a, incl. H","('IPCC 2021', 'climate change', 'GWP 100a, incl. H')",kg CO2-Eq,9,"quicklime production, in pieces, loose",RoW,"('ecoinvent-3.12-cutoff_remind-SSP1-PkBudg650_2050_04_full', 'eefa39eddbe442dca5d303661d6e52d6')",0.010578844552257967,1.8643524350646652
Chemicals,EUR,"climate change — GWP 100a, incl. H (premise_gwp)","GWP 100a, incl. H","('IPCC 2021', 'climate change', 'GWP 100a, incl. H')",kg CO2-Eq,10,"heat production, at hard coal industrial furnace 1-10MW",CHA,"('ecoinvent-3.12-cutoff_remind-SSP1-PkBudg650_2050_04_full', '20091f32086a4e45944f66c170ba3e66')",0.010284549123764669,1.812487564943025
Chemicals,EUR,"climate change — GWP 100a, incl. H (premise_gwp)","GWP 100a, incl. H","('IPCC 2021', 'climate change', 'GWP 100a, incl. H')",kg CO2-Eq,11,Other,,,0.3359680914059564,59.20901155344332
Steel,EUR,"climate change — GWP 100a, incl. H (premise_gwp)","GWP 100a, incl. H","('IPCC 2021', 'climate change', 'GWP 100a, incl. H')",kg CO2-Eq,1,"hydrogen supply, distributed by pipeline",EUR,"('ecoinvent-3.12-cutoff_remind-SSP1-PkBudg650_2050_04_full', '1ca5494e631d4f32b2e60db1f4bf79b9')",0.06114053541728921,9.438444891744592
Steel,EUR,"climate change — GWP 100a, incl. H (premise_gwp)","GWP 100a, incl. H","('IPCC 2021', 'climate change', 'GWP 100a, incl. H')",kg CO2-Eq,2,"market group for electricity, medium voltage",EUR,"('ecoinvent-3.12-cutoff_remind-SSP1-PkBudg650_2050_04_full', '1f68882440364dbcaec11614acdb8a39')",0.05179410286428346,7.995608515126812
Steel,EUR,"climate change — GWP 100a, incl. H (premise_gwp)","GWP 100a, incl. H","('IPCC 2021', 'climate change', 'GWP 100a, incl. H')",kg CO2-Eq,3,liquid hydrogen production,EUR,"('ecoinvent-3.12-cutoff_remind-SSP1-PkBudg650_2050_04_full', '8f7c782e6afe4cf7a9fe5c3fcdc6d95e')",0.03583900292252829,5.532572650054072
Steel,EUR,"climate change — GWP 100a, incl. H (premise_gwp)","GWP 100a, incl. H","('IPCC 2021', 'climate change', 'GWP 100a, incl. H')",kg CO2-Eq,4,"nylon 6-6 production, glass-filled",RoW,"('ecoinvent-3.12-cutoff_remind-SSP1-PkBudg650_2050_04_full', 'd2512b2d0b374a35ac83778c98943ad8')",0.0300727484681067,4.6424189324200436
Steel,EUR,"climate change — GWP 100a, incl. H (premise_gwp)","GWP 100a, incl. H","('IPCC 2021', 'climate change', 'GWP 100a, incl. H')",kg CO2-Eq,5,natural gas venting from petroleum/natural gas production,GLO,"('ecoinvent-3.12-cutoff_remind-SSP1-PkBudg650_2050_04_full', '690b9a048bb54495b40bd2c69125bbce')",0.019788436486011435,3.0547993404420177
Steel,EUR,"climate change — GWP 100a, incl. H (premise_gwp)","GWP 100a, incl. H","('IPCC 2021', 'climate change', 'GWP 100a, incl. H')",kg CO2-Eq,6,"nylon 6-6 production, glass-filled",RER,"('ecoinvent-3.12-cutoff_remind-SSP1-PkBudg650_2050_04_full', 'cdadf4f6d8824ab18b6542b19f997553')",0.017593352202682266,2.7159377014404336
Steel,EUR,"climate change — GWP 100a, incl. H (premise_gwp)","GWP 100a, incl. H","('IPCC 2021', 'climate change', 'GWP 100a, incl. H')",kg CO2-Eq,7,"aluminium production, primary, liquid, prebake",CN,"('ecoinvent-3.12-cutoff_remind-SSP1-PkBudg650_2050_04_full', '7f0f01cbf1b248ea9e5ef6d75fe81907')",0.01580687238122148,2.4401535391005136
Steel,EUR,"climate change — GWP 100a, incl. H (premise_gwp)","GWP 100a, incl. H","('IPCC 2021', 'climate change', 'GWP 100a, incl. H')",kg CO2-Eq,8,sponge iron production,IN,"('ecoinvent-3.12-cutoff_remind-SSP1-PkBudg650_2050_04_full', '36f1a81cc4f644b297278b7b9070c40b')",0.012895742177289265,1.9907537781239737
Steel,EUR,"climate change — GWP 100a, incl. H (premise_gwp)","GWP 100a, incl. H","('IPCC 2021', 'climate change', 'GWP 100a, incl. H')",kg CO2-Eq,9,"diesel, burned in building machine",GLO,"('ecoinvent-3.12-cutoff_remind-SSP1-PkBudg650_2050_04_full', '85cbd0f5c8d9422eb8e62e17411ce3b6')",0.012012360037268932,1.854383470111009
Steel,EUR,"climate change — GWP 100a, incl. H (premise_gwp)","GWP 100a, incl. H","('IPCC 2021', 'climate change', 'GWP 100a, incl. H')",kg CO2-Eq,10,"quicklime production, in pieces, loose",RoW,"('ecoinvent-3.12-cutoff_remind-SSP1-PkBudg650_2050_04_full', 'eefa39eddbe442dca5d303661d6e52d6')",0.011335092906146904,1.7498317443131088
Steel,EUR,"climate change — GWP 100a, incl. H (premise_gwp)","GWP 100a, incl. H","('IPCC 2021', 'climate change', 'GWP 100a, incl. H')",kg CO2-Eq,11,Other,,,0.3795036304796006,58.58509543712342
Cement,EUR,"climate change — GWP 100a, incl. H (premise_gwp)","GWP 100a, incl. H","('IPCC 2021', 'climate change', 'GWP 100a, incl. H')",kg CO2-Eq,1,"hydrogen supply, distributed by pipeline",EUR,"('ecoinvent-3.12-cutoff_remind-SSP1-PkBudg650_2050_04_full', '1ca5494e631d4f32b2e60db1f4bf79b9')",0.06114053541728921,9.438444891744592
Cement,EUR,"climate change — GWP 100a, incl. H (premise_gwp)","GWP 100a, incl. H","('IPCC 2021', 'climate change', 'GWP 100a, incl. H')",kg CO2-Eq,2,"market group for electricity, medium voltage",EUR,"('ecoinvent-3.12-cutoff_remind-SSP1-PkBudg650_2050_04_full', '1f68882440364dbcaec11614acdb8a39')",0.05179410286428346,7.995608515126812
Cement,EUR,"climate change — GWP 100a, incl. H (premise_gwp)","GWP 100a, incl. H","('IPCC 2021', 'climate change', 'GWP 100a, incl. H')",kg CO2-Eq,3,liquid hydrogen production,EUR,"('ecoinvent-3.12-cutoff_remind-SSP1-PkBudg650_2050_04_full', '8f7c782e6afe4cf7a9fe5c3fcdc6d95e')",0.03583900292252829,5.532572650054072
Cement,EUR,"climate change — GWP 100a, incl. H (premise_gwp)","GWP 100a, incl. H","('IPCC 2021', 'climate change', 'GWP 100a, incl. H')",kg CO2-Eq,4,"nylon 6-6 production, glass-filled",RoW,"('ecoinvent-3.12-cutoff_remind-SSP1-PkBudg650_2050_04_full', 'd2512b2d0b374a35ac83778c98943ad8')",0.0300727484681067,4.6424189324200436
Cement,EUR,"climate change — GWP 100a, incl. H (premise_gwp)","GWP 100a, incl. H","('IPCC 2021', 'climate change', 'GWP 100a, incl. H')",kg CO2-Eq,5,natural gas venting from petroleum/natural gas production,GLO,"('ecoinvent-3.12-cutoff_remind-SSP1-PkBudg650_2050_04_full', '690b9a048bb54495b40bd2c69125bbce')",0.019788436486011435,3.0547993404420177
Cement,EUR,"climate change — GWP 100a, incl. H (premise_gwp)","GWP 100a, incl. H","('IPCC 2021', 'climate change', 'GWP 100a, incl. H')",kg CO2-Eq,6,"nylon 6-6 production, glass-filled",RER,"('ecoinvent-3.12-cutoff_remind-SSP1-PkBudg650_2050_04_full', 'cdadf4f6d8824ab18b6542b19f997553')",0.017593352202682266,2.7159377014404336
Cement,EUR,"climate change — GWP 100a, incl. H (premise_gwp)","GWP 100a, incl. H","('IPCC 2021', 'climate change', 'GWP 100a, incl. H')",kg CO2-Eq,7,"aluminium production, primary, liquid, prebake",CN,"('ecoinvent-3.12-cutoff_remind-SSP1-PkBudg650_2050_04_full', '7f0f01cbf1b248ea9e5ef6d75fe81907')",0.01580687238122148,2.4401535391005136
Cement,EUR,"climate change — GWP 100a, incl. H (premise_gwp)","GWP 100a, incl. H","('IPCC 2021', 'climate change', 'GWP 100a, incl. H')",kg CO2-Eq,8,sponge iron production,IN,"('ecoinvent-3.12-cutoff_remind-SSP1-PkBudg650_2050_04_full', '36f1a81cc4f644b297278b7b9070c40b')",0.012895742177289265,1.9907537781239737
Cement,EUR,"climate change — GWP 100a, incl. H (premise_gwp)","GWP 100a, incl. H","('IPCC 2021', 'climate change', 'GWP 100a, incl. H')",kg CO2-Eq,9,"diesel, burned in building machine",GLO,"('ecoinvent-3.12-cutoff_remind-SSP1-PkBudg650_2050_04_full', '85cbd0f5c8d9422eb8e62e17411ce3b6')",0.012012360037268932,1.854383470111009
Cement,EUR,"climate change — GWP 100a, incl. H (premise_gwp)","GWP 100a, incl. H","('IPCC 2021', 'climate change', 'GWP 100a, incl. H')",kg CO2-Eq,10,"quicklime production, in pieces, loose",RoW,"('ecoinvent-3.12-cutoff_remind-SSP1-PkBudg650_2050_04_full', 'eefa39eddbe442dca5d303661d6e52d6')",0.011335092906146904,1.7498317443131088
Cement,EUR,"climate change — GWP 100a, incl. H (premise_gwp)","GWP 100a, incl. H","('IPCC 2021', 'climate change', 'GWP 100a, incl. H')",kg CO2-Eq,11,Other,,,0.3795036304796006,58.58509543712342
Other end uses,EUR,"climate change — GWP 100a, incl. H (premise_gwp)","GWP 100a, incl. H","('IPCC 2021', 'climate change', 'GWP 100a, incl. H')",kg CO2-Eq,1,"market group for electricity, medium voltage",EUR,"('ecoinvent-3.12-cutoff_remind-SSP1-PkBudg650_2050_04_full', '1f68882440364dbcaec11614acdb8a39')",0.05217523335362456,7.990272019501388
Other end uses,EUR,"climate change — GWP 100a, incl. H (premise_gwp)","GWP 100a, incl. H","('IPCC 2021', 'climate change', 'GWP 100a, incl. H')",kg CO2-Eq,2,liquid hydrogen production,EUR,"('ecoinvent-3.12-cutoff_remind-SSP1-PkBudg650_2050_04_full', '8f7c782e6afe4cf7a9fe5c3fcdc6d95e')",0.04467579128320506,6.841784925423414
Other end uses,EUR,"climate change — GWP 100a, incl. H (premise_gwp)","GWP 100a, incl. H","('IPCC 2021', 'climate change', 'GWP 100a, incl. H')",kg CO2-Eq,3,"hydrogen supply, distributed by pipeline",EUR,"('ecoinvent-3.12-cutoff_remind-SSP1-PkBudg650_2050_04_full', '1ca5494e631d4f32b2e60db1f4bf79b9')",0.03844340387055208,5.887338389065866
Other end uses,EUR,"climate change — GWP 100a, incl. H (premise_gwp)","GWP 100a, incl. H","('IPCC 2021', 'climate change', 'GWP 100a, incl. H')",kg CO2-Eq,4,"nylon 6-6 production, glass-filled",RoW,"('ecoinvent-3.12-cutoff_remind-SSP1-PkBudg650_2050_04_full', 'd2512b2d0b374a35ac83778c98943ad8')",0.030298342207490822,4.639979170519109
Other end uses,EUR,"climate change — GWP 100a, incl. H (premise_gwp)","GWP 100a, incl. H","('IPCC 2021', 'climate change', 'GWP 100a, incl. H')",kg CO2-Eq,5,natural gas venting from petroleum/natural gas production,GLO,"('ecoinvent-3.12-cutoff_remind-SSP1-PkBudg650_2050_04_full', '690b9a048bb54495b40bd2c69125bbce')",0.020213712534067896,3.0955886785696007
Other end uses,EUR,"climate change — GWP 100a, incl. H (premise_gwp)","GWP 100a, incl. H","('IPCC 2021', 'climate change', 'GWP 100a, incl. H')",kg CO2-Eq,6,"nylon 6-6 production, glass-filled",RER,"('ecoinvent-3.12-cutoff_remind-SSP1-PkBudg650_2050_04_full', 'cdadf4f6d8824ab18b6542b19f997553')",0.017725646074480406,2.7145587044445163
Other end uses,EUR,"climate change — GWP 100a, incl. H (premise_gwp)","GWP 100a, incl. H","('IPCC 2021', 'climate change', 'GWP 100a, incl. H')",kg CO2-Eq,7,"aluminium production, primary, liquid, prebake",CN,"('ecoinvent-3.12-cutoff_remind-SSP1-PkBudg650_2050_04_full', '7f0f01cbf1b248ea9e5ef6d75fe81907')",0.015962853651917,2.44459937575818
Other end uses,EUR,"climate change — GWP 100a, incl. H (premise_gwp)","GWP 100a, incl. H","('IPCC 2021', 'climate change', 'GWP 100a, incl. H')",kg CO2-Eq,8,sponge iron production,IN,"('ecoinvent-3.12-cutoff_remind-SSP1-PkBudg650_2050_04_full', '36f1a81cc4f644b297278b7b9070c40b')",0.012993003199840886,1.989787553288797
Other end uses,EUR,"climate change — GWP 100a, incl. H (premise_gwp)","GWP 100a, incl. H","('IPCC 2021', 'climate change', 'GWP 100a, incl. H')",kg CO2-Eq,9,"diesel, burned in building machine",GLO,"('ecoinvent-3.12-cutoff_remind-SSP1-PkBudg650_2050_04_full', '85cbd0f5c8d9422eb8e62e17411ce3b6')",0.012092327235657337,1.851855329651635
Other end uses,EUR,"climate change — GWP 100a, incl. H (premise_gwp)","GWP 100a, incl. H","('IPCC 2021', 'climate change', 'GWP 100a, incl. H')",kg CO2-Eq,10,"quicklime production, in pieces, loose",RoW,"('ecoinvent-3.12-cutoff_remind-SSP1-PkBudg650_2050_04_full', 'eefa39eddbe442dca5d303661d6e52d6')",0.01133676120639926,1.736145677496391
Other end uses,EUR,"climate change — GWP 100a, incl. H (premise_gwp)","GWP 100a, incl. H","('IPCC 2021', 'climate change', 'GWP 100a, incl. H')",kg CO2-Eq,11,Other,,,0.3970673697957148,60.80809017628108
