Region,EMF30 Sector,1990,1995,2000,2005,2010,2015,2020,2025,2030,2035,2040,2045,2050
AFRI_EAST,End_Use_Industry_Bio_Trad,,,,,,,,12.043064245059156,12.043064245059156,12.043064245059156,12.043064245059156,12.043064245059156,12.043064245059156
AFRI_EAST,End_Use_Industry_Coal,,,,,,,,2.2445053592269373,2.0463643826257796,1.9004375649847811,1.795752592881526,1.7237265808209212,1.6728637175943273
AFRI_EAST,End_Use_Industry_HLF,,,,,,,,1.1630634315411172,1.1630634315411172,1.1630634315411172,1.1630634315411172,1.1630634315411172,1.1630634315411172
AFRI_EAST,End_Use_Industry_LLF,,,,,,,,1.1630634315411172,1.1630634315411172,1.1630634315411172,1.1630634315411172,1.1630634315411172,1.1630634315411172
AFRI_EAST,End_Use_Industry_NatGas,,,,,,,,1.0,1.0,1.0,1.0,1.0,1.0
AFRI_EAST,End_Use_Residential_Bio_Trad_Cook,,,,,,,,2.131269128140425,2.131269128140425,2.131269128140425,2.131269128140425,2.131269128140425,2.131269128140425
AFRI_EAST,End_Use_Residential_Coal_Heat,,,,,,,,1.75,1.75,1.75,1.75,1.75,1.75
AFRI_EAST,End_Use_Residential_HLF,,,,,,,,1.352447930754666,1.352447930754666,1.352447930754666,1.352447930754666,1.352447930754666,1.352447930754666
AFRI_EAST,End_Use_Residential_LLF,,,,,,,,1.0,1.0702151482590183,1.1503499109788782,1.2327345304922859,1.3021880756096331,1.361806891050476
AFRI_EAST,End_Use_Transport_AGR_HLF,,,,,,,,1.0,1.0,1.0,1.0,1.0,1.0
AFRI_EAST,End_Use_Transport_HDT_HLF,,,,,,,,6.6885484386768095,8.612504442148674,10.213534425673013,11.51916675549895,11.51916675549895,11.51916675549895
AFRI_EAST,End_Use_Transport_LDT_HLF,,,,,,,,4.65537509928049,7.5865371988274655,10.51769929837444,13.448861397921416,13.448861397921416,13.448861397921416
AFRI_EAST,End_Use_Transport_LDT_LLF,,,,,,,,10.72290584783649,9.775704813809826,7.354199951673446,4.932695089537068,4.932695089537068,4.932695089537068
AFRI_EAST,End_Use_Transport_MC_LLF,,,,,,,,2.4473002542655964,2.4473002542655964,2.4473002542655964,2.4473002542655964,2.4473002542655964,2.4473002542655964
AFRI_EAST,End_Use_Transport_OFF_HLF,,,,,,,,1.068324665245978,1.068324665245978,1.068324665245978,1.068324665245978,1.068324665245978,1.068324665245978
AFRI_EAST,End_Use_Transport_OFF_LLF,,,,,,,,1.2268028549223189,1.2268028549223189,1.2268028549223189,1.2268028549223189,1.2268028549223189,1.2268028549223189
AFRI_EAST,NACID,,,,,,,,1.000000033508773,1.000000033508773,1.000000033508773,1.000000033508773,1.000000033508773,1.000000033508773
AFRI_EAST,Power_Gen_Bio_Trad_New,,,,,,,,31.865665929030094,31.865665929030094,31.865665929030094,31.865665929030094,31.865665929030094,31.865665929030094
AFRI_EAST,Power_Gen_Bio_Trad_Old,,,,,,,,39.936822796608816,39.936822796608816,39.936822796608816,39.936822796608816,39.936822796608816,39.936822796608816
AFRI_EAST,Power_Gen_Coal_New,,,,,,,,1.3734996968489954,1.3734996968489954,1.3734996968489954,1.3734996968489954,1.3734996968489954,1.3734996968489954
AFRI_EAST,Power_Gen_Coal_Old,,,,,,,,1.3734996968489954,1.3734996968489954,1.3734996968489954,1.3734996968489954,1.3734996968489954,1.3734996968489954
AFRI_EAST,Power_Gen_HLF,,,,,,,,2.7273130844650537,2.585267490708148,2.433535324023457,2.318991267143584,2.2588763032499974,2.198905094013597
AFRI_EAST,Power_Gen_LLF,,,,,,,,1.6618565153084681,1.6618565153084681,1.6618565153084681,1.6618565153084681,1.6618565153084681,1.6618565153084681
AFRI_EAST,Power_Gen_NatGas,,,,,,,,1.1111111111111112,1.1111111111111112,1.1111111111111112,1.1111111111111112,1.1111111111111112,1.1111111111111112
AFRI_EAST,Unattributed,,,,,,,,5.554294363570196,5.549651726738984,5.5466156022819435,5.543765960334225,5.541099131743719,5.53859211061553
AFRI_EAST,Unattributed,,,,,,,,5.554294363570196,5.549651726738984,5.5466156022819435,5.543765960334225,5.541099131743719,5.53859211061553
AFRI_EAST,Waste_Water_Municipal,,,,,,,,3.4556178233043005,3.4556178233043005,3.4556178233043005,3.4556178233043005,3.4556178233043005,3.4556178233043005
AFRI_EAST,Waste_Water_Municipal,,,,,,,,3.4556178233043005,3.4556178233043005,3.4556178233043005,3.4556178233043005,3.4556178233043005,3.4556178233043005
AFRI_NORT,End_Use_Industry_Bio_Trad,,,,,,,,12.043064245059156,12.043064245059156,12.043064245059156,12.043064245059156,12.043064245059156,12.043064245059156
AFRI_NORT,End_Use_Industry_Coal,,,,,,,,6.838147452781379,6.791609062314514,6.776617105183408,6.825714331225991,6.864254723215023,6.9050776440767825
AFRI_NORT,End_Use_Industry_HLF,,,,,,,,1.1630634315411172,1.1630634315411172,1.1630634315411172,1.1630634315411172,1.1630634315411172,1.1630634315411172
AFRI_NORT,End_Use_Industry_LLF,,,,,,,,1.1630634315411172,1.1630634315411172,1.1630634315411172,1.1630634315411172,1.1630634315411172,1.1630634315411172
AFRI_NORT,End_Use_Industry_NatGas,,,,,,,,1.0,1.0,1.0,1.0,1.0,1.0
AFRI_NORT,End_Use_Residential_Bio_Trad_Cook,,,,,,,,2.131269128140425,2.131269128140425,2.131269128140425,2.131269128140425,2.131269128140425,2.131269128140425
AFRI_NORT,End_Use_Residential_Coal_Heat,,,,,,,,1.75,1.75,1.75,1.75,1.75,1.75
AFRI_NORT,End_Use_Residential_HLF,,,,,,,,1.352447930754666,1.352447930754666,1.352447930754666,1.352447930754666,1.352447930754666,1.352447930754666
AFRI_NORT,End_Use_Residential_LLF,,,,,,,,1.7936833708161763,1.7936833708161763,1.7936833708161763,1.7936833708161763,1.7936833708161763,1.7936833708161763
AFRI_NORT,End_Use_Residential_NatGas,,,,,,,,1.1111111111111112,1.1111111111111112,1.1111111111111112,1.1111111111111112,1.1111111111111112,1.1111111111111112
AFRI_NORT,End_Use_Transport_AGR_HLF,,,,,,,,1.0,1.0,1.0,1.0,1.0,1.0
AFRI_NORT,End_Use_Transport_HDT_HLF,,,,,,,,6.6885484386768095,8.850547155208929,10.459186244241364,11.51916675549895,11.51916675549895,11.51916675549895
AFRI_NORT,End_Use_Transport_HDT_LLF,,,,,,,,1.0,1.0,1.0,1.0,1.0,1.0
AFRI_NORT,End_Use_Transport_LDT_HLF,,,,,,,,4.266024464756901,6.739121408720175,9.4235016572208,12.184057974129056,12.22610179423738,12.262521306712136
AFRI_NORT,End_Use_Transport_LDT_LLF,,,,,,,,10.364099439632694,9.556005932476719,7.191386057957289,4.827350891850229,4.827350680747633,4.827349337648732
AFRI_NORT,End_Use_Transport_MC_LLF,,,,,,,,2.4473002542655964,2.4473002542655964,2.4473002542655964,2.4473002542655964,2.4473002542655964,2.4473002542655964
AFRI_NORT,End_Use_Transport_NatGas,,,,,,,,1.0,1.0,1.0,1.0,1.0,1.0
AFRI_NORT,End_Use_Transport_OFF_HLF,,,,,,,,1.068324665245978,1.068324665245978,1.068324665245978,1.068324665245978,1.068324665245978,1.068324665245978
AFRI_NORT,End_Use_Transport_OFF_LLF,,,,,,,,1.2268028549223189,1.2268028549223189,1.2268028549223189,1.2268028549223189,1.2268028549223189,1.2268028549223189
AFRI_NORT,NACID,,,,,,,,1.000000033508773,1.000000033508773,1.000000033508773,1.000000033508773,1.000000033508773,1.000000033508773
AFRI_NORT,Power_Gen_Bio_Trad_New,,,,,,,,31.865665929030094,31.865665929030094,31.865665929030094,31.865665929030094,31.865665929030094,31.865665929030094
AFRI_NORT,Power_Gen_Bio_Trad_Old,,,,,,,,39.936822796608816,39.936822796608816,39.936822796608816,39.936822796608816,,
AFRI_NORT,Power_Gen_Coal_New,,,,,,,,1.3734996968489954,1.3734996968489954,1.3734996968489954,1.3734996968489954,1.3734996968489954,1.3734996968489954
AFRI_NORT,Power_Gen_Coal_Old,,,,,,,,1.3734996968489954,,,,,
AFRI_NORT,Power_Gen_HLF,,,,,,,,1.8165686728462769,1.7078797982784173,1.700977701721804,1.708674433407092,1.7023961690194145,1.69428837304253
AFRI_NORT,Power_Gen_NatGas,,,,,,,,1.1111111111111112,1.1111111111111112,1.1111111111111112,1.1111111111111112,1.1111111111111112,1.1111111111111112
AFRI_NORT,Unattributed,,,,,,,,4.81559214299135,4.776016124434388,4.738364451158949,4.704669183125072,4.674643736539619,4.647263680623831
AFRI_NORT,Unattributed,,,,,,,,4.81559214299135,4.776016124434388,4.738364451158949,4.704669183125072,4.674643736539619,4.647263680623831
AFRI_NORT,Waste_Water_Municipal,,,,,,,,3.4556178233043005,3.4556178233043005,3.4556178233043005,3.4556178233043005,3.4556178233043005,3.4556178233043005
AFRI_NORT,Waste_Water_Municipal,,,,,,,,3.4556178233043005,3.4556178233043005,3.4556178233043005,3.4556178233043005,3.4556178233043005,3.4556178233043005
AFRI_WEST,End_Use_Industry_Bio_Trad,,,,,,,,12.043064245059156,12.043064245059156,12.043064245059156,12.043064245059156,12.043064245059156,12.043064245059156
AFRI_WEST,End_Use_Industry_Coal,,,,,,,,2.3651476098509847,1.9297652379816352,1.7782368127597474,1.7076480186736576,1.6475752650506728,1.5710995111138253
AFRI_WEST,End_Use_Industry_HLF,,,,,,,,1.1630634315411172,1.1630634315411172,1.1630634315411172,1.1630634315411172,1.1630634315411172,1.1630634315411172
AFRI_WEST,End_Use_Industry_LLF,,,,,,,,1.1630634315411172,1.1630634315411172,1.1630634315411172,1.1630634315411172,1.1630634315411172,1.1630634315411172
AFRI_WEST,End_Use_Industry_NatGas,,,,,,,,1.398921241049229,1.392174391852728,1.378918299337753,1.355266250441875,1.0,1.0
AFRI_WEST,End_Use_Residential_Bio_Trad_Cook,,,,,,,,2.131269128140425,2.131269128140425,2.131269128140425,2.131269128140425,2.131269128140425,2.131269128140425
AFRI_WEST,End_Use_Residential_Coal_Heat,,,,,,,,1.75,1.75,1.75,1.75,1.75,1.75
AFRI_WEST,End_Use_Residential_HLF,,,,,,,,1.352447930754666,1.352447930754666,1.352447930754666,1.352447930754666,1.352447930754666,1.352447930754666
AFRI_WEST,End_Use_Residential_LLF,,,,,,,,1.1727037698835752,1.2204979530293718,1.2782559814571828,1.340918341527136,1.3955607630529434,1.4434430932040885
AFRI_WEST,End_Use_Residential_NatGas,,,,,,,,1.1111111111111112,1.1111111111111112,1.1111111111111112,1.1111111111111112,1.1111111111111112,1.1111111111111112
AFRI_WEST,End_Use_Transport_AGR_HLF,,,,,,,,1.0,1.0,1.0,1.0,1.0,1.0
AFRI_WEST,End_Use_Transport_HDT_HLF,,,,,,,,6.6885484386768095,8.612990045889356,10.214023263749812,11.51916675549895,11.51916675549895,11.51916675549895
AFRI_WEST,End_Use_Transport_LDT_HLF,,,,,,,,4.65537509928049,7.5865371988274655,10.51769929837444,13.448861397921416,13.448861397921416,13.448861397921416
AFRI_WEST,End_Use_Transport_LDT_LLF,,,,,,,,10.724426952840483,9.775704813809826,7.354199951673446,4.932695089537068,4.932695089537068,4.932695089537068
AFRI_WEST,End_Use_Transport_MC_LLF,,,,,,,,2.4473002542655964,2.4473002542655964,2.4473002542655964,2.4473002542655964,2.4473002542655964,2.4473002542655964
AFRI_WEST,End_Use_Transport_NatGas,,,,,,,,1.0,1.0,1.0,1.0,1.0,1.0
AFRI_WEST,End_Use_Transport_OFF_HLF,,,,,,,,1.068324665245978,1.068324665245978,1.068324665245978,1.068324665245978,1.068324665245978,1.068324665245978
AFRI_WEST,End_Use_Transport_OFF_LLF,,,,,,,,1.2268028549223189,1.2268028549223189,1.2268028549223189,1.2268028549223189,1.2268028549223189,1.2268028549223189
AFRI_WEST,Power_Gen_Bio_Trad_New,,,,,,,,31.865665929030094,31.865665929030094,31.865665929030094,31.865665929030094,31.865665929030094,31.865665929030094
AFRI_WEST,Power_Gen_Bio_Trad_Old,,,,,,,,39.936822796608816,39.936822796608816,39.936822796608816,39.936822796608816,39.936822796608816,39.936822796608816
AFRI_WEST,Power_Gen_Coal_IGCC_CCS,,,,,,,,,1.0,1.0,1.0,1.0,1.0
AFRI_WEST,Power_Gen_Coal_New,,,,,,,,1.3734996968489954,1.3734996968489954,1.3734996968489954,1.3734996968489954,1.3734996968489954,1.3734996968489954
AFRI_WEST,Power_Gen_Coal_Old,,,,,,,,1.3734996968489954,1.3734996968489954,1.3734996968489954,1.3734996968489954,1.3734996968489954,1.3734996968489954
AFRI_WEST,Power_Gen_HLF,,,,,,,,3.1813235754956057,3.005012840961777,2.8035101784282945,2.565441026280326,2.3507416788132773,2.1994450567777344
AFRI_WEST,Power_Gen_LLF,,,,,,,,1.6618565153084681,1.6618565153084681,1.6618565153084681,1.6618565153084681,1.6618565153084681,1.6618565153084681
AFRI_WEST,Power_Gen_NatGas,,,,,,,,8.242940738020087,5.746321682189784,3.6319858543669903,2.564783405070707,1.9402856422743808,1.5352715250224553
AFRI_WEST,Unattributed,,,,,,,,5.412213824177944,5.3779483141872175,5.345669543425106,5.316356041669933,5.289641948006622,5.265192779450495
AFRI_WEST,Unattributed,,,,,,,,5.412213824177944,5.3779483141872175,5.345669543425106,5.316356041669933,5.289641948006622,5.265192779450495
AFRI_WEST,Waste_Water_Municipal,,,,,,,,3.4556178233043005,3.4556178233043005,3.4556178233043005,3.4556178233043005,3.4556178233043005,3.4556178233043005
AFRI_WEST,Waste_Water_Municipal,,,,,,,,3.4556178233043005,3.4556178233043005,3.4556178233043005,3.4556178233043005,3.4556178233043005,3.4556178233043005
ASIA_STAN,End_Use_Industry_Bio_Trad,,,,,,,,12.043064245059156,12.043064245059156,12.043064245059156,12.043064245059156,12.043064245059156,12.043064245059156
ASIA_STAN,End_Use_Industry_Coal,,,,,,,,2.3579119258845846,2.372785124719329,2.3943389981386476,2.4046899990428616,2.4104650703758668,2.4160052358296817
ASIA_STAN,End_Use_Industry_HLF,,,,,,,,1.1630634315411172,1.1630634315411172,1.1630634315411172,1.1630634315411172,1.1630634315411172,1.1630634315411172
ASIA_STAN,End_Use_Industry_NatGas,,,,,,,,1.0,1.0,1.0,1.0,1.0,1.0
ASIA_STAN,End_Use_Residential_Bio_Trad_Cook,,,,,,,,2.131269128140425,2.131269128140425,2.131269128140425,2.131269128140425,2.131269128140425,2.131269128140425
ASIA_STAN,End_Use_Residential_Coal_Heat,,,,,,,,1.75,1.75,1.75,1.75,1.75,1.75
ASIA_STAN,End_Use_Residential_HLF,,,,,,,,1.352447930754666,1.352447930754666,1.352447930754666,1.352447930754666,1.352447930754666,1.352447930754666
ASIA_STAN,End_Use_Residential_LLF,,,,,,,,1.7936833708161763,1.7936833708161763,1.7936833708161763,1.7936833708161763,1.7936833708161763,1.7936833708161763
ASIA_STAN,End_Use_Residential_NatGas,,,,,,,,1.1111111111111112,1.1111111111111112,1.1111111111111112,1.1111111111111112,1.1111111111111112,1.1111111111111112
ASIA_STAN,End_Use_Transport_AGR_HLF,,,,,,,,1.0,1.0,1.0,1.0,1.0,1.0
ASIA_STAN,End_Use_Transport_HDT_HLF,,,,,,,,6.6885484386768095,9.275082827009053,10.89724697149852,11.51916675549895,11.51916675549895,11.51916675549895
ASIA_STAN,End_Use_Transport_HDT_LLF,,,,,,,,5.166666666666666,5.166666666666666,5.166666666666666,5.166666666666666,5.166666666666666,5.166666666666666
ASIA_STAN,End_Use_Transport_LDT_HLF,,,,,,,,4.65537509928049,6.55211285176734,9.483274951314316,13.448861397921416,13.448861397921416,13.448861397921416
ASIA_STAN,End_Use_Transport_LDT_LLF,,,,,,,,4.779913860268272,5.289093841030216,5.075435735178705,4.932695089537068,4.932695089537068,4.932695089537068
ASIA_STAN,End_Use_Transport_MC_LLF,,,,,,,,2.4473002542655964,2.4473002542655964,2.4473002542655964,2.4473002542655964,2.4473002542655964,2.4473002542655964
ASIA_STAN,End_Use_Transport_NatGas,,,,,,,,1.0,1.0,1.0,1.0,1.0,1.0
ASIA_STAN,End_Use_Transport_OFF_HLF,,,,,,,,1.068324665245978,1.068324665245978,1.068324665245978,1.068324665245978,1.068324665245978,1.068324665245978
ASIA_STAN,Power_Gen_Bio_Trad_New,,,,,,,,31.865665929030094,31.865665929030094,31.865665929030094,31.865665929030094,31.865665929030094,31.865665929030094
ASIA_STAN,Power_Gen_Bio_Trad_Old,,,,,,,,39.936822796608816,39.936822796608816,39.936822796608816,39.936822796608816,,
ASIA_STAN,Power_Gen_Coal_New,,,,,,,,1.3734996968489954,1.3734996968489954,1.3734996968489954,1.3734996968489954,1.3734996968489954,1.3734996968489954
ASIA_STAN,Power_Gen_Coal_Old,,,,,,,,1.3734996968489954,,,,,
ASIA_STAN,Power_Gen_HLF,,,,,,,,4.267571174693654,4.347366059065723,4.475050488728379,4.515807041602227,4.936639955106779,4.936639955106779
ASIA_STAN,Power_Gen_NatGas,,,,,,,,1.1111111111111112,1.1111111111111112,1.1111111111111112,1.1111111111111112,1.1111111111111112,1.1111111111111112
ASIA_STAN,Unattributed,,,,,,,,5.725981551061492,5.703827720498175,5.67482787084138,5.647952831540984,5.623976828607177,5.60245843812427
ASIA_STAN,Unattributed,,,,,,,,5.725981551061492,5.703827720498175,5.67482787084138,5.647952831540984,5.623976828607177,5.60245843812427
ASIA_STAN,Waste_Water_Municipal,,,,,,,,3.4556178233043005,3.4556178233043005,3.4556178233043005,3.4556178233043005,3.4556178233043005,3.4556178233043005
ASIA_STAN,Waste_Water_Municipal,,,,,,,,3.4556178233043005,3.4556178233043005,3.4556178233043005,3.4556178233043005,3.4556178233043005,3.4556178233043005
BRAZ_WHOL,AACID,,,,,,,,5.0,5.0,5.0,5.0,5.0,5.0
BRAZ_WHOL,End_Use_Industry_Bio_Trad,,,,,,,,12.043064245059156,12.043064245059156,12.043064245059156,12.043064245059156,12.043064245059156,12.043064245059156
BRAZ_WHOL,End_Use_Industry_Coal,,,,,,,,3.22153178683096,3.282313853141441,3.3423964973779317,3.357418196221501,3.320339906246261,3.3050544085356313
BRAZ_WHOL,End_Use_Industry_HLF,,,,,,,,1.1630634315411172,1.1630634315411172,1.1630634315411172,1.1630634315411172,1.1630634315411172,1.1630634315411172
BRAZ_WHOL,End_Use_Industry_LLF,,,,,,,,1.1630634315411172,1.1630634315411172,1.1630634315411172,1.1630634315411172,1.1630634315411172,1.1630634315411172
BRAZ_WHOL,End_Use_Industry_NatGas,,,,,,,,1.0,1.0,1.0,1.0,1.0,1.0
BRAZ_WHOL,End_Use_Residential_Bio_Trad_Cook,,,,,,,,2.131269128140425,2.131269128140425,2.131269128140425,2.131269128140425,2.131269128140425,2.131269128140425
BRAZ_WHOL,End_Use_Residential_HLF,,,,,,,,1.352447930754666,1.352447930754666,1.352447930754666,1.352447930754666,1.352447930754666,1.352447930754666
BRAZ_WHOL,End_Use_Residential_LLF,,,,,,,,1.7936833708161763,1.7936833708161763,1.7936833708161763,1.7936833708161763,1.7936833708161763,1.7936833708161763
BRAZ_WHOL,End_Use_Residential_NatGas,,,,,,,,1.1111111111111112,1.1111111111111112,1.1111111111111112,1.1111111111111112,1.1111111111111112,1.1111111111111112
BRAZ_WHOL,End_Use_Transport_AGR_HLF,,,,,,,,1.0,1.0,1.0,1.0,1.0,1.0
BRAZ_WHOL,End_Use_Transport_HDT_HLF,,,,,,,,10.002668675132428,11.057260787306134,11.39348442639788,11.51916675549895,11.51916675549895,11.51916675549895
BRAZ_WHOL,End_Use_Transport_HDT_LLF,,,,,,,,1.0,1.0,1.0,1.0,1.0,1.0
BRAZ_WHOL,End_Use_Transport_LDT_HLF,,,,,,,,6.207161379951512,6.785706475144508,7.254620018909517,7.742436346419688,7.82084203911464,7.978168802880038
BRAZ_WHOL,End_Use_Transport_LDT_LLF,,,,,,,,4.955519087496024,4.877023131525358,4.863155763333066,4.860109220177886,4.860125593817744,4.860012328726183
BRAZ_WHOL,End_Use_Transport_MC_LLF,,,,,,,,2.4473002542655964,2.4473002542655964,2.4473002542655964,2.4473002542655964,2.4473002542655964,2.4473002542655964
BRAZ_WHOL,End_Use_Transport_NatGas,,,,,,,,1.0,1.0,1.0,1.0,1.0,1.0
BRAZ_WHOL,End_Use_Transport_OFF_HLF,,,,,,,,1.068324665245978,1.068324665245978,1.068324665245978,1.068324665245978,1.068324665245978,1.068324665245978
BRAZ_WHOL,End_Use_Transport_OFF_LLF,,,,,,,,1.2268028549223189,1.2268028549223189,1.2268028549223189,1.2268028549223189,1.2268028549223189,1.2268028549223189
BRAZ_WHOL,NACID,,,,,,,,1.000000033508773,1.000000033508773,1.000000033508773,1.000000033508773,1.000000033508773,1.000000033508773
BRAZ_WHOL,Power_Gen_Bio_Trad_New,,,,,,,,31.865665929030094,31.865665929030094,31.865665929030094,31.865665929030094,31.865665929030094,31.865665929030094
BRAZ_WHOL,Power_Gen_Bio_Trad_Old,,,,,,,,39.936822796608816,39.936822796608816,39.936822796608816,39.936822796608816,39.936822796608816,39.936822796608816
BRAZ_WHOL,Power_Gen_Coal_New,,,,,,,,1.3734996968489954,1.3734996968489954,1.3734996968489954,1.3734996968489954,1.3734996968489954,1.3734996968489954
BRAZ_WHOL,Power_Gen_Coal_Old,,,,,,,,1.3734996968489954,1.3734996968489954,1.3734996968489954,1.3734996968489954,,
BRAZ_WHOL,Power_Gen_HLF,,,,,,,,1.6848458227445005,1.6817693816594772,1.683265059322401,1.685347566126938,1.6869770480317816,1.688698344342431
BRAZ_WHOL,Power_Gen_LLF,,,,,,,,1.6618565153084681,1.6618565153084681,1.6618565153084681,1.6618565153084681,1.6618565153084681,1.6618565153084681
BRAZ_WHOL,Power_Gen_NatGas,,,,,,,,1.1111111111111112,1.1111111111111112,1.1111111111111112,1.1111111111111112,1.1111111111111112,1.1111111111111112
BRAZ_WHOL,Unattributed,,,,,,,,5.310494344332829,5.296844371600341,5.289199795652279,5.292477614184296,5.271542377364188,5.263187704671977
BRAZ_WHOL,Unattributed,,,,,,,,5.310494344332829,5.296844371600341,5.289199795652279,5.292477614184296,5.271542377364188,5.263187704671977
BRAZ_WHOL,Waste_Water_Municipal,,,,,,,,3.4556178233043005,3.4556178233043005,3.4556178233043005,3.4556178233043005,3.4556178233043005,3.4556178233043005
BRAZ_WHOL,Waste_Water_Municipal,,,,,,,,3.4556178233043005,3.4556178233043005,3.4556178233043005,3.4556178233043005,3.4556178233043005,3.4556178233043005
CANA_WHOL,End_Use_Industry_Bio_Trad,,,,,,,,3.862048123803121,3.8620481230111894,3.862048122196229,3.862048122191118,3.862048122178345,3.862048122167811
CANA_WHOL,End_Use_Industry_Coal,,,,,,,,1.0,1.035962922771448,1.0989323456124493,1.2113691148451688,1.2514734368186131,1.2892005426515476
CANA_WHOL,End_Use_Industry_HLF,,,,,,,,2.7584588634156457,2.7584588634156457,2.7584588634156457,2.7584588634156457,2.7584588634156457,2.7584588634156457
CANA_WHOL,End_Use_Industry_LLF,,,,,,,,2.7584588634156457,2.7584588634156457,2.7584588634156457,2.7584588634156457,2.7584588634156457,2.7584588634156457
CANA_WHOL,End_Use_Industry_NatGas,,,,,,,,10.77071,10.77071,10.77071,10.77071,10.77071,10.77071
CANA_WHOL,End_Use_Residential_Bio_Trad_Cook,,,,,,,,4.72708619278608,4.72708619278608,4.72708619278608,4.72708619278608,4.72708619278608,4.72708619278608
CANA_WHOL,End_Use_Residential_Coal_Heat,,,,,,,,1.41060375,1.41060375,1.41060375,,,
CANA_WHOL,End_Use_Residential_HLF,,,,,,,,1.6474168244522585,1.6474168244522585,1.6474168244522585,1.6474168244522585,1.6474168244522585,1.6474168244522585
CANA_WHOL,End_Use_Residential_LLF,,,,,,,,2.1848857139911844,2.1848857139911844,2.1848857139911844,2.1848857139911844,2.1848857139911844,2.1848857139911844
CANA_WHOL,End_Use_Residential_NatGas,,,,,,,,11.566766666666666,11.566766666666666,11.566766666666666,11.566766666666666,11.566766666666666,11.566766666666666
CANA_WHOL,End_Use_Transport_AGR_HLF,,,,,,,,1.0,1.0,1.0,1.0,1.0,1.0
CANA_WHOL,End_Use_Transport_HDT_HLF,,,,,,,,13.66594651529748,14.225203524794956,14.225203524794956,14.225203524794956,14.225203524794956,14.225203524794956
CANA_WHOL,End_Use_Transport_HDT_LLF,,,,,,,,7.451190670178027,7.440682510511097,7.44238903028821,7.443541102101133,7.445745962836744,7.447194699083989
CANA_WHOL,End_Use_Transport_LDT_HLF,,,,,,,,15.023081431770038,16.60821358972835,16.60821358972835,16.60821358972835,16.60821358972835,16.60821358972835
CANA_WHOL,End_Use_Transport_LDT_LLF,,,,,,,,7.254071125050632,7.26529709160519,7.262110684172714,7.259372362701499,7.260418834477496,7.261385245155585
CANA_WHOL,End_Use_Transport_MC_LLF,,,,,,,,3.6127432896230345,3.6127432896230345,3.6127432896230345,3.6127432896230345,3.6127432896230345,3.6127432896230345
CANA_WHOL,End_Use_Transport_NatGas,,,,,,,,1.0,1.0,1.0,1.0,1.0,1.0
CANA_WHOL,End_Use_Transport_OFF_HLF,,,,,,,,6.433754284768864,6.64401992394608,6.748670169403623,6.817127156152565,6.923278203833809,7.03903462400064
CANA_WHOL,End_Use_Transport_OFF_LLF,,,,,,,,1.2268028549223189,1.2268028549223189,1.2268028549223189,1.2268028549223189,1.2268028549223189,1.2268028549223189
CANA_WHOL,NACID,,,,,,,,1.0,1.0,1.0,1.0,1.0,1.0
CANA_WHOL,Power_Gen_Bio_Trad_New,,,,,,,,1.0,1.1950208736399357,1.2247307734002837,1.1991918293523591,1.1381929603805323,1.1120792623996103
CANA_WHOL,Power_Gen_Bio_Trad_Old,,,,,,,,1.0,0.9984205699152204,0.9984205699152204,0.9984205699152204,,
CANA_WHOL,Power_Gen_Coal_IGCC_CCS,,,,,,,,1.0,1.0,1.0,1.0,1.0,1.0
CANA_WHOL,Power_Gen_Coal_New,,,,,,,,1.4647991649121843,1.4647991649121843,1.4647991649121843,1.4647991649121843,1.4647991649121843,1.4647991649121843
CANA_WHOL,Power_Gen_Coal_Old,,,,,,,,1.4647991649121843,,,,,
CANA_WHOL,Power_Gen_HLF,,,,,,,,7.386594802880736,7.101219597710991,6.868278909215384,6.881689621431852,6.883186119819916,6.886131495855308
CANA_WHOL,Power_Gen_LLF,,,,,,,,6.90896903961312,6.90896903961312,6.90896903961312,6.90896903961312,6.90896903961312,6.90896903961312
CANA_WHOL,Power_Gen_NatGas,,,,,,,,12.979544444444445,12.979544444444445,12.979544444444445,12.979544444444445,12.979544444444445,12.979544444444445
CANA_WHOL,Unattributed,,,,,,,,6.332559365126979,6.280872752180263,6.236764212338454,6.187614740535572,6.1375345272813195,6.088002106317848
CANA_WHOL,Unattributed,,,,,,,,6.332559365126979,6.280872752180263,6.236764212338454,6.187614740535572,6.1375345272813195,6.088002106317848
CANA_WHOL,Waste_Water_Municipal,,,,,,,,2.3153380341254457,2.3153380341254457,2.3153380341254457,2.3153380341254457,2.3153380341254457,2.3153380341254457
CANA_WHOL,Waste_Water_Municipal,,,,,,,,2.3153380341254457,2.3153380341254457,2.3153380341254457,2.3153380341254457,2.3153380341254457,2.3153380341254457
CEAM_REST,End_Use_Industry_Bio_Trad,,,,,,,,12.043064245059156,12.043064245059156,12.043064245059156,12.043064245059156,12.043064245059156,12.043064245059156
CEAM_REST,End_Use_Industry_Coal,,,,,,,,3.793311872006429,3.9095441822808654,4.045938645175135,3.9855096343459167,3.869617470601826,3.817112428863055
CEAM_REST,End_Use_Industry_HLF,,,,,,,,1.1630634315411172,1.1630634315411172,1.1630634315411172,1.1630634315411172,1.1630634315411172,1.1630634315411172
CEAM_REST,End_Use_Industry_LLF,,,,,,,,1.1630634315411172,1.1630634315411172,1.1630634315411172,1.1630634315411172,1.1630634315411172,1.1630634315411172
CEAM_REST,End_Use_Industry_NatGas,,,,,,,,1.0,1.0,1.0,1.0,1.0,1.0
CEAM_REST,End_Use_Residential_Bio_Trad_Cook,,,,,,,,2.131269128140425,2.131269128140425,2.131269128140425,2.131269128140425,2.131269128140425,2.131269128140425
CEAM_REST,End_Use_Residential_HLF,,,,,,,,1.352447930754666,1.352447930754666,1.352447930754666,1.352447930754666,1.352447930754666,1.352447930754666
CEAM_REST,End_Use_Residential_LLF,,,,,,,,1.7936833708161763,1.7936833708161763,1.7936833708161763,1.7936833708161763,1.7936833708161763,1.7936833708161763
CEAM_REST,End_Use_Residential_NatGas,,,,,,,,1.1111111111111112,1.1111111111111112,1.1111111111111112,1.1111111111111112,1.1111111111111112,1.1111111111111112
CEAM_REST,End_Use_Transport_AGR_HLF,,,,,,,,1.0,1.0,1.0,1.0,1.0,1.0
CEAM_REST,End_Use_Transport_HDT_HLF,,,,,,,,4.066044064282309,6.33860418511624,8.94135352532339,11.51916675549895,11.51916675549895,11.51916675549895
CEAM_REST,End_Use_Transport_HDT_LLF,,,,,,,,1.0,1.0,1.0,1.0,1.0,1.0
CEAM_REST,End_Use_Transport_LDT_HLF,,,,,,,,3.372244590405403,5.020689883435254,6.896260268979741,8.822564861470045,9.168210039478977,9.516380494309969
CEAM_REST,End_Use_Transport_LDT_LLF,,,,,,,,11.742110238382116,9.774492170261361,7.353316268573948,4.932131228029172,4.932135269260167,4.932139168057306
CEAM_REST,End_Use_Transport_MC_LLF,,,,,,,,2.4473002542655964,2.4473002542655964,2.4473002542655964,2.4473002542655964,2.4473002542655964,2.4473002542655964
CEAM_REST,End_Use_Transport_NatGas,,,,,,,,1.0,1.0,1.0,1.0,1.0,1.0
CEAM_REST,End_Use_Transport_OFF_HLF,,,,,,,,1.068324665245978,1.068324665245978,1.068324665245978,1.068324665245978,1.068324665245978,1.068324665245978
CEAM_REST,End_Use_Transport_OFF_LLF,,,,,,,,1.2268028549223189,1.2268028549223189,1.2268028549223189,1.2268028549223189,1.2268028549223189,1.2268028549223189
CEAM_REST,NACID,,,,,,,,1.000000033508773,1.000000033508773,1.000000033508773,1.000000033508773,1.000000033508773,1.000000033508773
CEAM_REST,Power_Gen_Bio_Trad_New,,,,,,,,31.865665929030094,31.865665929030094,31.865665929030094,31.865665929030094,31.865665929030094,31.865665929030094
CEAM_REST,Power_Gen_Bio_Trad_Old,,,,,,,,39.936822796608816,39.936822796608816,39.936822796608816,39.936822796608816,,
CEAM_REST,Power_Gen_Coal_New,,,,,,,,1.3734996968489954,1.3734996968489954,1.3734996968489954,1.3734996968489954,1.3734996968489954,1.3734996968489954
CEAM_REST,Power_Gen_Coal_Old,,,,,,,,1.3734996968489954,1.3734996968489954,1.3734996968489954,1.3734996968489954,1.3734996968489954,1.3734996968489954
CEAM_REST,Power_Gen_HLF,,,,,,,,1.9387772278571327,1.9484384493577,1.918115554299408,1.877116036593484,1.8569869573165267,1.7677067660837935
CEAM_REST,Power_Gen_LLF,,,,,,,,1.6618565153084681,1.6618565153084681,1.6618565153084681,1.6618565153084681,1.6618565153084681,1.6618565153084681
CEAM_REST,Power_Gen_NatGas,,,,,,,,1.1111111111111112,1.1111111111111112,1.1111111111111112,1.1111111111111112,1.1111111111111112,1.1111111111111112
CEAM_REST,Unattributed,,,,,,,,4.859887410367315,4.849993977661932,4.8269023067816095,4.803581577662469,4.780238152720249,4.7662938903420455
CEAM_REST,Unattributed,,,,,,,,4.859887410367315,4.849993977661932,4.8269023067816095,4.803581577662469,4.780238152720249,4.7662938903420455
CEAM_REST,Waste_Water_Municipal,,,,,,,,3.4556178233043005,3.4556178233043005,3.4556178233043005,3.4556178233043005,3.4556178233043005,3.4556178233043005
CEAM_REST,Waste_Water_Municipal,,,,,,,,3.4556178233043005,3.4556178233043005,3.4556178233043005,3.4556178233043005,3.4556178233043005,3.4556178233043005
CENT_EURO,End_Use_Industry_Bio_Trad,,,,,,,,12.043064245059156,12.043064245059156,12.043064245059156,12.043064245059156,12.043064245059156,12.043064245059156
CENT_EURO,End_Use_Industry_Coal,,,,,,,,1.8526785313393583,1.896359118469669,2.089576946561978,1.9912420468805887,1.8669966986226807,1.888044080964472
CENT_EURO,End_Use_Industry_HLF,,,,,,,,1.1630634315411172,1.1630634315411172,1.1630634315411172,1.1630634315411172,1.1630634315411172,1.1630634315411172
CENT_EURO,End_Use_Industry_LLF,,,,,,,,1.1630634315411172,1.1630634315411172,1.1630634315411172,1.1630634315411172,1.1630634315411172,1.1630634315411172
CENT_EURO,End_Use_Industry_NatGas,,,,,,,,11.907588686582297,14.073071956623329,8.352706582030416,3.565768747097037,3.2763269167723514,3.029609635556532
CENT_EURO,End_Use_Residential_Bio_Trad_Cook,,,,,,,,2.131269128140425,2.131269128140425,2.131269128140425,2.131269128140425,2.131269128140425,2.131269128140425
CENT_EURO,End_Use_Residential_Coal_Heat,,,,,,,,1.75,1.75,1.75,1.75,1.75,1.75
CENT_EURO,End_Use_Residential_HLF,,,,,,,,1.352447930754666,1.352447930754666,1.352447930754666,1.352447930754666,1.352447930754666,1.352447930754666
CENT_EURO,End_Use_Residential_LLF,,,,,,,,1.7936833708161763,1.7936833708161763,1.7936833708161763,1.7936833708161763,1.7936833708161763,1.7936833708161763
CENT_EURO,End_Use_Residential_NatGas,,,,,,,,1.1111111111111112,1.1111111111111112,1.1111111111111112,1.1111111111111112,1.1111111111111112,1.1111111111111112
CENT_EURO,End_Use_Transport_AGR_HLF,,,,,,,,1.0,1.0,1.0,1.0,1.0,1.0
CENT_EURO,End_Use_Transport_HDT_HLF,,,,,,,,12.724470409451959,14.796590640446498,15.37964163027972,15.565146048120251,15.583016336970354,15.60024183700994
CENT_EURO,End_Use_Transport_HDT_LLF,,,,,,,,4.379624288696857,4.372501277903844,4.417416857460428,4.418366994292853,4.41897691930687,4.419450397706697
CENT_EURO,End_Use_Transport_LDT_HLF,,,,,,,,6.338578280718647,6.73720435743678,7.015038927762089,7.081447973440634,7.08748484967881,7.145516505941039
CENT_EURO,End_Use_Transport_LDT_LLF,,,,,,,,1.0,0.8478643239230483,0.8196996403790423,0.8297096219363109,0.8602874207604743,0.8929514963206696
CENT_EURO,End_Use_Transport_MC_LLF,,,,,,,,1.0,1.005108132994349,0.9991446455561336,0.9985365986315126,0.997794220388529,0.996717579299646
CENT_EURO,End_Use_Transport_NatGas,,,,,,,,18.086544539524823,19.35258895378034,19.597867701493698,19.637951659670858,19.79250524855639,19.8999445494992
CENT_EURO,End_Use_Transport_OFF_HLF,,,,,,,,1.0021062954362732,0.9938476793806028,0.9883435842342506,0.9815160580466133,0.9659930382053435,0.948031303052986
CENT_EURO,End_Use_Transport_OFF_LLF,,,,,,,,1.0,0.9281884036364704,0.8458836744259738,0.7614478367681439,0.6568136926704258,0.5600424066941352
CENT_EURO,NACID,,,,,,,,1.000000033508773,1.000000033508773,1.000000033508773,1.000000033508773,1.000000033508773,1.000000033508773
CENT_EURO,Power_Gen_Bio_Trad_New,,,,,,,,31.865665929030094,31.865665929030094,31.865665929030094,31.865665929030094,31.865665929030094,31.865665929030094
CENT_EURO,Power_Gen_Bio_Trad_Old,,,,,,,,39.936822796608816,39.936822796608816,39.936822796608816,39.936822796608816,39.936822796608816,39.936822796608816
CENT_EURO,Power_Gen_Coal_IGCC_CCS,,,,,,,,1.0,1.0,1.0,1.0,1.0,1.0
CENT_EURO,Power_Gen_Coal_New,,,,,,,,1.3734996968489954,1.3734996968489954,1.3734996968489954,1.3734996968489954,1.3734996968489954,1.3734996968489954
CENT_EURO,Power_Gen_Coal_Old,,,,,,,,1.3734996968489954,1.3734996968489954,1.3734996968489954,1.3734996968489954,1.3734996968489954,1.3734996968489954
CENT_EURO,Power_Gen_HLF,,,,,,,,1.6565585524295434,1.6581450359160903,1.660545064679008,1.6916869847136156,1.72592569339443,1.7133813790068513
CENT_EURO,Power_Gen_LLF,,,,,,,,1.6618565153084681,1.6618565153084681,1.6618565153084681,1.6618565153084681,1.6618565153084681,1.6618565153084681
CENT_EURO,Power_Gen_NatGas,,,,,,,,1.1111111111111112,1.1111111111111112,1.1111111111111112,1.1111111111111112,1.1111111111111112,1.1111111111111112
CENT_EURO,Unattributed,,,,,,,,6.654071802257893,6.556104189730976,6.47178375869284,6.372059805954145,6.272446141017864,6.188132328294282
CENT_EURO,Unattributed,,,,,,,,6.654071802257893,6.556104189730976,6.47178375869284,6.372059805954145,6.272446141017864,6.188132328294282
CENT_EURO,Waste_Water_Municipal,,,,,,,,3.4556178233043005,3.4556178233043005,3.4556178233043005,3.4556178233043005,3.4556178233043005,3.4556178233043005
CENT_EURO,Waste_Water_Municipal,,,,,,,,3.4556178233043005,3.4556178233043005,3.4556178233043005,3.4556178233043005,3.4556178233043005,3.4556178233043005
CHIN_PLUS,AACID,,,,,,,,61.07638887699766,61.07638896443007,61.07638885629912,61.076388895111855,61.0763888499802,61.076388905449
CHIN_PLUS,End_Use_Industry_Bio_Trad,,,,,,,,12.043064245059156,12.043064245059156,12.043064245059156,12.043064245059156,12.043064245059156,12.043064245059156
CHIN_PLUS,End_Use_Industry_Coal,,,,,,,,2.437436747228449,2.93505280440434,2.993659565987069,3.036172661202108,3.0786488347592194,3.122411552583016
CHIN_PLUS,End_Use_Industry_HLF,,,,,,,,1.1630634315411172,1.1630634315411172,1.1630634315411172,1.1630634315411172,1.1630634315411172,1.1630634315411172
CHIN_PLUS,End_Use_Industry_LLF,,,,,,,,1.1630634315411172,1.1630634315411172,1.1630634315411172,1.1630634315411172,1.1630634315411172,1.1630634315411172
CHIN_PLUS,End_Use_Industry_NatGas,,,,,,,,1.0,1.0,1.0,1.0,1.0,1.0
CHIN_PLUS,End_Use_Residential_Bio_Mod,,,,,,,,1.0,1.0,1.0,1.0,1.0,1.0
CHIN_PLUS,End_Use_Residential_Bio_Trad_Cook,,,,,,,,2.131269128140425,2.131269128140425,2.131269128140425,2.131269128140425,2.131269128140425,2.131269128140425
CHIN_PLUS,End_Use_Residential_Coal_Heat,,,,,,,,1.75,1.75,1.75,1.75,1.75,1.75
CHIN_PLUS,End_Use_Residential_HLF,,,,,,,,1.352447930754666,1.352447930754666,1.352447930754666,1.352447930754666,1.352447930754666,1.352447930754666
CHIN_PLUS,End_Use_Residential_LLF,,,,,,,,1.7936833708161763,1.7936833708161763,1.7936833708161763,1.7936833708161763,1.7936833708161763,1.7936833708161763
CHIN_PLUS,End_Use_Residential_NatGas,,,,,,,,1.1111111111111112,1.1111111111111112,1.1111111111111112,1.1111111111111112,1.1111111111111112,1.1111111111111112
CHIN_PLUS,End_Use_Transport_AGR_HLF,,,,,,,,1.0,1.0,1.0,1.0,1.0,1.0
CHIN_PLUS,End_Use_Transport_HDT_HLF,,,,,,,,10.655925992341269,11.352563283384036,11.499705946202855,11.51916675549895,11.51916675549895,11.51916675549895
CHIN_PLUS,End_Use_Transport_HDT_LLF,,,,,,,,5.00457510115609,5.024006919204804,5.008978875126929,4.955603731160911,4.8924898011022,4.8182575333045925
CHIN_PLUS,End_Use_Transport_LDT_HLF,,,,,,,,10.606304422990227,12.49110247645932,12.685058806351828,12.561370603519965,12.538404494401004,12.498274857901505
CHIN_PLUS,End_Use_Transport_LDT_LLF,,,,,,,,4.975051938431694,4.938799329006089,4.937136843513225,4.930277541660032,4.929766768291805,4.929227071943245
CHIN_PLUS,End_Use_Transport_MC_LLF,,,,,,,,2.4473002542655964,2.4473002542655964,2.4473002542655964,2.4473002542655964,2.4473002542655964,2.4473002542655964
CHIN_PLUS,End_Use_Transport_NatGas,,,,,,,,1.0,1.0,1.0,1.0,1.0,1.0
CHIN_PLUS,End_Use_Transport_OFF_HLF,,,,,,,,1.068324665245978,1.068324665245978,1.068324665245978,1.068324665245978,1.068324665245978,1.068324665245978
CHIN_PLUS,End_Use_Transport_OFF_LLF,,,,,,,,1.2268028549223189,1.2268028549223189,1.2268028549223189,1.2268028549223189,1.2268028549223189,1.2268028549223189
CHIN_PLUS,NACID,,,,,,,,1.000000033508773,1.000000033508773,1.000000033508773,1.000000033508773,1.000000033508773,1.000000033508773
CHIN_PLUS,Power_Gen_Bio_Trad_New,,,,,,,,31.865665929030094,31.865665929030094,31.865665929030094,31.865665929030094,31.865665929030094,31.865665929030094
CHIN_PLUS,Power_Gen_Bio_Trad_Old,,,,,,,,39.936822796608816,39.936822796608816,39.936822796608816,39.936822796608816,39.936822796608816,39.936822796608816
CHIN_PLUS,Power_Gen_Coal_IGCC_CCS,,,,,,,,1.0,1.0,1.0,1.0,1.0,1.0
CHIN_PLUS,Power_Gen_Coal_New,,,,,,,,1.3734996968489954,1.3734996968489954,1.3734996968489954,1.3734996968489954,1.3734996968489954,1.3734996968489954
CHIN_PLUS,Power_Gen_Coal_Old,,,,,,,,1.3734996968489954,1.3734996968489954,2.3658404745324995,1.3734996968489954,1.3734996968489954,1.3734996968489954
CHIN_PLUS,Power_Gen_HLF,,,,,,,,1.889945755724617,1.9025588633671335,1.900698373478671,1.912431587277916,1.8819440715450997,1.81593136523794
CHIN_PLUS,Power_Gen_LLF,,,,,,,,1.6618565153084681,1.6618565153084681,1.6618565153084681,1.6618565153084681,1.6618565153084681,1.6618565153084681
CHIN_PLUS,Power_Gen_NatGas,,,,,,,,1.1111111111111112,1.1111111111111112,1.1111111111111112,1.1111111111111112,1.1111111111111112,1.1111111111111112
CHIN_PLUS,Unattributed,,,,,,,,4.22883829013533,4.1928958113483095,4.181234543457022,4.167936918094345,4.153706820375019,4.138883333589569
CHIN_PLUS,Unattributed,,,,,,,,4.22883829013533,4.1928958113483095,4.181234543457022,4.167936918094345,4.153706820375019,4.138883333589569
CHIN_PLUS,Waste_Water_Municipal,,,,,,,,3.4556178233043005,3.4556178233043005,3.4556178233043005,3.4556178233043005,3.4556178233043005,3.4556178233043005
CHIN_PLUS,Waste_Water_Municipal,,,,,,,,3.4556178233043005,3.4556178233043005,3.4556178233043005,3.4556178233043005,3.4556178233043005,3.4556178233043005
INDI_WHOL,End_Use_Industry_Bio_Trad,,,,,,,,12.043064245059156,12.043064245059156,12.043064245059156,12.043064245059156,12.043064245059156,12.043064245059156
INDI_WHOL,End_Use_Industry_Coal,,,,,,,,2.981075906742132,2.7827647777639437,2.6652635472966386,2.5186313612722184,2.4371437327272343,2.391159929573071
INDI_WHOL,End_Use_Industry_HLF,,,,,,,,1.1630634315411172,1.1630634315411172,1.1630634315411172,1.1630634315411172,1.1630634315411172,1.1630634315411172
INDI_WHOL,End_Use_Industry_LLF,,,,,,,,1.1630634315411172,1.1630634315411172,1.1630634315411172,1.1630634315411172,1.1630634315411172,1.1630634315411172
INDI_WHOL,End_Use_Industry_NatGas,,,,,,,,1.0,1.0,1.0,1.0,1.0,1.0
INDI_WHOL,End_Use_Residential_Bio_Trad_Cook,,,,,,,,2.131269128140425,2.131269128140425,2.131269128140425,2.131269128140425,2.131269128140425,2.131269128140425
INDI_WHOL,End_Use_Residential_Coal_Heat,,,,,,,,1.75,1.75,1.75,1.75,1.75,1.75
INDI_WHOL,End_Use_Residential_HLF,,,,,,,,1.352447930754666,1.352447930754666,1.352447930754666,1.352447930754666,1.352447930754666,1.352447930754666
INDI_WHOL,End_Use_Residential_LLF,,,,,,,,1.7306784833849012,1.7815567608104284,1.7925075708630438,1.7936180562580895,1.7936764387650364,1.793682851839936
INDI_WHOL,End_Use_Residential_NatGas,,,,,,,,1.1111111111111112,1.1111111111111112,1.1111111111111112,1.1111111111111112,1.1111111111111112,1.1111111111111112
INDI_WHOL,End_Use_Transport_AGR_HLF,,,,,,,,1.0,1.0,1.0,1.0,1.0,1.0
INDI_WHOL,End_Use_Transport_HDT_HLF,,,,,,,,9.40446742481173,10.82961970869101,11.360434282708548,11.51916675549895,11.51916675549895,11.51916675549895
INDI_WHOL,End_Use_Transport_HDT_LLF,,,,,,,,1.0,1.0,1.0,1.0,1.0,1.0
INDI_WHOL,End_Use_Transport_LDT_HLF,,,,,,,,7.651067312059352,10.819235225598453,12.639764638920196,13.448861397921416,13.448861397921416,13.448861397921416
INDI_WHOL,End_Use_Transport_LDT_LLF,,,,,,,,5.121161552230769,4.809551497526096,4.808219944241708,4.80729756661396,4.806623604999484,4.806121811947216
INDI_WHOL,End_Use_Transport_MC_LLF,,,,,,,,2.4473002542655964,2.4473002542655964,2.4473002542655964,2.4473002542655964,2.4473002542655964,2.4473002542655964
INDI_WHOL,End_Use_Transport_NatGas,,,,,,,,1.543658326160257,1.3787904104122213,1.2795911393070571,1.209730438609825,1.1575770977506563,1.1192144226579814
INDI_WHOL,End_Use_Transport_OFF_HLF,,,,,,,,1.068324665245978,1.068324665245978,1.068324665245978,1.068324665245978,1.068324665245978,1.068324665245978
INDI_WHOL,End_Use_Transport_OFF_LLF,,,,,,,,1.2268028549223189,1.2268028549223189,1.2268028549223189,1.2268028549223189,1.2268028549223189,1.2268028549223189
INDI_WHOL,NACID,,,,,,,,1.000000033508773,1.000000033508773,1.000000033508773,1.000000033508773,1.000000033508773,1.000000033508773
INDI_WHOL,Power_Gen_Bio_Trad_New,,,,,,,,31.865665929030094,31.865665929030094,31.865665929030094,31.865665929030094,31.865665929030094,31.865665929030094
INDI_WHOL,Power_Gen_Bio_Trad_Old,,,,,,,,39.936822796608816,39.936822796608816,39.936822796608816,39.936822796608816,,
INDI_WHOL,Power_Gen_Coal_IGCC_CCS,,,,,,,,1.0,1.0,1.0,1.0,1.0,1.0
INDI_WHOL,Power_Gen_Coal_New,,,,,,,,1.3734996968489954,1.3734996968489954,1.3734996968489954,1.3734996968489954,1.3734996968489954,1.3734996968489954
INDI_WHOL,Power_Gen_Coal_Old,,,,,,,,1.3734996968489954,1.3734996968489954,1.3734996968489954,1.3734996968489954,1.3734996968489954,1.3734996968489954
INDI_WHOL,Power_Gen_HLF,,,,,,,,3.913897458680623,3.812192953890644,3.992714820152076,3.443540416272473,3.367128681416293,3.426470943369433
INDI_WHOL,Power_Gen_LLF,,,,,,,,1.6618565153084681,1.6618565153084681,1.6618565153084681,1.6618565153084681,1.6618565153084681,1.6618565153084681
INDI_WHOL,Power_Gen_NatGas,,,,,,,,1.1111111111111112,1.1111111111111112,1.1111111111111112,1.1111111111111112,1.1111111111111112,1.1111111111111112
INDI_WHOL,Unattributed,,,,,,,,4.929295853919461,4.885073141408953,4.851051655398886,4.8204382704743125,4.7932733663829055,4.769548486417245
INDI_WHOL,Unattributed,,,,,,,,4.929295853919461,4.885073141408953,4.851051655398886,4.8204382704743125,4.7932733663829055,4.769548486417245
INDI_WHOL,Waste_Water_Municipal,,,,,,,,3.4556178233043005,3.4556178233043005,3.4556178233043005,3.4556178233043005,3.4556178233043005,3.4556178233043005
INDI_WHOL,Waste_Water_Municipal,,,,,,,,3.4556178233043005,3.4556178233043005,3.4556178233043005,3.4556178233043005,3.4556178233043005,3.4556178233043005
INDO_PLUS,End_Use_Industry_Bio_Trad,,,,,,,,12.043064245059156,12.043064245059156,12.043064245059156,12.043064245059156,12.043064245059156,12.043064245059156
INDO_PLUS,End_Use_Industry_Coal,,,,,,,,2.5547258481656643,2.5194526971993927,2.495616521460108,2.4699011802650848,2.4407541412051525,2.4112281979038777
INDO_PLUS,End_Use_Industry_HLF,,,,,,,,1.1630634315411172,1.1630634315411172,1.1630634315411172,1.1630634315411172,1.1630634315411172,1.1630634315411172
INDO_PLUS,End_Use_Industry_LLF,,,,,,,,1.1630634315411172,1.1630634315411172,1.1630634315411172,1.1630634315411172,1.1630634315411172,1.1630634315411172
INDO_PLUS,End_Use_Industry_NatGas,,,,,,,,1.0,1.0,1.0,1.0,1.0,1.0
INDO_PLUS,End_Use_Residential_Bio_Trad_Cook,,,,,,,,2.131269128140425,2.131269128140425,2.131269128140425,2.131269128140425,2.131269128140425,2.131269128140425
INDO_PLUS,End_Use_Residential_HLF,,,,,,,,1.352447930754666,1.352447930754666,1.352447930754666,1.352447930754666,1.352447930754666,1.352447930754666
INDO_PLUS,End_Use_Residential_LLF,,,,,,,,1.7566618945059167,1.7763893724078772,1.787660328025444,1.7921378534556172,1.7933979135359168,1.793645839258427
INDO_PLUS,End_Use_Residential_NatGas,,,,,,,,1.1111111111111112,1.1111111111111112,1.1111111111111112,1.1111111111111112,1.1111111111111112,1.1111111111111112
INDO_PLUS,End_Use_Transport_AGR_HLF,,,,,,,,1.0,1.0,1.0,1.0,1.0,1.0
INDO_PLUS,End_Use_Transport_HDT_HLF,,,,,,,,4.416042080056128,6.491640698621381,8.947312719625206,11.51916675549895,11.51916675549895,11.51916675549895
INDO_PLUS,End_Use_Transport_HDT_LLF,,,,,,,,1.0,1.0,1.0,1.0,1.0,1.0
INDO_PLUS,End_Use_Transport_LDT_HLF,,,,,,,,6.295697199126444,7.0593753419617356,6.521901729480342,5.497678175784737,5.7553373879270815,6.0779214369321295
INDO_PLUS,End_Use_Transport_LDT_LLF,,,,,,,,4.609827774585551,4.915500344929463,4.932695089537068,4.932695089537068,4.932695089537068,4.932695089537068
INDO_PLUS,End_Use_Transport_MC_LLF,,,,,,,,2.4473002542655964,2.4473002542655964,2.4473002542655964,2.4473002542655964,2.4473002542655964,2.4473002542655964
INDO_PLUS,End_Use_Transport_NatGas,,,,,,,,1.0,1.0,1.0,1.0,1.0,1.0
INDO_PLUS,End_Use_Transport_OFF_HLF,,,,,,,,1.068324665245978,1.068324665245978,1.068324665245978,1.068324665245978,1.068324665245978,1.068324665245978
INDO_PLUS,End_Use_Transport_OFF_LLF,,,,,,,,1.2268028549223189,1.2268028549223189,1.2268028549223189,1.2268028549223189,1.2268028549223189,1.2268028549223189
INDO_PLUS,NACID,,,,,,,,1.000000033508773,1.000000033508773,1.000000033508773,1.000000033508773,1.000000033508773,1.000000033508773
INDO_PLUS,Power_Gen_Bio_Trad_New,,,,,,,,31.865665929030094,31.865665929030094,31.865665929030094,31.865665929030094,31.865665929030094,31.865665929030094
INDO_PLUS,Power_Gen_Bio_Trad_Old,,,,,,,,39.936822796608816,39.936822796608816,39.936822796608816,39.936822796608816,,
INDO_PLUS,Power_Gen_Coal_IGCC_CCS,,,,,,,,1.0,1.0,1.0,1.0,1.0,1.0
INDO_PLUS,Power_Gen_Coal_New,,,,,,,,1.3734996968489954,1.3734996968489954,1.3734996968489954,1.3734996968489954,1.3734996968489954,1.3734996968489954
INDO_PLUS,Power_Gen_Coal_Old,,,,,,,,1.3734996968489954,,,,,
INDO_PLUS,Power_Gen_HLF,,,,,,,,2.716865857668436,2.8493956267660514,2.927436138468778,2.8623245724656607,3.273978402068853,2.9080567202442578
INDO_PLUS,Power_Gen_LLF,,,,,,,,1.6618565153084681,1.6618565153084681,1.6618565153084681,1.6618565153084681,1.6618565153084681,1.6618565153084681
INDO_PLUS,Power_Gen_NatGas,,,,,,,,1.1111111111111112,1.1111111111111112,1.1111111111111112,1.1111111111111112,1.1111111111111112,1.1111111111111112
INDO_PLUS,Unattributed,,,,,,,,6.772814822157101,6.489249941752357,6.181070818210944,5.91925099211541,5.694718797604539,5.500171115415659
INDO_PLUS,Unattributed,,,,,,,,6.772814822157101,6.489249941752357,6.181070818210944,5.91925099211541,5.694718797604539,5.500171115415659
INDO_PLUS,Waste_Water_Municipal,,,,,,,,3.4556178233043005,3.4556178233043005,3.4556178233043005,3.4556178233043005,3.4556178233043005,3.4556178233043005
INDO_PLUS,Waste_Water_Municipal,,,,,,,,3.4556178233043005,3.4556178233043005,3.4556178233043005,3.4556178233043005,3.4556178233043005,3.4556178233043005
JAPA_WHOL,AACID,,,,,,,,1.0,1.0,1.0,1.0,1.0,1.0
JAPA_WHOL,End_Use_Industry_Bio_Trad,,,,,,,,1.0,1.1151084812052372,1.1242037925842399,1.1696210009256647,1.1989767578267971,1.2311286812836129
JAPA_WHOL,End_Use_Industry_Coal,,,,,,,,3.2258258408159444,3.217733413177056,3.214032761092004,3.2094787480414393,3.198713748514333,3.1883781124212827
JAPA_WHOL,End_Use_Industry_HLF,,,,,,,,1.2982714938968245,1.2982714938968245,1.2982714938968245,1.2982714938968245,1.2982714938968245,1.2982714938968245
JAPA_WHOL,End_Use_Industry_LLF,,,,,,,,1.2982714938968245,1.2982714938968245,1.2982714938968245,1.2982714938968245,1.2982714938968245,1.2982714938968245
JAPA_WHOL,End_Use_Industry_NatGas,,,,,,,,6.87795,6.87795,6.87795,6.87795,6.87795,6.87795
JAPA_WHOL,End_Use_Residential_Bio_Trad_Cook,,,,,,,,2.024705671733404,2.024705671733404,2.024705671733404,2.024705671733404,2.024705671733404,2.024705671733404
JAPA_WHOL,End_Use_Residential_HLF,,,,,,,,1.0,1.0,1.0,1.0,1.0,1.0
JAPA_WHOL,End_Use_Residential_LLF,,,,,,,,1.3262494843814807,1.3262494843814807,1.3262494843814807,1.3262494843814807,1.3262494843814807,1.3262494843814807
JAPA_WHOL,End_Use_Residential_NatGas,,,,,,,,2.4793666666666665,2.4793666666666665,2.4793666666666665,2.4793666666666665,2.4793666666666665,2.4793666666666665
JAPA_WHOL,End_Use_Transport_AGR_HLF,,,,,,,,1.0,1.0,1.0,1.0,1.0,1.0
JAPA_WHOL,End_Use_Transport_HDT_HLF,,,,,,,,14.290499006260122,13.55168331012381,12.356768881075325,11.027798444949957,11.027798444949957,11.027798444949957
JAPA_WHOL,End_Use_Transport_HDT_LLF,,,,,,,,3.3974024398503953,3.3974024398503953,3.3974024398503953,3.3974024398503953,3.3974024398503953,3.3974024398503953
JAPA_WHOL,End_Use_Transport_LDT_HLF,,,,,,,,12.809654375173135,12.866799853683384,12.8751783625957,12.8751783625957,12.8751783625957,12.8751783625957
JAPA_WHOL,End_Use_Transport_LDT_LLF,,,,,,,,3.2199795421121076,3.2194922564220487,3.221683335097895,3.2209741760884754,3.2203096091616814,3.2198590034084473
JAPA_WHOL,End_Use_Transport_MC_LLF,,,,,,,,1.6092510686880832,1.6092510686880832,1.6092510686880832,1.6092510686880832,1.6092510686880832,1.6092510686880832
JAPA_WHOL,End_Use_Transport_OFF_HLF,,,,,,,,1.5511126678820377,1.3816002012784223,1.254885767545108,1.1654173575389817,1.1095857423528865,1.076300835873218
JAPA_WHOL,End_Use_Transport_OFF_LLF,,,,,,,,1.2268028549223189,1.2268028549223189,1.2268028549223189,1.2268028549223189,1.2268028549223189,1.2268028549223189
JAPA_WHOL,NACID,,,,,,,,1.0,1.0,1.0,1.0,1.0,1.0
JAPA_WHOL,Power_Gen_Bio_Trad_New,,,,,,,,31.865665929030094,31.865665929030094,31.865665929030094,31.865665929030094,31.865665929030094,31.865665929030094
JAPA_WHOL,Power_Gen_Bio_Trad_Old,,,,,,,,39.936822796608816,39.936822796608816,39.936822796608816,39.936822796608816,,
JAPA_WHOL,Power_Gen_Coal_IGCC_CCS,,,,,,,,1.0,1.0,1.0,1.0,1.0,1.0
JAPA_WHOL,Power_Gen_Coal_New,,,,,,,,1.400398707340571,1.400398707340571,1.400398707340571,1.400398707340571,1.400398707340571,1.400398707340571
JAPA_WHOL,Power_Gen_Coal_Old,,,,,,,,1.400398707340571,,,,,
JAPA_WHOL,Power_Gen_HLF,,,,,,,,1.0,1.0059214207994396,1.0184513335653833,1.0744447365811605,1.7223603901133788,2.6400430989279635
JAPA_WHOL,Power_Gen_LLF,,,,,,,,1.0,1.0,1.0,1.0,1.0,1.0
JAPA_WHOL,Power_Gen_NatGas,,,,,,,,3.709888888888889,3.709888888888889,3.709888888888889,3.709888888888889,3.709888888888889,3.709888888888889
JAPA_WHOL,Unattributed,,,,,,,,6.438636244455409,6.436065031200448,6.448778555131804,6.468763493522792,6.490616451031807,6.519390548322285
JAPA_WHOL,Unattributed,,,,,,,,6.438636244455409,6.436065031200448,6.448778555131804,6.468763493522792,6.490616451031807,6.519390548322285
JAPA_WHOL,Waste_Water_Municipal,,,,,,,,1.0,1.0,1.0,1.0,1.0,1.0
JAPA_WHOL,Waste_Water_Municipal,,,,,,,,1.0,1.0,1.0,1.0,1.0,1.0
KORE_AALL,AACID,,,,,,,,5.0,5.0,5.0,5.0,5.0,5.0
KORE_AALL,End_Use_Industry_Bio_Trad,,,,,,,,12.043064245059156,12.043064245059156,12.043064245059156,12.043064245059156,12.043064245059156,12.043064245059156
KORE_AALL,End_Use_Industry_Coal,,,,,,,,2.8635986611860687,2.957742833133395,3.101574653280581,3.2633980660574733,3.3998049647530997,3.5227064267269195
KORE_AALL,End_Use_Industry_HLF,,,,,,,,1.1630634315411172,1.1630634315411172,1.1630634315411172,1.1630634315411172,1.1630634315411172,1.1630634315411172
KORE_AALL,End_Use_Industry_LLF,,,,,,,,1.1630634315411172,1.1630634315411172,1.1630634315411172,1.1630634315411172,1.1630634315411172,1.1630634315411172
KORE_AALL,End_Use_Industry_NatGas,,,,,,,,1.0,1.0,1.0,1.0,1.0,1.0
KORE_AALL,End_Use_Residential_Bio_Trad_Cook,,,,,,,,2.131269128140425,2.131269128140425,2.131269128140425,2.131269128140425,2.131269128140425,2.131269128140425
KORE_AALL,End_Use_Residential_Coal_Heat,,,,,,,,1.75,1.75,1.75,1.75,1.75,1.75
KORE_AALL,End_Use_Residential_HLF,,,,,,,,1.352447930754666,1.352447930754666,1.352447930754666,1.352447930754666,1.352447930754666,1.352447930754666
KORE_AALL,End_Use_Residential_LLF,,,,,,,,1.7936833708161763,1.7936833708161763,1.7936833708161763,1.7936833708161763,1.7936833708161763,1.7936833708161763
KORE_AALL,End_Use_Residential_NatGas,,,,,,,,1.1111111111111112,1.1111111111111112,1.1111111111111112,1.1111111111111112,1.1111111111111112,1.1111111111111112
KORE_AALL,End_Use_Transport_AGR_HLF,,,,,,,,1.0,1.0,1.0,1.0,1.0,1.0
KORE_AALL,End_Use_Transport_HDT_HLF,,,,,,,,10.188518872344144,11.479336315473436,11.50548858726697,11.51916675549895,11.51916675549895,11.51916675549895
KORE_AALL,End_Use_Transport_HDT_LLF,,,,,,,,1.0,1.0,1.0,1.0,1.0,1.0
KORE_AALL,End_Use_Transport_LDT_HLF,,,,,,,,1.4882483300496525,0.660907853966015,0.6308051120652299,0.8100582272113864,0.9205991368823424,1.09274004740658
KORE_AALL,End_Use_Transport_LDT_LLF,,,,,,,,4.676902007304416,4.5558246791732895,4.584735881443408,4.59620246132887,4.600253154900534,4.602656468834919
KORE_AALL,End_Use_Transport_MC_LLF,,,,,,,,2.4473002542655964,2.4473002542655964,2.4473002542655964,2.4473002542655964,2.4473002542655964,2.4473002542655964
KORE_AALL,End_Use_Transport_NatGas,,,,,,,,1.0,1.0,1.0,1.0,1.0,1.0
KORE_AALL,End_Use_Transport_OFF_HLF,,,,,,,,1.068324665245978,1.068324665245978,1.068324665245978,1.068324665245978,1.068324665245978,1.068324665245978
KORE_AALL,End_Use_Transport_OFF_LLF,,,,,,,,1.2268028549223189,1.2268028549223189,1.2268028549223189,1.2268028549223189,1.2268028549223189,1.2268028549223189
KORE_AALL,NACID,,,,,,,,1.000000033508773,1.000000033508773,1.000000033508773,1.000000033508773,1.000000033508773,1.000000033508773
KORE_AALL,Power_Gen_Bio_Trad_New,,,,,,,,31.865665929030094,31.865665929030094,31.865665929030094,31.865665929030094,31.865665929030094,31.865665929030094
KORE_AALL,Power_Gen_Bio_Trad_Old,,,,,,,,39.936822796608816,39.936822796608816,39.936822796608816,39.936822796608816,,
KORE_AALL,Power_Gen_Coal_IGCC_CCS,,,,,,,,1.0,1.0,1.0,1.0,1.0,1.0
KORE_AALL,Power_Gen_Coal_New,,,,,,,,1.3734996968489954,1.3734996968489954,1.3734996968489954,1.3734996968489954,1.3734996968489954,1.3734996968489954
KORE_AALL,Power_Gen_Coal_Old,,,,,,,,1.3734996968489954,1.3734996968489954,1.3734996968489954,1.3734996968489954,1.3734996968489954,1.3734996968489954
KORE_AALL,Power_Gen_HLF,,,,,,,,1.9229389487744353,2.0245283115074355,2.1032283082762144,2.157812895936648,2.4113503505130605,2.483852478704213
KORE_AALL,Power_Gen_LLF,,,,,,,,1.6618565153084681,1.6618565153084681,1.6618565153084681,1.6618565153084681,1.6618565153084681,1.6618565153084681
KORE_AALL,Power_Gen_NatGas,,,,,,,,1.1111111111111112,1.1111111111111112,1.1111111111111112,1.1111111111111112,1.1111111111111112,1.1111111111111112
KORE_AALL,Unattributed,,,,,,,,4.627908865011443,4.624715585507162,4.619588936157897,4.611374678874993,4.601379224615207,4.590564775612233
KORE_AALL,Unattributed,,,,,,,,4.627908865011443,4.624715585507162,4.619588936157897,4.611374678874993,4.601379224615207,4.590564775612233
KORE_AALL,Waste_Water_Municipal,,,,,,,,3.4556178233043005,3.4556178233043005,3.4556178233043005,3.4556178233043005,3.4556178233043005,3.4556178233043005
KORE_AALL,Waste_Water_Municipal,,,,,,,,3.4556178233043005,3.4556178233043005,3.4556178233043005,3.4556178233043005,3.4556178233043005,3.4556178233043005
LAME_REST,End_Use_Industry_Bio_Trad,,,,,,,,12.043064245059156,12.043064245059156,12.043064245059156,12.043064245059156,12.043064245059156,12.043064245059156
LAME_REST,End_Use_Industry_Coal,,,,,,,,2.4783502475311403,2.420113350734284,2.370094594695792,2.3070588153291527,2.2574950470908455,2.2336576175256746
LAME_REST,End_Use_Industry_HLF,,,,,,,,1.1630634315411172,1.1630634315411172,1.1630634315411172,1.1630634315411172,1.1630634315411172,1.1630634315411172
LAME_REST,End_Use_Industry_LLF,,,,,,,,1.1630634315411172,1.1630634315411172,1.1630634315411172,1.1630634315411172,1.1630634315411172,1.1630634315411172
LAME_REST,End_Use_Industry_NatGas,,,,,,,,1.3154603871282684,1.3016089899628693,1.2936180673347697,1.2852429414035187,1.2801741984213797,1.2781324848725844
LAME_REST,End_Use_Residential_Bio_Trad_Cook,,,,,,,,2.131269128140425,2.131269128140425,2.131269128140425,2.131269128140425,2.131269128140425,2.131269128140425
LAME_REST,End_Use_Residential_Coal_Heat,,,,,,,,1.75,1.75,1.75,1.75,1.75,1.75
LAME_REST,End_Use_Residential_HLF,,,,,,,,1.352447930754666,1.352447930754666,1.352447930754666,1.352447930754666,1.352447930754666,1.352447930754666
LAME_REST,End_Use_Residential_LLF,,,,,,,,1.7936833708161763,1.7936833708161763,1.7936833708161763,1.7936833708161763,1.7936833708161763,1.7936833708161763
LAME_REST,End_Use_Residential_NatGas,,,,,,,,1.1111111111111112,1.1111111111111112,1.1111111111111112,1.1111111111111112,1.1111111111111112,1.1111111111111112
LAME_REST,End_Use_Transport_AGR_HLF,,,,,,,,1.0,1.0,1.0,1.0,1.0,1.0
LAME_REST,End_Use_Transport_HDT_HLF,,,,,,,,7.100724973962705,9.336056421487834,10.629340541621092,11.51916675549895,11.51916675549895,11.51916675549895
LAME_REST,End_Use_Transport_HDT_LLF,,,,,,,,1.233174325306048,1.2398601123551631,1.3024025833541015,1.3099254321483855,1.2766922784983157,1.2432945680789345
LAME_REST,End_Use_Transport_LDT_HLF,,,,,,,,6.012842982257964,6.727701569009585,7.099951161841593,7.337509052457741,7.510420529251939,7.714211134755104
LAME_REST,End_Use_Transport_LDT_LLF,,,,,,,,8.785191378335677,7.559328959891659,6.235158606482924,4.928782440000299,4.928815800767144,4.92885168076478
LAME_REST,End_Use_Transport_MC_LLF,,,,,,,,2.4473002542655964,2.4473002542655964,2.4473002542655964,2.4473002542655964,2.4473002542655964,2.4473002542655964
LAME_REST,End_Use_Transport_NatGas,,,,,,,,1.0,1.0,1.0,1.0,1.0,1.0
LAME_REST,End_Use_Transport_OFF_HLF,,,,,,,,1.068324665245978,1.068324665245978,1.068324665245978,1.068324665245978,1.068324665245978,1.068324665245978
LAME_REST,End_Use_Transport_OFF_LLF,,,,,,,,1.2268028549223189,1.2268028549223189,1.2268028549223189,1.2268028549223189,1.2268028549223189,1.2268028549223189
LAME_REST,NACID,,,,,,,,1.000000033508773,1.000000033508773,1.000000033508773,1.000000033508773,1.000000033508773,1.000000033508773
LAME_REST,Power_Gen_Bio_Trad_New,,,,,,,,31.865665929030094,31.865665929030094,31.865665929030094,31.865665929030094,31.865665929030094,31.865665929030094
LAME_REST,Power_Gen_Bio_Trad_Old,,,,,,,,39.936822796608816,39.936822796608816,39.936822796608816,39.936822796608816,,
LAME_REST,Power_Gen_Coal_New,,,,,,,,1.3734996968489954,1.3734996968489954,1.3734996968489954,1.3734996968489954,1.3734996968489954,1.3734996968489954
LAME_REST,Power_Gen_Coal_Old,,,,,,,,1.3734996968489954,1.3734996968489954,1.3734996968489954,1.3734996968489954,1.3734996968489954,1.3734996968489954
LAME_REST,Power_Gen_HLF,,,,,,,,2.458194191383687,2.501378128733526,2.3779868212067945,2.2304520863566615,2.179200876269353,1.9962639275572809
LAME_REST,Power_Gen_LLF,,,,,,,,1.6618565153084681,1.6618565153084681,1.6618565153084681,1.6618565153084681,1.6618565153084681,1.6618565153084681
LAME_REST,Power_Gen_NatGas,,,,,,,,1.1111111111111112,1.1111111111111112,1.1111111111111112,1.1111111111111112,1.1111111111111112,1.1111111111111112
LAME_REST,Unattributed,,,,,,,,5.352700647567246,5.354586504008534,5.3444600404963705,5.334147866632836,5.324276150480321,5.316645600674015
LAME_REST,Unattributed,,,,,,,,5.352700647567246,5.354586504008534,5.3444600404963705,5.334147866632836,5.324276150480321,5.316645600674015
LAME_REST,Waste_Water_Municipal,,,,,,,,3.4556178233043005,3.4556178233043005,3.4556178233043005,3.4556178233043005,3.4556178233043005,3.4556178233043005
LAME_REST,Waste_Water_Municipal,,,,,,,,3.4556178233043005,3.4556178233043005,3.4556178233043005,3.4556178233043005,3.4556178233043005,3.4556178233043005
MEXI_WHOL,End_Use_Industry_Bio_Trad,,,,,,,,12.043064245059156,12.043064245059156,12.043064245059156,12.043064245059156,12.043064245059156,12.043064245059156
MEXI_WHOL,End_Use_Industry_Coal,,,,,,,,5.028535711624086,5.1122905280708295,5.143898471198191,5.160041997039986,5.134632873179177,5.159773362117964
MEXI_WHOL,End_Use_Industry_HLF,,,,,,,,1.1630634315411172,1.1630634315411172,1.1630634315411172,1.1630634315411172,1.1630634315411172,1.1630634315411172
MEXI_WHOL,End_Use_Industry_LLF,,,,,,,,1.1630634315411172,1.1630634315411172,1.1630634315411172,1.1630634315411172,1.1630634315411172,1.1630634315411172
MEXI_WHOL,End_Use_Industry_NatGas,,,,,,,,1.6108208039819591,1.6171084023514708,1.6239243976168107,1.63421121248923,1.6431128054501096,1.6501574221257191
MEXI_WHOL,End_Use_Residential_Bio_Trad_Cook,,,,,,,,2.131269128140425,2.131269128140425,2.131269128140425,2.131269128140425,2.131269128140425,2.131269128140425
MEXI_WHOL,End_Use_Residential_HLF,,,,,,,,,1.352447930754666,1.352447930754666,1.352447930754666,1.352447930754666,1.352447930754666
MEXI_WHOL,End_Use_Residential_LLF,,,,,,,,1.7936833708161763,1.7936833708161763,1.7936833708161763,1.7936833708161763,1.7936833708161763,1.7936833708161763
MEXI_WHOL,End_Use_Residential_NatGas,,,,,,,,1.1111111111111112,1.1111111111111112,1.1111111111111112,1.1111111111111112,1.1111111111111112,1.1111111111111112
MEXI_WHOL,End_Use_Transport_AGR_HLF,,,,,,,,1.0,1.0,1.0,1.0,1.0,1.0
MEXI_WHOL,End_Use_Transport_HDT_HLF,,,,,,,,10.554783984965749,11.425074617077833,11.51916675549895,11.51916675549895,11.51916675549895,11.51916675549895
MEXI_WHOL,End_Use_Transport_HDT_LLF,,,,,,,,1.0,1.0,1.0,1.0,1.0,1.0
MEXI_WHOL,End_Use_Transport_LDT_HLF,,,,,,,,8.087654656564425,9.036039022404784,9.33577229369092,10.056300255895412,10.648840072742185,11.124083143701323
MEXI_WHOL,End_Use_Transport_LDT_LLF,,,,,,,,5.184241553769904,4.651494779231804,4.6503597893758615,4.646240564176437,4.639125063207411,4.632835633283348
MEXI_WHOL,End_Use_Transport_MC_LLF,,,,,,,,2.4473002542655964,2.4473002542655964,2.4473002542655964,2.4473002542655964,2.4473002542655964,2.4473002542655964
MEXI_WHOL,End_Use_Transport_NatGas,,,,,,,,1.0,1.0,1.0,1.0,1.0,1.0
MEXI_WHOL,End_Use_Transport_OFF_HLF,,,,,,,,1.068324665245978,1.068324665245978,1.068324665245978,1.068324665245978,1.068324665245978,1.068324665245978
MEXI_WHOL,NACID,,,,,,,,1.000000033508773,1.000000033508773,1.000000033508773,1.000000033508773,1.000000033508773,1.000000033508773
MEXI_WHOL,Power_Gen_Bio_Trad_New,,,,,,,,31.865665929030094,31.865665929030094,31.865665929030094,31.865665929030094,31.865665929030094,31.865665929030094
MEXI_WHOL,Power_Gen_Bio_Trad_Old,,,,,,,,39.936822796608816,39.936822796608816,39.936822796608816,39.936822796608816,,
MEXI_WHOL,Power_Gen_Coal_New,,,,,,,,1.3734996968489954,1.3734996968489954,1.3734996968489954,1.3734996968489954,1.3734996968489954,1.3734996968489954
MEXI_WHOL,Power_Gen_Coal_Old,,,,,,,,1.3734996968489954,1.3734996968489954,1.3734996968489954,1.3734996968489954,1.3734996968489954,1.3734996968489954
MEXI_WHOL,Power_Gen_HLF,,,,,,,,1.9902665899945584,2.09356914459709,2.041271831810587,1.9270865935581525,1.9045324118989668,1.7822784177406705
MEXI_WHOL,Power_Gen_LLF,,,,,,,,1.6618565153084681,1.6618565153084681,1.6618565153084681,1.6618565153084681,1.6618565153084681,1.6618565153084681
MEXI_WHOL,Power_Gen_NatGas,,,,,,,,1.1111111111111112,1.1111111111111112,1.1111111111111112,1.1111111111111112,1.1111111111111112,1.1111111111111112
MEXI_WHOL,Unattributed,,,,,,,,4.943885094113152,4.928043504995234,4.908942740360312,4.891161362409051,4.874588639069998,4.859140038861762
MEXI_WHOL,Unattributed,,,,,,,,4.943885094113152,4.928043504995234,4.908942740360312,4.891161362409051,4.874588639069998,4.859140038861762
MEXI_WHOL,Waste_Water_Municipal,,,,,,,,3.4556178233043005,3.4556178233043005,3.4556178233043005,3.4556178233043005,3.4556178233043005,3.4556178233043005
MEXI_WHOL,Waste_Water_Municipal,,,,,,,,3.4556178233043005,3.4556178233043005,3.4556178233043005,3.4556178233043005,3.4556178233043005,3.4556178233043005
MIDD_EAST,End_Use_Industry_Bio_Trad,,,,,,,,12.043064245059156,12.043064245059156,12.043064245059156,12.043064245059156,12.043064245059156,12.043064245059156
MIDD_EAST,End_Use_Industry_Coal,,,,,,,,4.4322532573360025,4.381097782561797,4.343449753226144,4.258933408594103,4.296774201764305,4.3452883437767085
MIDD_EAST,End_Use_Industry_HLF,,,,,,,,1.1630634315411172,1.1630634315411172,1.1630634315411172,1.1630634315411172,1.1630634315411172,1.1630634315411172
MIDD_EAST,End_Use_Industry_LLF,,,,,,,,1.1630634315411172,1.1630634315411172,1.1630634315411172,1.1630634315411172,1.1630634315411172,1.1630634315411172
MIDD_EAST,End_Use_Industry_NatGas,,,,,,,,1.0,1.0,1.0,1.0,1.0,1.0
MIDD_EAST,End_Use_Residential_Bio_Trad_Cook,,,,,,,,2.131269128140425,2.131269128140425,2.131269128140425,2.131269128140425,2.131269128140425,2.131269128140425
MIDD_EAST,End_Use_Residential_Coal_Heat,,,,,,,,1.75,1.75,1.75,1.75,1.75,1.75
MIDD_EAST,End_Use_Residential_HLF,,,,,,,,1.352447930754666,1.352447930754666,1.352447930754666,1.352447930754666,1.352447930754666,1.352447930754666
MIDD_EAST,End_Use_Residential_LLF,,,,,,,,1.7936833708161763,1.7936833708161763,1.7936833708161763,1.7936833708161763,1.7936833708161763,1.7936833708161763
MIDD_EAST,End_Use_Residential_NatGas,,,,,,,,1.1111111111111112,1.1111111111111112,1.1111111111111112,1.1111111111111112,1.1111111111111112,1.1111111111111112
MIDD_EAST,End_Use_Transport_AGR_HLF,,,,,,,,1.0,1.0,1.0,1.0,1.0,1.0
MIDD_EAST,End_Use_Transport_HDT_HLF,,,,,,,,6.865935328152287,8.418339801735279,9.95834933872985,11.51916675549895,11.51916675549895,11.51916675549895
MIDD_EAST,End_Use_Transport_LDT_HLF,,,,,,,,9.687212700744364,11.222350212631785,12.056964730966852,13.448861397921416,13.448861397921416,13.448861397921416
MIDD_EAST,End_Use_Transport_LDT_LLF,,,,,,,,5.358057905245786,4.92027959116886,4.918481444060383,4.917625286759117,4.917581345765512,4.917559463924628
MIDD_EAST,End_Use_Transport_MC_LLF,,,,,,,,2.4473002542655964,2.4473002542655964,2.4473002542655964,2.4473002542655964,2.4473002542655964,2.4473002542655964
MIDD_EAST,End_Use_Transport_NatGas,,,,,,,,1.0,1.0,1.0,1.0,1.0,1.0
MIDD_EAST,End_Use_Transport_OFF_HLF,,,,,,,,1.068324665245978,1.068324665245978,1.068324665245978,1.068324665245978,1.068324665245978,1.068324665245978
MIDD_EAST,End_Use_Transport_OFF_LLF,,,,,,,,1.2268028549223189,1.2268028549223189,1.2268028549223189,1.2268028549223189,1.2268028549223189,1.2268028549223189
MIDD_EAST,NACID,,,,,,,,1.000000033508773,1.000000033508773,1.000000033508773,1.000000033508773,1.000000033508773,1.000000033508773
MIDD_EAST,Power_Gen_Bio_Trad_New,,,,,,,,31.865665929030094,31.865665929030094,31.865665929030094,31.865665929030094,31.865665929030094,31.865665929030094
MIDD_EAST,Power_Gen_Bio_Trad_Old,,,,,,,,39.936822796608816,39.936822796608816,39.936822796608816,39.936822796608816,39.936822796608816,39.936822796608816
MIDD_EAST,Power_Gen_Coal_IGCC_CCS,,,,,,,,1.0,1.0,1.0,1.0,1.0,1.0
MIDD_EAST,Power_Gen_Coal_New,,,,,,,,1.3734996968489954,1.3734996968489954,1.3734996968489954,1.3734996968489954,1.3734996968489954,1.3734996968489954
MIDD_EAST,Power_Gen_Coal_Old,,,,,,,,1.3734996968489954,,,,,
MIDD_EAST,Power_Gen_HLF,,,,,,,,1.8621426727071388,1.8879728441378891,1.9266335375824883,1.9555627844077996,1.9768256890902025,2.0068528201788385
MIDD_EAST,Power_Gen_LLF,,,,,,,,1.6618565153084681,1.6618565153084681,1.6618565153084681,1.6618565153084681,1.6618565153084681,1.6618565153084681
MIDD_EAST,Power_Gen_NatGas,,,,,,,,1.1111111111111112,1.1111111111111112,1.1111111111111112,1.1111111111111112,1.1111111111111112,1.1111111111111112
MIDD_EAST,Unattributed,,,,,,,,5.265833885588977,5.262135355676908,5.268964262058158,5.27056530568958,5.269233337937068,5.267346518146224
MIDD_EAST,Unattributed,,,,,,,,5.265833885588977,5.262135355676908,5.268964262058158,5.27056530568958,5.269233337937068,5.267346518146224
MIDD_EAST,Waste_Water_Municipal,,,,,,,,3.4556178233043005,3.4556178233043005,3.4556178233043005,3.4556178233043005,3.4556178233043005,3.4556178233043005
MIDD_EAST,Waste_Water_Municipal,,,,,,,,3.4556178233043005,3.4556178233043005,3.4556178233043005,3.4556178233043005,3.4556178233043005,3.4556178233043005
OCEA_WHOL,End_Use_Industry_Bio_Trad,,,,,,,,12.284257100730851,12.284173894391571,12.284236113657284,12.28440147845134,12.284619478226595,12.284799473410644
OCEA_WHOL,End_Use_Industry_Coal,,,,,,,,1.4236257048700829,1.4136643368374031,1.445256083479542,1.4812687700904825,1.4720040016760652,1.4621942890619515
OCEA_WHOL,End_Use_Industry_HLF,,,,,,,,1.0,1.0,1.0,1.0,1.0,1.0
OCEA_WHOL,End_Use_Industry_LLF,,,,,,,,1.0,1.0,1.0,1.0,1.0,1.0
OCEA_WHOL,End_Use_Industry_NatGas,,,,,,,,1.514858078076522,1.5236428716309012,1.5399187506089291,1.5503965210552684,1.5470594055639173,1.5447686670641585
OCEA_WHOL,End_Use_Residential_Bio_Trad_Cook,,,,,,,,1.0,1.0,1.0,1.0,1.0,1.0
OCEA_WHOL,End_Use_Residential_Coal_Heat,,,,,,,,1.0,1.0,1.0,1.0,1.0,1.0
OCEA_WHOL,End_Use_Residential_HLF,,,,,,,,1.3735010368767469,1.3735010368767469,1.3735010368767469,1.3735010368767469,1.3735010368767469,1.3735010368767469
OCEA_WHOL,End_Use_Residential_LLF,,,,,,,,1.8216050419552148,1.8216050419552148,1.8216050419552148,1.8216050419552148,1.8216050419552148,1.8216050419552148
OCEA_WHOL,End_Use_Residential_NatGas,,,,,,,,1.156,1.156,1.156,1.156,1.156,1.156
OCEA_WHOL,End_Use_Transport_AGR_HLF,,,,,,,,1.0,1.0,1.0,1.0,1.0,1.0
OCEA_WHOL,End_Use_Transport_HDT_HLF,,,,,,,,8.511597563095862,9.072643178879913,9.10976776734386,9.13198665913276,9.13198665913276,9.13198665913276
OCEA_WHOL,End_Use_Transport_HDT_LLF,,,,,,,,5.268904900216708,5.25843458498833,5.25843458498833,5.25843458498833,5.25843458498833,5.25843458498833
OCEA_WHOL,End_Use_Transport_LDT_HLF,,,,,,,,9.315241156758528,9.970115509215713,10.675095759735164,10.676742797169252,10.678110528294264,10.678997884330736
OCEA_WHOL,End_Use_Transport_LDT_LLF,,,,,,,,6.248133272886551,5.6603096402327,5.660390632382274,5.660427106873772,5.6604174459551775,5.660434177595351
OCEA_WHOL,End_Use_Transport_MC_LLF,,,,,,,,2.9193381584476286,2.9193381584476286,2.9193381584476286,2.9193381584476286,2.9193381584476286,2.9193381584476286
OCEA_WHOL,End_Use_Transport_NatGas,,,,,,,,1.0,1.0,1.0,1.0,1.0,1.0
OCEA_WHOL,End_Use_Transport_OFF_HLF,,,,,,,,1.108943179858834,1.1084520866840408,1.1071227026788892,1.1076045926048204,1.1084371035716294,1.109207692603738
OCEA_WHOL,End_Use_Transport_OFF_LLF,,,,,,,,1.2268028549223189,1.2268028549223189,1.2268028549223189,1.2268028549223189,1.2268028549223189,1.2268028549223189
OCEA_WHOL,NACID,,,,,,,,1.0,1.0,1.0,1.0,1.0,1.0
OCEA_WHOL,Power_Gen_Bio_Trad_New,,,,,,,,5.658601392262895,5.658601392262895,5.658601392262895,5.658601392262895,5.658601392262895,5.658601392262895
OCEA_WHOL,Power_Gen_Bio_Trad_Old,,,,,,,,7.091851197547705,7.091851197547705,7.091851197547705,7.091851197547705,,
OCEA_WHOL,Power_Gen_Coal_IGCC_CCS,,,,,,,,1.0,1.0,1.0,1.0,1.0,1.0
OCEA_WHOL,Power_Gen_Coal_New,,,,,,,,1.0,1.0,1.0,1.0,1.0,1.0
OCEA_WHOL,Power_Gen_Coal_Old,,,,,,,,1.0,,,,,
OCEA_WHOL,Power_Gen_HLF,,,,,,,,1.7416084109784025,1.7666114105415212,1.7334351008686764,1.6841490000199575,1.6745148459675452,1.6676175869267735
OCEA_WHOL,Power_Gen_NatGas,,,,,,,,1.1111111111111112,1.1111111111111112,1.1111111111111112,1.1111111111111112,1.1111111111111112,1.1111111111111112
OCEA_WHOL,Unattributed,,,,,,,,6.913546310566213,6.881758647314373,6.861444907531493,6.840196879383671,6.818593503760789,6.797097061464857
OCEA_WHOL,Unattributed,,,,,,,,6.913546310566213,6.881758647314373,6.861444907531493,6.840196879383671,6.818593503760789,6.797097061464857
OCEA_WHOL,Waste_Water_Municipal,,,,,,,,3.090433620071692,3.090433620071692,3.090433620071692,3.090433620071692,3.090433620071692,3.090433620071692
OCEA_WHOL,Waste_Water_Municipal,,,,,,,,3.090433620071692,3.090433620071692,3.090433620071692,3.090433620071692,3.090433620071692,3.090433620071692
RUSS_PLUS,End_Use_Industry_Bio_Trad,,,,,,,,12.043064245059156,12.043064245059156,12.043064245059156,12.043064245059156,12.043064245059156,12.043064245059156
RUSS_PLUS,End_Use_Industry_Coal,,,,,,,,2.7523479681480616,2.7341189569731843,2.7509025578730046,2.776435821499392,2.769720728786688,2.765499837369332
RUSS_PLUS,End_Use_Industry_HLF,,,,,,,,1.1630634315411172,1.1630634315411172,1.1630634315411172,1.1630634315411172,1.1630634315411172,1.1630634315411172
RUSS_PLUS,End_Use_Industry_LLF,,,,,,,,1.1630634315411172,1.1630634315411172,1.1630634315411172,1.1630634315411172,1.1630634315411172,1.1630634315411172
RUSS_PLUS,End_Use_Industry_NatGas,,,,,,,,1.1063197793773736,1.1152321549109656,1.1127926972432525,1.115670938863308,1.1188649581435843,1.1239150874545762
RUSS_PLUS,End_Use_Residential_Bio_Trad_Cook,,,,,,,,2.131269128140425,2.131269128140425,2.131269128140425,2.131269128140425,2.131269128140425,2.131269128140425
RUSS_PLUS,End_Use_Residential_Coal_Heat,,,,,,,,1.75,1.75,1.75,1.75,1.75,1.75
RUSS_PLUS,End_Use_Residential_HLF,,,,,,,,1.352447930754666,1.352447930754666,1.352447930754666,1.352447930754666,1.352447930754666,1.352447930754666
RUSS_PLUS,End_Use_Residential_LLF,,,,,,,,1.7936833708161763,1.7936833708161763,1.7936833708161763,1.7936833708161763,1.7936833708161763,1.7936833708161763
RUSS_PLUS,End_Use_Residential_NatGas,,,,,,,,1.1111111111111112,1.1111111111111112,1.1111111111111112,1.1111111111111112,1.1111111111111112,1.1111111111111112
RUSS_PLUS,End_Use_Transport_AGR_HLF,,,,,,,,1.0,1.0,1.0,1.0,1.0,1.0
RUSS_PLUS,End_Use_Transport_HDT_HLF,,,,,,,,8.56425095883605,10.192798980361143,11.083004443506923,11.51916675549895,11.51916675549895,11.51916675549895
RUSS_PLUS,End_Use_Transport_HDT_LLF,,,,,,,,3.8346234771307226,4.568028781124008,4.549612632675119,4.481410209417557,4.412769959574232,4.383262345560529
RUSS_PLUS,End_Use_Transport_LDT_HLF,,,,,,,,8.614460748523236,10.66870558938876,12.042143460470037,13.448861397921416,13.448861397921416,13.448861397921416
RUSS_PLUS,End_Use_Transport_LDT_LLF,,,,,,,,4.771441563639673,4.403008164353678,4.493765093618468,4.525274235424557,4.530219269053463,4.534230841914727
RUSS_PLUS,End_Use_Transport_MC_LLF,,,,,,,,2.4473002542655964,2.4473002542655964,2.4473002542655964,2.4473002542655964,2.4473002542655964,2.4473002542655964
RUSS_PLUS,End_Use_Transport_NatGas,,,,,,,,1.0,1.0,1.0,1.0,1.0,1.0
RUSS_PLUS,End_Use_Transport_OFF_HLF,,,,,,,,1.0229762897364876,1.0171992518971442,1.0191208699751406,1.0257414682449404,1.0348706248162367,1.0500773354258155
RUSS_PLUS,End_Use_Transport_OFF_LLF,,,,,,,,1.2268028549223189,1.2268028549223189,1.2268028549223189,1.2268028549223189,1.2268028549223189,1.2268028549223189
RUSS_PLUS,NACID,,,,,,,,1.000000033508773,1.000000033508773,1.000000033508773,1.000000033508773,1.000000033508773,1.000000033508773
RUSS_PLUS,Power_Gen_Bio_Trad_New,,,,,,,,31.865665929030094,31.865665929030094,31.865665929030094,31.865665929030094,31.865665929030094,31.865665929030094
RUSS_PLUS,Power_Gen_Bio_Trad_Old,,,,,,,,39.936822796608816,39.936822796608816,39.936822796608816,39.936822796608816,,
RUSS_PLUS,Power_Gen_Coal_New,,,,,,,,1.3734996968489954,1.3734996968489954,1.3734996968489954,1.3734996968489954,1.3734996968489954,1.3734996968489954
RUSS_PLUS,Power_Gen_Coal_Old,,,,,,,,1.3734996968489954,1.3734996968489954,1.3734996968489954,1.3734996968489954,1.3734996968489954,1.3734996968489954
RUSS_PLUS,Power_Gen_HLF,,,,,,,,1.7412441120128488,1.7515451018544181,1.7634711471437023,1.765757587491387,1.8384759174581689,1.8499392727406587
RUSS_PLUS,Power_Gen_LLF,,,,,,,,1.6618565153084681,1.6618565153084681,1.6618565153084681,1.6618565153084681,1.6618565153084681,1.6618565153084681
RUSS_PLUS,Power_Gen_NatGas,,,,,,,,1.1111111111111112,1.1111111111111112,1.1111111111111112,1.1111111111111112,1.1111111111111112,1.1111111111111112
RUSS_PLUS,Unattributed,,,,,,,,2.698857866033324,2.7353676126277366,2.7408468088259146,2.7467066494214283,2.7534310966429,2.7605389931718087
RUSS_PLUS,Unattributed,,,,,,,,2.698857866033324,2.7353676126277366,2.7408468088259146,2.7467066494214283,2.7534310966429,2.7605389931718087
RUSS_PLUS,Waste_Water_Municipal,,,,,,,,3.4556178233043005,3.4556178233043005,3.4556178233043005,3.4556178233043005,3.4556178233043005,3.4556178233043005
RUSS_PLUS,Waste_Water_Municipal,,,,,,,,3.4556178233043005,3.4556178233043005,3.4556178233043005,3.4556178233043005,3.4556178233043005,3.4556178233043005
SAFR_WHOL,End_Use_Industry_Bio_Trad,,,,,,,,12.043064245059156,12.043064245059156,12.043064245059156,12.043064245059156,12.043064245059156,12.043064245059156
SAFR_WHOL,End_Use_Industry_Coal,,,,,,,,1.947224915219792,1.9009387211264883,1.8643014512370577,1.8624417576256451,1.85749974391505,1.853116543161556
SAFR_WHOL,End_Use_Industry_HLF,,,,,,,,1.1630634315411172,1.1630634315411172,1.1630634315411172,1.1630634315411172,1.1630634315411172,1.1630634315411172
SAFR_WHOL,End_Use_Industry_LLF,,,,,,,,1.1630634315411172,1.1630634315411172,1.1630634315411172,1.1630634315411172,1.1630634315411172,1.1630634315411172
SAFR_WHOL,End_Use_Industry_NatGas,,,,,,,,1.0,1.0,1.0,1.0,1.0,1.0
SAFR_WHOL,End_Use_Residential_Bio_Trad_Cook,,,,,,,,2.131269128140425,2.131269128140425,2.131269128140425,2.131269128140425,2.131269128140425,2.131269128140425
SAFR_WHOL,End_Use_Residential_Coal_Heat,,,,,,,,1.75,1.75,1.75,1.75,1.75,1.75
SAFR_WHOL,End_Use_Residential_HLF,,,,,,,,1.352447930754666,1.352447930754666,1.352447930754666,1.352447930754666,1.352447930754666,1.352447930754666
SAFR_WHOL,End_Use_Residential_LLF,,,,,,,,1.5414243627067468,1.7227288566109007,1.7842958304165357,1.7936833708161763,1.7936833708161763,1.7936833708161763
SAFR_WHOL,End_Use_Residential_NatGas,,,,,,,,1.1111111111111112,1.1111111111111112,1.1111111111111112,1.1111111111111112,1.1111111111111112,1.1111111111111112
SAFR_WHOL,End_Use_Transport_AGR_HLF,,,,,,,,1.0,1.0,1.0,1.0,1.0,1.0
SAFR_WHOL,End_Use_Transport_HDT_HLF,,,,,,,,6.817509881870137,9.17320150943773,10.803401762230587,11.51916675549895,11.51916675549895,11.51916675549895
SAFR_WHOL,End_Use_Transport_HDT_LLF,,,,,,,,1.0,1.0,1.0,1.0,1.0,1.0
SAFR_WHOL,End_Use_Transport_LDT_HLF,,,,,,,,7.153682925979399,7.98087319801805,7.713307243644141,6.081568998733085,5.837057887546004,5.660377076449845
SAFR_WHOL,End_Use_Transport_LDT_LLF,,,,,,,,4.679748778753033,4.932695089537068,4.932695089537068,4.932695089537068,4.932695089537068,4.932695089537068
SAFR_WHOL,End_Use_Transport_MC_LLF,,,,,,,,2.4473002542655964,2.4473002542655964,2.4473002542655964,2.4473002542655964,2.4473002542655964,2.4473002542655964
SAFR_WHOL,End_Use_Transport_NatGas,,,,,,,,1.0,1.0,1.0,1.0,1.0,1.0
SAFR_WHOL,End_Use_Transport_OFF_HLF,,,,,,,,1.068324665245978,1.068324665245978,1.068324665245978,1.068324665245978,1.068324665245978,1.068324665245978
SAFR_WHOL,End_Use_Transport_OFF_LLF,,,,,,,,1.2268028549223189,1.2268028549223189,1.2268028549223189,1.2268028549223189,1.2268028549223189,1.2268028549223189
SAFR_WHOL,NACID,,,,,,,,1.000000033508773,1.000000033508773,1.000000033508773,1.000000033508773,1.000000033508773,1.000000033508773
SAFR_WHOL,Power_Gen_Bio_Trad_New,,,,,,,,31.865665929030094,31.865665929030094,31.865665929030094,31.865665929030094,31.865665929030094,31.865665929030094
SAFR_WHOL,Power_Gen_Bio_Trad_Old,,,,,,,,39.936822796608816,39.936822796608816,39.936822796608816,39.936822796608816,,
SAFR_WHOL,Power_Gen_Coal_IGCC_CCS,,,,,,,,1.0,1.0,1.0,1.0,1.0,1.0
SAFR_WHOL,Power_Gen_Coal_New,,,,,,,,1.3734996968489954,1.3734996968489954,1.3734996968489954,1.3734996968489954,1.3734996968489954,1.3734996968489954
SAFR_WHOL,Power_Gen_Coal_Old,,,,,,,,1.3734996968489954,,,,,
SAFR_WHOL,Power_Gen_HLF,,,,,,,,4.898645304999419,4.489806580177758,3.796575696622989,3.3415568043802875,4.936639955106779,4.936639955106779
SAFR_WHOL,Power_Gen_LLF,,,,,,,,,1.6618565153084681,1.6618565153084681,1.6618565153084681,1.6618565153084681,1.6618565153084681
SAFR_WHOL,Power_Gen_NatGas,,,,,,,,1.1111111111111112,1.1111111111111112,1.1111111111111112,1.1111111111111112,1.1111111111111112,1.1111111111111112
SAFR_WHOL,Unattributed,,,,,,,,5.092707703432757,5.090258042600936,5.055763907605521,5.013914360804349,4.968231315336202,4.9208897155912785
SAFR_WHOL,Unattributed,,,,,,,,5.092707703432757,5.090258042600936,5.055763907605521,5.013914360804349,4.968231315336202,4.9208897155912785
SAFR_WHOL,Waste_Water_Municipal,,,,,,,,3.4556178233043005,3.4556178233043005,3.4556178233043005,3.4556178233043005,3.4556178233043005,3.4556178233043005
SAFR_WHOL,Waste_Water_Municipal,,,,,,,,3.4556178233043005,3.4556178233043005,3.4556178233043005,3.4556178233043005,3.4556178233043005,3.4556178233043005
SOEA_ASIA,AACID,,,,,,,,5.0,5.0,5.0,5.0,5.0,5.0
SOEA_ASIA,End_Use_Industry_Bio_Trad,,,,,,,,12.043064245059156,12.043064245059156,12.043064245059156,12.043064245059156,12.043064245059156,12.043064245059156
SOEA_ASIA,End_Use_Industry_Coal,,,,,,,,2.3502623886238867,2.237550278452094,2.181690868424564,2.135923540621416,2.0859433120309263,2.0365819129050657
SOEA_ASIA,End_Use_Industry_HLF,,,,,,,,1.1630634315411172,1.1630634315411172,1.1630634315411172,1.1630634315411172,1.1630634315411172,1.1630634315411172
SOEA_ASIA,End_Use_Industry_LLF,,,,,,,,1.1630634315411172,1.1630634315411172,1.1630634315411172,1.1630634315411172,1.1630634315411172,1.1630634315411172
SOEA_ASIA,End_Use_Industry_NatGas,,,,,,,,1.0,1.0,1.0,1.0,1.0,1.0
SOEA_ASIA,End_Use_Residential_Bio_Mod,,,,,,,,1.0,1.0,1.0,1.0,1.0,1.0
SOEA_ASIA,End_Use_Residential_Bio_Trad_Cook,,,,,,,,2.131269128140425,2.131269128140425,2.131269128140425,2.131269128140425,2.131269128140425,2.131269128140425
SOEA_ASIA,End_Use_Residential_Coal_Heat,,,,,,,,1.75,1.75,1.75,1.75,1.75,1.75
SOEA_ASIA,End_Use_Residential_HLF,,,,,,,,1.352447930754666,1.352447930754666,1.352447930754666,1.352447930754666,1.352447930754666,1.352447930754666
SOEA_ASIA,End_Use_Residential_LLF,,,,,,,,1.7292022199702624,1.757327212867387,1.7737218374021275,1.7825108723509628,1.7875690231667043,1.7905045158383135
SOEA_ASIA,End_Use_Residential_NatGas,,,,,,,,1.1111111111111112,1.1111111111111112,1.1111111111111112,1.1111111111111112,1.1111111111111112,1.1111111111111112
SOEA_ASIA,End_Use_Transport_AGR_HLF,,,,,,,,1.0,1.0,1.0,1.0,1.0,1.0
SOEA_ASIA,End_Use_Transport_HDT_HLF,,,,,,,,5.959903997515376,8.013279873319519,9.859613547821642,11.51916675549895,11.51916675549895,11.51916675549895
SOEA_ASIA,End_Use_Transport_HDT_LLF,,,,,,,,4.056156379251539,1.0,1.0,1.0,1.0,1.0
SOEA_ASIA,End_Use_Transport_LDT_HLF,,,,,,,,8.65529063527408,10.428225563978565,11.366692779970176,12.104360071946417,12.005029086223288,11.9491224733351
SOEA_ASIA,End_Use_Transport_LDT_LLF,,,,,,,,5.18988035165696,4.802690319708573,4.9025124797972275,4.932695089537068,4.932695089537068,4.932695089537068
SOEA_ASIA,End_Use_Transport_MC_LLF,,,,,,,,2.4473002542655964,2.4473002542655964,2.4473002542655964,2.4473002542655964,2.4473002542655964,2.4473002542655964
SOEA_ASIA,End_Use_Transport_NatGas,,,,,,,,1.0000781359529862,1.0,1.0,1.0,1.0,1.0
SOEA_ASIA,End_Use_Transport_OFF_HLF,,,,,,,,1.068324665245978,1.068324665245978,1.068324665245978,1.068324665245978,1.068324665245978,1.068324665245978
SOEA_ASIA,End_Use_Transport_OFF_LLF,,,,,,,,1.2268028549223189,1.2268028549223189,1.2268028549223189,1.2268028549223189,1.2268028549223189,1.2268028549223189
SOEA_ASIA,NACID,,,,,,,,1.000000033508773,1.000000033508773,1.000000033508773,1.000000033508773,1.000000033508773,1.000000033508773
SOEA_ASIA,Power_Gen_Bio_Trad_New,,,,,,,,31.865665929030094,31.865665929030094,31.865665929030094,31.865665929030094,31.865665929030094,31.865665929030094
SOEA_ASIA,Power_Gen_Bio_Trad_Old,,,,,,,,39.936822796608816,39.936822796608816,39.936822796608816,39.936822796608816,39.936822796608816,39.936822796608816
SOEA_ASIA,Power_Gen_Coal_New,,,,,,,,1.3734996968489954,1.3734996968489954,1.3734996968489954,1.3734996968489954,1.3734996968489954,1.3734996968489954
SOEA_ASIA,Power_Gen_Coal_Old,,,,,,,,1.3734996968489954,1.3734996968489954,,,,
SOEA_ASIA,Power_Gen_HLF,,,,,,,,2.5517059460744367,2.420840385980148,2.279830146197208,2.192221979345133,2.0785932394740274,1.925366900658673
SOEA_ASIA,Power_Gen_LLF,,,,,,,,1.6618565153084681,1.6618565153084681,1.6618565153084681,1.6618565153084681,1.6618565153084681,1.6618565153084681
SOEA_ASIA,Power_Gen_NatGas,,,,,,,,1.1111111111111112,1.1111111111111112,1.1111111111111112,1.1111111111111112,1.1111111111111112,1.1111111111111112
SOEA_ASIA,Unattributed,,,,,,,,4.633103249805175,4.584416689719713,4.53749866563215,4.494757711334736,4.456728543180964,4.422211131250335
SOEA_ASIA,Unattributed,,,,,,,,4.633103249805175,4.584416689719713,4.53749866563215,4.494757711334736,4.456728543180964,4.422211131250335
SOEA_ASIA,Waste_Water_Municipal,,,,,,,,3.4556178233043005,3.4556178233043005,3.4556178233043005,3.4556178233043005,3.4556178233043005,3.4556178233043005
SOEA_ASIA,Waste_Water_Municipal,,,,,,,,3.4556178233043005,3.4556178233043005,3.4556178233043005,3.4556178233043005,3.4556178233043005,3.4556178233043005
SOUA_REST,End_Use_Industry_Bio_Trad,,,,,,,,12.043064245059156,12.043064245059156,12.043064245059156,12.043064245059156,12.043064245059156,12.043064245059156
SOUA_REST,End_Use_Industry_Coal,,,,,,,,6.50990105581722,6.449870449459016,6.402298787143514,6.245015663769232,6.119288399533868,6.001145519622701
SOUA_REST,End_Use_Industry_HLF,,,,,,,,1.1630634315411172,1.1630634315411172,1.1630634315411172,1.1630634315411172,1.1630634315411172,1.1630634315411172
SOUA_REST,End_Use_Industry_LLF,,,,,,,,1.1630634315411172,1.1630634315411172,1.1630634315411172,1.1630634315411172,1.1630634315411172,1.1630634315411172
SOUA_REST,End_Use_Industry_NatGas,,,,,,,,1.0,1.0,1.0,1.0,1.0,1.0
SOUA_REST,End_Use_Residential_Bio_Mod,,,,,,,,1.0,1.0,1.0,1.0,1.0,1.0
SOUA_REST,End_Use_Residential_Bio_Trad_Cook,,,,,,,,2.131269128140425,2.131269128140425,2.131269128140425,2.131269128140425,2.131269128140425,2.131269128140425
SOUA_REST,End_Use_Residential_Coal_Heat,,,,,,,,1.75,1.75,1.75,1.75,1.75,1.75
SOUA_REST,End_Use_Residential_HLF,,,,,,,,1.352447930754666,1.352447930754666,1.352447930754666,1.352447930754666,1.352447930754666,1.352447930754666
SOUA_REST,End_Use_Residential_LLF,,,,,,,,1.6259820673527292,1.6916593252046932,1.737402004639922,1.7655693199135964,1.7802702440892924,1.7876342437107449
SOUA_REST,End_Use_Residential_NatGas,,,,,,,,1.1111111111111112,1.1111111111111112,1.1111111111111112,1.1111111111111112,1.1111111111111112,1.1111111111111112
SOUA_REST,End_Use_Transport_AGR_HLF,,,,,,,,1.0,1.0,1.0,1.0,1.0,1.0
SOUA_REST,End_Use_Transport_Coal,,,,,,,,1.0,1.0,1.0,1.0,1.0,1.0
SOUA_REST,End_Use_Transport_HDT_HLF,,,,,,,,6.688384994060597,8.20391381339207,9.933227699308333,11.51916675549895,11.51916675549895,11.51916675549895
SOUA_REST,End_Use_Transport_HDT_LLF,,,,,,,,1.1343395789404855,1.1678181298036416,1.1749835218489748,1.169053087727313,1.1522450372186432,1.1397365960427013
SOUA_REST,End_Use_Transport_LDT_HLF,,,,,,,,4.65537509928049,7.5865371988274655,10.51769929837444,13.448861397921416,13.448861397921416,13.448861397921416
SOUA_REST,End_Use_Transport_LDT_LLF,,,,,,,,9.349394112474105,8.794827378140322,6.90343234611085,4.932695089537068,4.932695089537068,4.932695089537068
SOUA_REST,End_Use_Transport_MC_LLF,,,,,,,,2.4473002542655964,2.4473002542655964,2.4473002542655964,2.4473002542655964,2.4473002542655964,2.4473002542655964
SOUA_REST,End_Use_Transport_NatGas,,,,,,,,1.0,1.0,1.0,1.0,1.0,1.0
SOUA_REST,End_Use_Transport_OFF_HLF,,,,,,,,1.068324665245978,1.068324665245978,1.068324665245978,1.068324665245978,1.068324665245978,1.068324665245978
SOUA_REST,End_Use_Transport_OFF_LLF,,,,,,,,1.2268028549223189,1.2268028549223189,1.2268028549223189,1.2268028549223189,1.2268028549223189,1.2268028549223189
SOUA_REST,Power_Gen_Bio_Trad_Old,,,,,,,,39.936822796608816,39.936822796608816,39.936822796608816,39.936822796608816,39.936822796608816,39.936822796608816
SOUA_REST,Power_Gen_Coal_New,,,,,,,,1.3734996968489954,1.3734996968489954,1.3734996968489954,1.3734996968489954,1.3734996968489954,1.3734996968489954
SOUA_REST,Power_Gen_HLF,,,,,,,,2.8133426738202396,2.858193277017102,2.968398991750546,3.0446018195684257,2.957765472592581,2.6412225557706366
SOUA_REST,Power_Gen_LLF,,,,,,,,1.6618565153084681,1.6618565153084681,1.6618565153084681,1.6618565153084681,1.6618565153084681,1.6618565153084681
SOUA_REST,Power_Gen_NatGas,,,,,,,,1.1111111111111112,1.1111111111111112,1.1111111111111112,1.1111111111111112,1.1111111111111112,1.1111111111111112
SOUA_REST,Unattributed,,,,,,,,5.1303401066570755,5.106141238085642,5.07247394416177,5.041740918080847,5.013738658508022,4.988111347891864
SOUA_REST,Unattributed,,,,,,,,5.1303401066570755,5.106141238085642,5.07247394416177,5.041740918080847,5.013738658508022,4.988111347891864
SOUA_REST,Waste_Water_Municipal,,,,,,,,3.4556178233043005,3.4556178233043005,3.4556178233043005,3.4556178233043005,3.4556178233043005,3.4556178233043005
SOUA_REST,Waste_Water_Municipal,,,,,,,,3.4556178233043005,3.4556178233043005,3.4556178233043005,3.4556178233043005,3.4556178233043005,3.4556178233043005
TURK_WHOL,Unattributed,,,,,,,,4.420788899159417,4.353187464624684,4.273171939769193,4.185264902498777,4.120823997193247,4.056022208299989
TURK_WHOL,Unattributed,,,,,,,,4.420788899159417,4.353187464624684,4.273171939769193,4.185264902498777,4.120823997193247,4.056022208299989
UKRA_PLUS,Unattributed,,,,,,,,1.0,1.0430946165093833,1.0368481809808885,1.0304512313869216,1.0239050093036597,1.0172106874295033
UKRA_PLUS,Unattributed,,,,,,,,1.0,1.0430946165093833,1.0368481809808885,1.0304512313869216,1.0239050093036597,1.0172106874295033
USAM_WHOL,AACID,,,,,,,,5.0,5.0,5.0,5.0,5.0,5.0
USAM_WHOL,End_Use_Industry_Bio_Trad,,,,,,,,10.870447057157657,10.875515848155597,10.874322187170424,10.871442487297706,10.866475003820492,10.86214624969723
USAM_WHOL,End_Use_Industry_Coal,,,,,,,,2.292745872503123,2.2841502320385443,2.2792925891711104,2.2695262004701666,2.264126345781637,2.2574934811995546
USAM_WHOL,End_Use_Industry_HLF,,,,,,,,2.3188305784883663,2.3188305784883663,2.3188305784883663,2.3188305784883663,2.3188305784883663,2.3188305784883663
USAM_WHOL,End_Use_Industry_LLF,,,,,,,,2.3188305784883663,2.3188305784883663,2.3188305784883663,2.3188305784883663,2.3188305784883663,2.3188305784883663
USAM_WHOL,End_Use_Industry_NatGas,,,,,,,,1.3333184967720864,1.3373984339803897,1.339483135014982,1.3417086945237973,1.341738093534995,1.344718372384615
USAM_WHOL,End_Use_Residential_Bio_Trad_Cook,,,,,,,,1.9143751971423943,1.9143751971423943,1.9143751971423943,1.9143751971423943,1.9143751971423943,1.9143751971423943
USAM_WHOL,End_Use_Residential_Coal_Heat,,,,,,,,1.78125,1.78125,1.78125,,,
USAM_WHOL,End_Use_Residential_HLF,,,,,,,,1.2848255342169326,1.2848255342169326,1.2848255342169326,1.2848255342169326,1.2848255342169326,1.2848255342169326
USAM_WHOL,End_Use_Residential_LLF,,,,,,,,1.7039992022753676,1.7039992022753676,1.7039992022753676,1.7039992022753676,1.7039992022753676,1.7039992022753676
USAM_WHOL,End_Use_Residential_NatGas,,,,,,,,1.0,1.0,1.0,1.0,1.0,1.0
USAM_WHOL,End_Use_Transport_AGR_HLF,,,,,,,,1.0,1.0,1.0,1.0,1.0,1.0
USAM_WHOL,End_Use_Transport_HDT_HLF,,,,,,,,1.0,1.0663752503270536,1.0853396075633548,1.0853396075633548,1.0853396075633548,1.0853396075633548
USAM_WHOL,End_Use_Transport_HDT_LLF,,,,,,,,5.8167120631203435,5.827216609934501,5.827432773353192,5.827830335827788,5.828066150643152,5.828286524978529
USAM_WHOL,End_Use_Transport_LDT_HLF,,,,,,,,1.0,1.1737423685380244,1.2562674271699517,1.2563779975322604,1.2565927096718374,1.256963130426889
USAM_WHOL,End_Use_Transport_LDT_LLF,,,,,,,,5.561001958162391,5.568936093372749,5.572853722386265,5.57284961495152,5.572852994993728,5.572861812182464
USAM_WHOL,End_Use_Transport_MC_LLF,,,,,,,,2.7653022788487225,2.7653022788487225,2.7653022788487225,2.7653022788487225,2.7653022788487225,2.7653022788487225
USAM_WHOL,End_Use_Transport_NatGas,,,,,,,,1.0,1.0,1.0,1.0,1.0,1.0
USAM_WHOL,End_Use_Transport_OFF_HLF,,,,,,,,1.0,0.99503759469774,0.98940044344934,0.9846095296412876,0.9776036395576604,0.9697605165329252
USAM_WHOL,End_Use_Transport_OFF_LLF,,,,,,,,1.1355469943585903,1.1299748178135833,1.1248202630351352,1.1193609347485487,1.1155632065971977,1.1119808616523847
USAM_WHOL,NACID,,,,,,,,1.0,1.0,1.0,1.0,1.0,1.0
USAM_WHOL,Power_Gen_Bio_Trad_New,,,,,,,,30.911861413501462,30.94456648717965,30.57895817035424,30.888651290655595,30.695578986200076,30.498971119803535
USAM_WHOL,Power_Gen_Bio_Trad_Old,,,,,,,,36.049917807692886,35.943140516947935,35.943140516947935,35.943140516947935,,
USAM_WHOL,Power_Gen_Coal_IGCC_CCS,,,,,,,,1.0,1.0,1.0,1.0,1.0,1.0
USAM_WHOL,Power_Gen_Coal_New,,,,,,,,1.3980264771498705,1.3980264771498705,1.3980264771498705,1.3980264771498705,1.3980264771498705,1.3980264771498705
USAM_WHOL,Power_Gen_Coal_Old,,,,,,,,1.3980264771498705,,,,,
USAM_WHOL,Power_Gen_HLF,,,,,,,,1.629187337955736,1.6175040115933972,1.6201100912372504,1.6266383977029137,1.6364922917182236,1.6364644606052217
USAM_WHOL,Power_Gen_LLF,,,,,,,,1.5787636895430448,1.5787636895430448,1.5787636895430448,1.5787636895430448,1.5787636895430448,1.5787636895430448
USAM_WHOL,Power_Gen_NatGas,,,,,,,,1.0,1.0,1.0,1.0,1.0,1.0
USAM_WHOL,Waste_Water_Municipal,,,,,,,,2.9132383804088424,2.9132383804088424,2.9132383804088424,2.9132383804088424,2.9132383804088424,2.9132383804088424
USAM_WHOL,Waste_Water_Municipal,,,,,,,,2.9132383804088424,2.9132383804088424,2.9132383804088424,2.9132383804088424,2.9132383804088424,2.9132383804088424
WEST_EURO,AACID,,,,,,,,1.0,1.0,1.0,1.0,1.0,1.0
WEST_EURO,End_Use_Industry_Bio_Trad,,,,,,,,12.043064245059156,12.043064245059156,12.043064245059156,12.043064245059156,12.043064245059156,12.043064245059156
WEST_EURO,End_Use_Industry_Coal,,,,,,,,1.9762166659630584,2.0938879532915866,2.2706661429262724,2.196205018132103,2.2613434494019318,2.2940694859033286
WEST_EURO,End_Use_Industry_HLF,,,,,,,,1.1630634315411172,1.1630634315411172,1.1630634315411172,1.1630634315411172,1.1630634315411172,1.1630634315411172
WEST_EURO,End_Use_Industry_LLF,,,,,,,,1.1630634315411172,1.1630634315411172,1.1630634315411172,1.1630634315411172,1.1630634315411172,1.1630634315411172
WEST_EURO,End_Use_Industry_NatGas,,,,,,,,9.952826555679641,16.429401194440533,9.60499565690269,4.175860044259554,4.125108012143529,4.085259507291362
WEST_EURO,End_Use_Residential_Bio_Trad_Cook,,,,,,,,2.131269128140425,2.131269128140425,2.131269128140425,2.131269128140425,2.131269128140425,2.131269128140425
WEST_EURO,End_Use_Residential_Coal_Heat,,,,,,,,1.75,1.75,1.75,1.75,1.75,1.75
WEST_EURO,End_Use_Residential_HLF,,,,,,,,1.352447930754666,1.352447930754666,1.352447930754666,1.352447930754666,1.352447930754666,1.352447930754666
WEST_EURO,End_Use_Residential_LLF,,,,,,,,1.7936833708161763,1.7936833708161763,1.7936833708161763,1.7936833708161763,1.7936833708161763,1.7936833708161763
WEST_EURO,End_Use_Residential_NatGas,,,,,,,,1.1111111111111112,1.1111111111111112,1.1111111111111112,1.1111111111111112,1.1111111111111112,1.1111111111111112
WEST_EURO,End_Use_Transport_AGR_HLF,,,,,,,,1.0,1.0,1.0,1.0,1.0,1.0
WEST_EURO,End_Use_Transport_HDT_HLF,,,,,,,,15.932105725733503,16.368646387431525,16.511279350345315,16.56198631889848,16.582474746721587,16.601104465193124
WEST_EURO,End_Use_Transport_HDT_LLF,,,,,,,,1.2164022980210112,1.0775682772519408,1.0544034370928264,1.0505428030734885,1.0499197620403686,1.0504564247621169
WEST_EURO,End_Use_Transport_LDT_HLF,,,,,,,,6.705463458043634,7.587241883675274,8.044208950176529,8.193876515447098,8.295659931380396,8.36179392810531
WEST_EURO,End_Use_Transport_LDT_LLF,,,,,,,,1.2319965141472136,1.2193518873408589,1.234102816536299,1.2708634513359427,1.3116475446550155,1.3577869892130758
WEST_EURO,End_Use_Transport_MC_LLF,,,,,,,,1.0057444163875275,1.0138815332398512,1.0260986766010345,1.0266089480704668,1.0260565374839816,1.025231403816448
WEST_EURO,End_Use_Transport_NatGas,,,,,,,,17.584259883387656,19.68173105680964,20.132105195715745,20.073554603639828,20.075086554632744,20.091090849915904
WEST_EURO,End_Use_Transport_OFF_HLF,,,,,,,,1.068324665245978,1.068324665245978,1.068324665245978,1.068324665245978,1.068324665245978,1.068324665245978
WEST_EURO,End_Use_Transport_OFF_LLF,,,,,,,,1.2268028549223189,1.2268028549223189,1.2268028549223189,1.2268028549223189,1.2268028549223189,1.2268028549223189
WEST_EURO,NACID,,,,,,,,1.000000033508773,1.000000033508773,1.000000033508773,1.000000033508773,1.000000033508773,1.000000033508773
WEST_EURO,Power_Gen_Bio_Trad_New,,,,,,,,30.261026539618584,30.3772149514926,30.641587738584487,30.983385490017607,30.48976637266554,30.60942070191511
WEST_EURO,Power_Gen_Bio_Trad_Old,,,,,,,,39.936822796608816,39.936822796608816,39.936822796608816,39.936822796608816,39.936822796608816,39.936822796608816
WEST_EURO,Power_Gen_Coal_IGCC_CCS,,,,,,,,,,1.0,1.0,1.0,1.0
WEST_EURO,Power_Gen_Coal_New,,,,,,,,1.3734996968489954,1.3734996968489954,1.3734996968489954,1.3734996968489954,1.3734996968489954,1.3734996968489954
WEST_EURO,Power_Gen_Coal_Old,,,,,,,,1.3739278391002598,1.3734996968489954,1.3734996968489954,1.3734996968489954,1.3734996968489954,1.3734996968489954
WEST_EURO,Power_Gen_HLF,,,,,,,,1.724546755055804,1.6967926982628183,1.7036375288776155,1.7093118101460716,1.7175782293400943,1.7132643608932552
WEST_EURO,Power_Gen_LLF,,,,,,,,1.6618565153084681,1.6618565153084681,1.6618565153084681,1.6618565153084681,1.6618565153084681,1.6618565153084681
WEST_EURO,Power_Gen_NatGas,,,,,,,,1.1554524556814207,1.1599131703536,1.1513548085017227,1.1566252900677623,1.156844271522791,1.1572878905108677
WEST_EURO,Unattributed,,,,,,,,6.2154543809778495,6.186653112202992,6.1744780918507,6.160331592169448,6.150221104393424,6.139587655432029
WEST_EURO,Unattributed,,,,,,,,6.2154543809778495,6.186653112202992,6.1744780918507,6.160331592169448,6.150221104393424,6.139587655432029
WEST_EURO,Waste_Water_Municipal,,,,,,,,3.4556178233043005,3.4556178233043005,3.4556178233043005,3.4556178233043005,3.4556178233043005,3.4556178233043005
WEST_EURO,Waste_Water_Municipal,,,,,,,,3.4556178233043005,3.4556178233043005,3.4556178233043005,3.4556178233043005,3.4556178233043005,3.4556178233043005
