database,iam model,model label,scenario,scenario label,scenario key,warming bin,year,comparison label,name,reference product,location,unit,database key,market availability
ecoinvent-3.12-cutoff_remind-SSP1-PkBudg650_2030_06-2_full,remind,REMIND,SSP1-PkBudg650,REMIND — SSP1-PkBudg650,remind | SSP1-PkBudg650,<2.0 °C,2030,Generic,"market for hydrogen, gaseous, low pressure","hydrogen, gaseous, low pressure",RER,kilogram,"('ecoinvent-3.12-cutoff_remind-SSP1-PkBudg650_2030_06-2_full', '2392f2b75cab45bbb1df20af27e9ff76')",available
ecoinvent-3.12-cutoff_remind-SSP1-PkBudg650_2030_06-2_full,remind,REMIND,SSP1-PkBudg650,REMIND — SSP1-PkBudg650,remind | SSP1-PkBudg650,<2.0 °C,2030,Transport,"market for hydrogen, gaseous, low pressure, for transport","hydrogen, gaseous, low pressure",EUR,kilogram,"('ecoinvent-3.12-cutoff_remind-SSP1-PkBudg650_2030_06-2_full', 'ec3942b20bfe43ba8736c186798d222f')",available
ecoinvent-3.12-cutoff_remind-SSP1-PkBudg650_2030_06-2_full,remind,REMIND,SSP1-PkBudg650,REMIND — SSP1-PkBudg650,remind | SSP1-PkBudg650,<2.0 °C,2030,Chemicals,"market for hydrogen, gaseous, low pressure, for chemicals","hydrogen, gaseous, low pressure",EUR,kilogram,"('ecoinvent-3.12-cutoff_remind-SSP1-PkBudg650_2030_06-2_full', 'adb38f6a1d904f059291c7a2930398f0')",available
ecoinvent-3.12-cutoff_remind-SSP1-PkBudg650_2030_06-2_full,remind,REMIND,SSP1-PkBudg650,REMIND — SSP1-PkBudg650,remind | SSP1-PkBudg650,<2.0 °C,2030,Steel,,,,,,NA — market not generated
ecoinvent-3.12-cutoff_remind-SSP1-PkBudg650_2030_06-2_full,remind,REMIND,SSP1-PkBudg650,REMIND — SSP1-PkBudg650,remind | SSP1-PkBudg650,<2.0 °C,2030,Cement,"market for hydrogen, gaseous, low pressure, for cement","hydrogen, gaseous, low pressure",EUR,kilogram,"('ecoinvent-3.12-cutoff_remind-SSP1-PkBudg650_2030_06-2_full', 'e139b75de09d43c78b5577fc951930ac')",available
ecoinvent-3.12-cutoff_remind-SSP1-PkBudg650_2030_06-2_full,remind,REMIND,SSP1-PkBudg650,REMIND — SSP1-PkBudg650,remind | SSP1-PkBudg650,<2.0 °C,2030,Heating,"market for hydrogen, gaseous, low pressure, for heating","hydrogen, gaseous, low pressure",EUR,kilogram,"('ecoinvent-3.12-cutoff_remind-SSP1-PkBudg650_2030_06-2_full', 'c55b4fce477646a5b1eafe4fde07b190')",available
ecoinvent-3.12-cutoff_remind-SSP1-PkBudg650_2030_06-2_full,remind,REMIND,SSP1-PkBudg650,REMIND — SSP1-PkBudg650,remind | SSP1-PkBudg650,<2.0 °C,2030,Other end uses,"market for hydrogen, gaseous, low pressure, for other end uses","hydrogen, gaseous, low pressure",EUR,kilogram,"('ecoinvent-3.12-cutoff_remind-SSP1-PkBudg650_2030_06-2_full', '601eae832802453db5d2c6224bf9a130')",available
ecoinvent-3.12-cutoff_remind-SSP1-PkBudg650_2040_06-2_full,remind,REMIND,SSP1-PkBudg650,REMIND — SSP1-PkBudg650,remind | SSP1-PkBudg650,<2.0 °C,2040,Generic,"market for hydrogen, gaseous, low pressure","hydrogen, gaseous, low pressure",RER,kilogram,"('ecoinvent-3.12-cutoff_remind-SSP1-PkBudg650_2040_06-2_full', 'fb48bcf6eea140899566b6b16e742de2')",available
ecoinvent-3.12-cutoff_remind-SSP1-PkBudg650_2040_06-2_full,remind,REMIND,SSP1-PkBudg650,REMIND — SSP1-PkBudg650,remind | SSP1-PkBudg650,<2.0 °C,2040,Transport,"market for hydrogen, gaseous, low pressure, for transport","hydrogen, gaseous, low pressure",EUR,kilogram,"('ecoinvent-3.12-cutoff_remind-SSP1-PkBudg650_2040_06-2_full', '7cb643221b7a4c2cb86b66eac5a4f0e1')",available
ecoinvent-3.12-cutoff_remind-SSP1-PkBudg650_2040_06-2_full,remind,REMIND,SSP1-PkBudg650,REMIND — SSP1-PkBudg650,remind | SSP1-PkBudg650,<2.0 °C,2040,Chemicals,"market for hydrogen, gaseous, low pressure, for chemicals","hydrogen, gaseous, low pressure",EUR,kilogram,"('ecoinvent-3.12-cutoff_remind-SSP1-PkBudg650_2040_06-2_full', 'aed2771343f04cef998e5dff3bc586ad')",available
ecoinvent-3.12-cutoff_remind-SSP1-PkBudg650_2040_06-2_full,remind,REMIND,SSP1-PkBudg650,REMIND — SSP1-PkBudg650,remind | SSP1-PkBudg650,<2.0 °C,2040,Steel,"market for hydrogen, gaseous, low pressure, for steel","hydrogen, gaseous, low pressure",EUR,kilogram,"('ecoinvent-3.12-cutoff_remind-SSP1-PkBudg650_2040_06-2_full', '864c7d20d19f4dfebb5102564960737c')",available
ecoinvent-3.12-cutoff_remind-SSP1-PkBudg650_2040_06-2_full,remind,REMIND,SSP1-PkBudg650,REMIND — SSP1-PkBudg650,remind | SSP1-PkBudg650,<2.0 °C,2040,Cement,"market for hydrogen, gaseous, low pressure, for cement","hydrogen, gaseous, low pressure",EUR,kilogram,"('ecoinvent-3.12-cutoff_remind-SSP1-PkBudg650_2040_06-2_full', '928c4f2ffb3f4e8ab2612054bad22ddb')",available
ecoinvent-3.12-cutoff_remind-SSP1-PkBudg650_2040_06-2_full,remind,REMIND,SSP1-PkBudg650,REMIND — SSP1-PkBudg650,remind | SSP1-PkBudg650,<2.0 °C,2040,Heating,,,,,,NA — market not generated
ecoinvent-3.12-cutoff_remind-SSP1-PkBudg650_2040_06-2_full,remind,REMIND,SSP1-PkBudg650,REMIND — SSP1-PkBudg650,remind | SSP1-PkBudg650,<2.0 °C,2040,Other end uses,"market for hydrogen, gaseous, low pressure, for other end uses","hydrogen, gaseous, low pressure",EUR,kilogram,"('ecoinvent-3.12-cutoff_remind-SSP1-PkBudg650_2040_06-2_full', '04c4faa57d82401daee534bf6276e6a8')",available
ecoinvent-3.12-cutoff_remind-SSP1-PkBudg650_2050_06-2_full,remind,REMIND,SSP1-PkBudg650,REMIND — SSP1-PkBudg650,remind | SSP1-PkBudg650,<2.0 °C,2050,Generic,"market for hydrogen, gaseous, low pressure","hydrogen, gaseous, low pressure",RER,kilogram,"('ecoinvent-3.12-cutoff_remind-SSP1-PkBudg650_2050_06-2_full', 'f7041cee9d984463b73c33389e41457d')",available
ecoinvent-3.12-cutoff_remind-SSP1-PkBudg650_2050_06-2_full,remind,REMIND,SSP1-PkBudg650,REMIND — SSP1-PkBudg650,remind | SSP1-PkBudg650,<2.0 °C,2050,Transport,"market for hydrogen, gaseous, low pressure, for transport","hydrogen, gaseous, low pressure",EUR,kilogram,"('ecoinvent-3.12-cutoff_remind-SSP1-PkBudg650_2050_06-2_full', 'c2baa84d8c3a4a18924e4b65b2e6bcc8')",available
ecoinvent-3.12-cutoff_remind-SSP1-PkBudg650_2050_06-2_full,remind,REMIND,SSP1-PkBudg650,REMIND — SSP1-PkBudg650,remind | SSP1-PkBudg650,<2.0 °C,2050,Chemicals,"market for hydrogen, gaseous, low pressure, for chemicals","hydrogen, gaseous, low pressure",EUR,kilogram,"('ecoinvent-3.12-cutoff_remind-SSP1-PkBudg650_2050_06-2_full', 'fd346eefbc824a75a31bc58ab271a808')",available
ecoinvent-3.12-cutoff_remind-SSP1-PkBudg650_2050_06-2_full,remind,REMIND,SSP1-PkBudg650,REMIND — SSP1-PkBudg650,remind | SSP1-PkBudg650,<2.0 °C,2050,Steel,"market for hydrogen, gaseous, low pressure, for steel","hydrogen, gaseous, low pressure",EUR,kilogram,"('ecoinvent-3.12-cutoff_remind-SSP1-PkBudg650_2050_06-2_full', '7644ec1496e1475f915f1ccd4370e142')",available
ecoinvent-3.12-cutoff_remind-SSP1-PkBudg650_2050_06-2_full,remind,REMIND,SSP1-PkBudg650,REMIND — SSP1-PkBudg650,remind | SSP1-PkBudg650,<2.0 °C,2050,Cement,"market for hydrogen, gaseous, low pressure, for cement","hydrogen, gaseous, low pressure",EUR,kilogram,"('ecoinvent-3.12-cutoff_remind-SSP1-PkBudg650_2050_06-2_full', '09549bc717dc419f85df467309f040dc')",available
ecoinvent-3.12-cutoff_remind-SSP1-PkBudg650_2050_06-2_full,remind,REMIND,SSP1-PkBudg650,REMIND — SSP1-PkBudg650,remind | SSP1-PkBudg650,<2.0 °C,2050,Heating,,,,,,NA — market not generated
ecoinvent-3.12-cutoff_remind-SSP1-PkBudg650_2050_06-2_full,remind,REMIND,SSP1-PkBudg650,REMIND — SSP1-PkBudg650,remind | SSP1-PkBudg650,<2.0 °C,2050,Other end uses,"market for hydrogen, gaseous, low pressure, for other end uses","hydrogen, gaseous, low pressure",EUR,kilogram,"('ecoinvent-3.12-cutoff_remind-SSP1-PkBudg650_2050_06-2_full', 'a8fada7f065444fda71012d7b80b40cc')",available
