database,iam model,model label,scenario,scenario label,scenario key,warming bin,year,market,method,impact category,unit,total score,Layer 1 reconstructed score,Layer 1 difference,Layer 2 reconstructed score,Layer 2 difference
ecoinvent-3.12-cutoff_remind-SSP1-PkBudg650_2030_06-2_full,remind,REMIND,SSP1-PkBudg650,REMIND — SSP1-PkBudg650,remind | SSP1-PkBudg650,<2.0 °C,2030,Generic,"('IPCC 2021', 'climate change', 'GWP 100a, incl. H')","climate change — GWP 100a, incl. H (premise_gwp)",kg CO2-Eq,4.362875007873361,4.362874999792024,-8.081337377063846e-09,4.362875035281988,2.7408626479541454e-08
ecoinvent-3.12-cutoff_remind-SSP1-PkBudg650_2030_06-2_full,remind,REMIND,SSP1-PkBudg650,REMIND — SSP1-PkBudg650,remind | SSP1-PkBudg650,<2.0 °C,2030,Transport,"('IPCC 2021', 'climate change', 'GWP 100a, incl. H')","climate change — GWP 100a, incl. H (premise_gwp)",kg CO2-Eq,4.556702459806748,4.556702451140086,-8.666662054679364e-09,4.55670248663005,2.6823301801925936e-08
ecoinvent-3.12-cutoff_remind-SSP1-PkBudg650_2030_06-2_full,remind,REMIND,SSP1-PkBudg650,REMIND — SSP1-PkBudg650,remind | SSP1-PkBudg650,<2.0 °C,2030,Chemicals,"('IPCC 2021', 'climate change', 'GWP 100a, incl. H')","climate change — GWP 100a, incl. H (premise_gwp)",kg CO2-Eq,4.318694108798446,4.318694098083728,-1.07147180017364e-08,4.318694133573691,2.477524496669048e-08
ecoinvent-3.12-cutoff_remind-SSP1-PkBudg650_2030_06-2_full,remind,REMIND,SSP1-PkBudg650,REMIND — SSP1-PkBudg650,remind | SSP1-PkBudg650,<2.0 °C,2030,Cement,"('IPCC 2021', 'climate change', 'GWP 100a, incl. H')","climate change — GWP 100a, incl. H (premise_gwp)",kg CO2-Eq,4.556702459806751,4.556702451140086,-8.666665607393043e-09,4.55670248663005,2.6823298249212257e-08
ecoinvent-3.12-cutoff_remind-SSP1-PkBudg650_2030_06-2_full,remind,REMIND,SSP1-PkBudg650,REMIND — SSP1-PkBudg650,remind | SSP1-PkBudg650,<2.0 °C,2030,Heating,"('IPCC 2021', 'climate change', 'GWP 100a, incl. H')","climate change — GWP 100a, incl. H (premise_gwp)",kg CO2-Eq,4.362875007873368,4.362874999792024,-8.081343594312784e-09,4.362875035281988,2.7408620262292516e-08
ecoinvent-3.12-cutoff_remind-SSP1-PkBudg650_2030_06-2_full,remind,REMIND,SSP1-PkBudg650,REMIND — SSP1-PkBudg650,remind | SSP1-PkBudg650,<2.0 °C,2030,Other end uses,"('IPCC 2021', 'climate change', 'GWP 100a, incl. H')","climate change — GWP 100a, incl. H (premise_gwp)",kg CO2-Eq,4.479342047698621,4.479342036758449,-1.0940172323614661e-08,4.479342072248412,2.454979064481222e-08
ecoinvent-3.12-cutoff_remind-SSP1-PkBudg650_2040_06-2_full,remind,REMIND,SSP1-PkBudg650,REMIND — SSP1-PkBudg650,remind | SSP1-PkBudg650,<2.0 °C,2040,Generic,"('IPCC 2021', 'climate change', 'GWP 100a, incl. H')","climate change — GWP 100a, incl. H (premise_gwp)",kg CO2-Eq,0.9875078722187575,0.9875078495161546,-2.2702602908708513e-08,0.9875078252905177,-4.692823973861948e-08
ecoinvent-3.12-cutoff_remind-SSP1-PkBudg650_2040_06-2_full,remind,REMIND,SSP1-PkBudg650,REMIND — SSP1-PkBudg650,remind | SSP1-PkBudg650,<2.0 °C,2040,Transport,"('IPCC 2021', 'climate change', 'GWP 100a, incl. H')","climate change — GWP 100a, incl. H (premise_gwp)",kg CO2-Eq,1.086646004463547,1.086645981354064,-2.3109482993888264e-08,1.0866459571284273,-4.733511982379923e-08
ecoinvent-3.12-cutoff_remind-SSP1-PkBudg650_2040_06-2_full,remind,REMIND,SSP1-PkBudg650,REMIND — SSP1-PkBudg650,remind | SSP1-PkBudg650,<2.0 °C,2040,Chemicals,"('IPCC 2021', 'climate change', 'GWP 100a, incl. H')","climate change — GWP 100a, incl. H (premise_gwp)",kg CO2-Eq,0.9624915679235819,0.9624915437298905,-2.4193691383622706e-08,0.9624915195042537,-4.8419328213533674e-08
ecoinvent-3.12-cutoff_remind-SSP1-PkBudg650_2040_06-2_full,remind,REMIND,SSP1-PkBudg650,REMIND — SSP1-PkBudg650,remind | SSP1-PkBudg650,<2.0 °C,2040,Steel,"('IPCC 2021', 'climate change', 'GWP 100a, incl. H')","climate change — GWP 100a, incl. H (premise_gwp)",kg CO2-Eq,1.0738211641331021,1.073821138858368,-2.5274734083424732e-08,1.0738211146327314,-4.9500370691291096e-08
ecoinvent-3.12-cutoff_remind-SSP1-PkBudg650_2040_06-2_full,remind,REMIND,SSP1-PkBudg650,REMIND — SSP1-PkBudg650,remind | SSP1-PkBudg650,<2.0 °C,2040,Cement,"('IPCC 2021', 'climate change', 'GWP 100a, incl. H')","climate change — GWP 100a, incl. H (premise_gwp)",kg CO2-Eq,1.0738211641331024,1.073821138858368,-2.5274734305469337e-08,1.0738211146327314,-4.95003709133357e-08
ecoinvent-3.12-cutoff_remind-SSP1-PkBudg650_2040_06-2_full,remind,REMIND,SSP1-PkBudg650,REMIND — SSP1-PkBudg650,remind | SSP1-PkBudg650,<2.0 °C,2040,Other end uses,"('IPCC 2021', 'climate change', 'GWP 100a, incl. H')","climate change — GWP 100a, incl. H (premise_gwp)",kg CO2-Eq,1.086646004463547,1.086645981354064,-2.3109482993888264e-08,1.0866459571284273,-4.733511982379923e-08
ecoinvent-3.12-cutoff_remind-SSP1-PkBudg650_2050_06-2_full,remind,REMIND,SSP1-PkBudg650,REMIND — SSP1-PkBudg650,remind | SSP1-PkBudg650,<2.0 °C,2050,Generic,"('IPCC 2021', 'climate change', 'GWP 100a, incl. H')","climate change — GWP 100a, incl. H (premise_gwp)",kg CO2-Eq,0.7333686533590005,0.7333686454714219,-7.887578590271005e-09,0.7333686514893989,-1.8696015846586533e-09
ecoinvent-3.12-cutoff_remind-SSP1-PkBudg650_2050_06-2_full,remind,REMIND,SSP1-PkBudg650,REMIND — SSP1-PkBudg650,remind | SSP1-PkBudg650,<2.0 °C,2050,Transport,"('IPCC 2021', 'climate change', 'GWP 100a, incl. H')","climate change — GWP 100a, incl. H (premise_gwp)",kg CO2-Eq,0.817019954897125,0.8170199466973727,-8.199752321580434e-09,0.8170199527153496,-2.1817754269903844e-09
ecoinvent-3.12-cutoff_remind-SSP1-PkBudg650_2050_06-2_full,remind,REMIND,SSP1-PkBudg650,REMIND — SSP1-PkBudg650,remind | SSP1-PkBudg650,<2.0 °C,2050,Chemicals,"('IPCC 2021', 'climate change', 'GWP 100a, incl. H')","climate change — GWP 100a, incl. H (premise_gwp)",kg CO2-Eq,0.7108391933267831,0.7108391840963495,-9.230433639650926e-09,0.7108391901143265,-3.212456634038574e-09
ecoinvent-3.12-cutoff_remind-SSP1-PkBudg650_2050_06-2_full,remind,REMIND,SSP1-PkBudg650,REMIND — SSP1-PkBudg650,remind | SSP1-PkBudg650,<2.0 °C,2050,Steel,"('IPCC 2021', 'climate change', 'GWP 100a, incl. H')","climate change — GWP 100a, incl. H (premise_gwp)",kg CO2-Eq,0.8076366532482051,0.8076366430245807,-1.0223624391514363e-08,0.8076366490425576,-4.205647496924314e-09
ecoinvent-3.12-cutoff_remind-SSP1-PkBudg650_2050_06-2_full,remind,REMIND,SSP1-PkBudg650,REMIND — SSP1-PkBudg650,remind | SSP1-PkBudg650,<2.0 °C,2050,Cement,"('IPCC 2021', 'climate change', 'GWP 100a, incl. H')","climate change — GWP 100a, incl. H (premise_gwp)",kg CO2-Eq,0.8076366532482051,0.8076366430245807,-1.0223624391514363e-08,0.8076366490425576,-4.205647496924314e-09
ecoinvent-3.12-cutoff_remind-SSP1-PkBudg650_2050_06-2_full,remind,REMIND,SSP1-PkBudg650,REMIND — SSP1-PkBudg650,remind | SSP1-PkBudg650,<2.0 °C,2050,Other end uses,"('IPCC 2021', 'climate change', 'GWP 100a, incl. H')","climate change — GWP 100a, incl. H (premise_gwp)",kg CO2-Eq,0.8170199548971256,0.8170199466973727,-8.199752987714248e-09,0.8170199527153496,-2.181776093124199e-09
