year;region;powertrain;construction_year;size;vintage_demand_vkm
2005;BRA;FCEV;2000;26t;0
2010;BRA;FCEV;2000;26t;0
2015;BRA;FCEV;2005;26t;0
2020;BRA;FCEV;2010;26t;0
2025;BRA;FCEV;2015;26t;0
2030;BRA;FCEV;2020;26t;0
2035;BRA;FCEV;2025;26t;7.4415E-08
2040;BRA;FCEV;2030;26t;0.01488312
2045;BRA;FCEV;2035;26t;0.118351501
2050;BRA;FCEV;2040;26t;0.259829315
2060;BRA;FCEV;2050;26t;0.215552307
2005;BRA;FCEV;2000;40t;0
2010;BRA;FCEV;2000;40t;0
2015;BRA;FCEV;2005;40t;7.82662E-29
2020;BRA;FCEV;2010;40t;6.38445E-24
2025;BRA;FCEV;2015;40t;4.17333E-16
2030;BRA;FCEV;2020;40t;2.4389E-12
2035;BRA;FCEV;2025;40t;6.85374E-08
2040;BRA;FCEV;2030;40t;0.084260578
2045;BRA;FCEV;2035;40t;0.75061073
2050;BRA;FCEV;2040;40t;1.796497759
2060;BRA;FCEV;2050;40t;1.800945989
2005;BRA;HEV-d;2000;26t;0.000892566
2010;BRA;HEV-d;2000;26t;0.002136471
2015;BRA;HEV-d;2005;26t;0.641390686
2020;BRA;HEV-d;2010;26t;1.166123037
2025;BRA;HEV-d;2015;26t;5.878945631
2030;BRA;HEV-d;2020;26t;9.906657293
2035;BRA;HEV-d;2025;26t;11.18341425
2040;BRA;HEV-d;2030;26t;7.217344574
2045;BRA;HEV-d;2035;26t;3.977224365
2050;BRA;HEV-d;2040;26t;2.715466858
2060;BRA;HEV-d;2050;26t;2.465237457
2005;BRA;HEV-d;2000;40t;0.001064015
2010;BRA;HEV-d;2000;40t;0.002675205
2015;BRA;HEV-d;2005;40t;2.15220932
2020;BRA;HEV-d;2010;40t;3.938599695
2025;BRA;HEV-d;2015;40t;39.58799486
2030;BRA;HEV-d;2020;40t;57.95390841
2035;BRA;HEV-d;2025;40t;66.5775687
2040;BRA;HEV-d;2030;40t;49.4180697
2045;BRA;HEV-d;2035;40t;32.50038257
2050;BRA;HEV-d;2040;40t;26.46039063
2060;BRA;HEV-d;2050;40t;31.4753623
2005;BRA;ICEV-d;2000;26t;89.36265161
2010;BRA;ICEV-d;2000;26t;100.4083888
2015;BRA;ICEV-d;2005;26t;102.389905
2020;BRA;ICEV-d;2010;26t;104.6853924
2025;BRA;ICEV-d;2015;26t;81.04563196
2030;BRA;ICEV-d;2020;26t;59.79271509
2035;BRA;ICEV-d;2025;26t;39.5765271
2040;BRA;ICEV-d;2030;26t;20.75073206
2045;BRA;ICEV-d;2035;26t;7.757915283
2050;BRA;ICEV-d;2040;26t;3.334943192
2060;BRA;ICEV-d;2050;26t;2.457651985
2005;BRA;ICEV-d;2000;40t;357.241485
2010;BRA;ICEV-d;2000;40t;402.9373065
2015;BRA;ICEV-d;2005;40t;428.0355711
2020;BRA;ICEV-d;2010;40t;446.0933516
2025;BRA;ICEV-d;2015;40t;422.9367332
2030;BRA;ICEV-d;2020;40t;367.2928291
2035;BRA;ICEV-d;2025;40t;285.6714658
2040;BRA;ICEV-d;2030;40t;166.9525732
2045;BRA;ICEV-d;2035;40t;72.78399121
2050;BRA;ICEV-d;2040;40t;38.08612524
2060;BRA;ICEV-d;2050;40t;35.53145264
2005;BRA;PHEV-d;2000;26t;2.19343E-07
2010;BRA;PHEV-d;2000;26t;4.69633E-05
2015;BRA;PHEV-d;2005;26t;4.376804977
2020;BRA;PHEV-d;2010;26t;8.063801165
2025;BRA;PHEV-d;2015;26t;42.21249703
2030;BRA;PHEV-d;2020;26t;75.99456268
2035;BRA;PHEV-d;2025;26t;111.6642989
2040;BRA;PHEV-d;2030;26t;153.1233127
2045;BRA;PHEV-d;2035;26t;185.4601689
2050;BRA;PHEV-d;2040;26t;205.398043
2060;BRA;PHEV-d;2050;26t;221.8153838
2005;BRA;PHEV-d;2000;40t;9.25834E-07
2010;BRA;PHEV-d;2000;40t;1.00149E-06
2015;BRA;PHEV-d;2005;40t;8.261640616
2020;BRA;PHEV-d;2010;40t;15.23751653
2025;BRA;PHEV-d;2015;40t;62.9944843
2030;BRA;PHEV-d;2020;40t;165.8989944
2035;BRA;PHEV-d;2025;40t;305.5228645
2040;BRA;PHEV-d;2030;40t;516.5286157
2045;BRA;PHEV-d;2035;40t;693.6690195
2050;BRA;PHEV-d;2040;40t;792.9317969
2060;BRA;PHEV-d;2050;40t;852.6659805
2005;CAN;FCEV;2000;40t;0
2010;CAN;FCEV;2000;40t;0
2015;CAN;FCEV;2005;40t;0
2020;CAN;FCEV;2010;40t;0
2025;CAN;FCEV;2015;40t;0
2030;CAN;FCEV;2020;40t;0
2035;CAN;FCEV;2025;40t;8.53165E-09
2040;CAN;FCEV;2030;40t;0.003541403
2045;CAN;FCEV;2035;40t;0.03084461
2050;CAN;FCEV;2040;40t;0.080191528
2060;CAN;FCEV;2050;40t;0.165263504
2005;CAN;HEV-d;2000;26t;3.34233E-08
2010;CAN;HEV-d;2000;26t;1.76746E-05
2015;CAN;HEV-d;2005;26t;0.065939719
2020;CAN;HEV-d;2010;26t;0.121105099
2025;CAN;HEV-d;2015;26t;0.851696022
2030;CAN;HEV-d;2020;26t;1.255580444
2035;CAN;HEV-d;2025;26t;1.451060303
2040;CAN;HEV-d;2030;26t;1.244512543
2045;CAN;HEV-d;2035;26t;0.861938217
2050;CAN;HEV-d;2040;26t;0.596519463
2060;CAN;HEV-d;2050;26t;0.473483559
2005;CAN;HEV-d;2000;40t;3.38128E-07
2010;CAN;HEV-d;2000;40t;7.83027E-05
2015;CAN;HEV-d;2005;40t;0.525287773
2020;CAN;HEV-d;2010;40t;0.969787384
2025;CAN;HEV-d;2015;40t;9.136847128
2030;CAN;HEV-d;2020;40t;12.8539622
2035;CAN;HEV-d;2025;40t;16.34631377
2040;CAN;HEV-d;2030;40t;17.46486932
2045;CAN;HEV-d;2035;40t;15.63630876
2050;CAN;HEV-d;2040;40t;13.52180005
2060;CAN;HEV-d;2050;40t;12.12762231
2005;CAN;ICEV-d;2000;26t;9.655561419
2010;CAN;ICEV-d;2000;26t;9.198695641
2015;CAN;ICEV-d;2005;26t;10.97843451
2020;CAN;ICEV-d;2010;26t;11.48887991
2025;CAN;ICEV-d;2015;26t;10.97128955
2030;CAN;ICEV-d;2020;26t;8.817393433
2035;CAN;ICEV-d;2025;26t;6.215448425
2040;CAN;ICEV-d;2030;26t;3.588508018
2045;CAN;ICEV-d;2035;26t;1.662504154
2050;CAN;ICEV-d;2040;26t;0.80202491
2060;CAN;ICEV-d;2050;26t;0.518062329
2005;CAN;ICEV-d;2000;40t;96.11566655
2010;CAN;ICEV-d;2000;40t;92.34226705
2015;CAN;ICEV-d;2005;40t;112.5249701
2020;CAN;ICEV-d;2010;40t;118.9532334
2025;CAN;ICEV-d;2015;40t;115.686311
2030;CAN;ICEV-d;2020;40t;103.8532576
2035;CAN;ICEV-d;2025;40t;85.12789368
2040;CAN;ICEV-d;2030;40t;57.85788647
2045;CAN;ICEV-d;2035;40t;32.52106873
2050;CAN;ICEV-d;2040;40t;19.58398373
2060;CAN;ICEV-d;2050;40t;14.24167575
2005;CAN;PHEV-d;2000;26t;2.73657E-09
2010;CAN;PHEV-d;2000;26t;1.47573E-08
2015;CAN;PHEV-d;2005;26t;0.168712366
2020;CAN;PHEV-d;2010;26t;0.311623362
2025;CAN;PHEV-d;2015;26t;0.918690611
2030;CAN;PHEV-d;2020;26t;3.335019617
2035;CAN;PHEV-d;2025;26t;6.589519906
2040;CAN;PHEV-d;2030;26t;10.44531076
2045;CAN;PHEV-d;2035;26t;13.65171564
2050;CAN;PHEV-d;2040;26t;15.64230743
2060;CAN;PHEV-d;2050;26t;18.04705212
2005;CAN;PHEV-d;2000;40t;5.64196E-09
2010;CAN;PHEV-d;2000;40t;5.95665E-08
2015;CAN;PHEV-d;2005;40t;0.873675673
2020;CAN;PHEV-d;2010;40t;1.619990589
2025;CAN;PHEV-d;2015;40t;5.484432185
2030;CAN;PHEV-d;2020;40t;20.62821995
2035;CAN;PHEV-d;2025;40t;44.39262448
2040;CAN;PHEV-d;2030;40t;80.81421259
2045;CAN;PHEV-d;2035;40t;117.3968416
2050;CAN;PHEV-d;2040;40t;141.6723145
2060;CAN;PHEV-d;2050;40t;168.7703291
2005;CEU;HEV-d;2000;26t;0.000566528
2010;CEU;HEV-d;2000;26t;0.000972298
2015;CEU;HEV-d;2005;26t;0.05276516
2020;CEU;HEV-d;2010;26t;0.097317673
2025;CEU;HEV-d;2015;26t;0.259020386
2030;CEU;HEV-d;2020;26t;0.335698914
2035;CEU;HEV-d;2025;26t;0.263084503
2040;CEU;HEV-d;2030;26t;0.144762207
2045;CEU;HEV-d;2035;26t;0.062708691
2050;CEU;HEV-d;2040;26t;0.040131229
2060;CEU;HEV-d;2050;26t;0.048923618
2005;CEU;HEV-d;2000;40t;0.001732912
2010;CEU;HEV-d;2000;40t;0.003086822
2015;CEU;HEV-d;2005;40t;0.710328308
2020;CEU;HEV-d;2010;40t;1.33905411
2025;CEU;HEV-d;2015;40t;4.798346876
2030;CEU;HEV-d;2020;40t;7.199682684
2035;CEU;HEV-d;2025;40t;6.516517337
2040;CEU;HEV-d;2030;40t;4.372377563
2045;CEU;HEV-d;2035;40t;2.668627319
2050;CEU;HEV-d;2040;40t;2.151288467
2060;CEU;HEV-d;2050;40t;2.341623932
2005;CEU;ICEV-d;2000;26t;7.894464661
2010;CEU;ICEV-d;2000;26t;9.154809265
2015;CEU;ICEV-d;2005;26t;9.846088989
2020;CEU;ICEV-d;2010;26t;10.142979
2025;CEU;ICEV-d;2015;26t;6.546034058
2030;CEU;ICEV-d;2020;26t;3.243821289
2035;CEU;ICEV-d;2025;26t;0.985852455
2040;CEU;ICEV-d;2030;26t;0.416586161
2045;CEU;ICEV-d;2035;26t;0.128738278
2050;CEU;ICEV-d;2040;26t;0.057042071
2060;CEU;ICEV-d;2050;26t;0.059236577
2005;CEU;ICEV-d;2000;40t;70.99925117
2010;CEU;ICEV-d;2000;40t;82.28345062
2015;CEU;ICEV-d;2005;40t;93.38695129
2020;CEU;ICEV-d;2010;40t;98.95769078
2025;CEU;ICEV-d;2015;40t;67.98107404
2030;CEU;ICEV-d;2020;40t;44.26567041
2035;CEU;ICEV-d;2025;40t;24.36800818
2040;CEU;ICEV-d;2030;40t;13.22518878
2045;CEU;ICEV-d;2035;40t;5.210759766
2050;CEU;ICEV-d;2040;40t;2.632348373
2060;CEU;ICEV-d;2050;40t;2.422774399
2005;CEU;PHEV-d;2000;26t;5.31889E-05
2010;CEU;PHEV-d;2000;26t;0.000131734
2015;CEU;PHEV-d;2005;26t;0.855300204
2020;CEU;PHEV-d;2010;26t;1.634172312
2025;CEU;PHEV-d;2015;26t;6.459377585
2030;CEU;PHEV-d;2020;26t;10.77992259
2035;CEU;PHEV-d;2025;26t;14.33064731
2040;CEU;PHEV-d;2030;26t;16.40339301
2045;CEU;PHEV-d;2035;26t;17.77880713
2050;CEU;PHEV-d;2040;26t;18.72886719
2060;CEU;PHEV-d;2050;26t;19.6329209
2005;CEU;PHEV-d;2000;40t;4.21782E-06
2010;CEU;PHEV-d;2000;40t;9.0072E-05
2015;CEU;PHEV-d;2005;40t;4.227610472
2020;CEU;PHEV-d;2010;40t;8.086788785
2025;CEU;PHEV-d;2015;40t;48.47638101
2030;CEU;PHEV-d;2020;40t;80.04907043
2035;CEU;PHEV-d;2025;40t;111.3745135
2040;CEU;PHEV-d;2030;40t;136.2253796
2045;CEU;PHEV-d;2035;40t;154.2828818
2050;CEU;PHEV-d;2040;40t;164.6344102
2060;CEU;PHEV-d;2050;40t;172.6693496
2005;CHN;FCEV;2000;26t;0
2010;CHN;FCEV;2000;26t;0
2015;CHN;FCEV;2005;26t;0
2020;CHN;FCEV;2010;26t;0
2025;CHN;FCEV;2015;26t;0
2030;CHN;FCEV;2020;26t;0
2035;CHN;FCEV;2025;26t;3.10958E-07
2040;CHN;FCEV;2030;26t;0.003661325
2045;CHN;FCEV;2035;26t;0.132375595
2050;CHN;FCEV;2040;26t;0.44832309
2060;CHN;FCEV;2050;26t;0.512897888
2005;CHN;FCEV;2000;40t;0
2010;CHN;FCEV;2000;40t;0
2015;CHN;FCEV;2005;40t;3.18447E-26
2020;CHN;FCEV;2010;40t;8.46218E-22
2025;CHN;FCEV;2015;40t;1.15208E-13
2030;CHN;FCEV;2020;40t;2.36021E-10
2035;CHN;FCEV;2025;40t;1.01837E-06
2040;CHN;FCEV;2030;40t;0.035595661
2045;CHN;FCEV;2035;40t;0.915065552
2050;CHN;FCEV;2040;40t;3.323250305
2060;CHN;FCEV;2050;40t;4.926605072
2005;CHN;HEV-d;2000;26t;0.001017682
2010;CHN;HEV-d;2000;26t;0.008197365
2015;CHN;HEV-d;2005;26t;7.854639893
2020;CHN;HEV-d;2010;26t;17.79981751
2025;CHN;HEV-d;2015;26t;66.24940926
2030;CHN;HEV-d;2020;26t;100.9415799
2035;CHN;HEV-d;2025;26t;109.8212979
2040;CHN;HEV-d;2030;26t;85.97218895
2045;CHN;HEV-d;2035;26t;54.15138013
2050;CHN;HEV-d;2040;26t;35.00794067
2060;CHN;HEV-d;2050;26t;27.9611709
2005;CHN;HEV-d;2000;40t;8.74808E-05
2010;CHN;HEV-d;2000;40t;0.005067168
2015;CHN;HEV-d;2005;40t;19.1146499
2020;CHN;HEV-d;2010;40t;43.75539368
2025;CHN;HEV-d;2015;40t;353.7485074
2030;CHN;HEV-d;2020;40t;476.7101539
2035;CHN;HEV-d;2025;40t;509.4496141
2040;CHN;HEV-d;2030;40t;451.950503
2045;CHN;HEV-d;2035;40t;340.3415059
2050;CHN;HEV-d;2040;40t;260.1556963
2060;CHN;HEV-d;2050;40t;229.8152949
2005;CHN;ICEV-d;2000;26t;255.5219145
2010;CHN;ICEV-d;2000;26t;467.9388804
2015;CHN;ICEV-d;2005;26t;770.4804028
2020;CHN;ICEV-d;2010;26t;980.1456807
2025;CHN;ICEV-d;2015;26t;780.4043489
2030;CHN;ICEV-d;2020;26t;530.2075442
2035;CHN;ICEV-d;2025;26t;327.0612058
2040;CHN;ICEV-d;2030;26t;191.9425935
2045;CHN;ICEV-d;2035;26t;87.44768982
2050;CHN;ICEV-d;2040;26t;41.48246265
2060;CHN;ICEV-d;2050;26t;28.22306433
2005;CHN;ICEV-d;2000;40t;764.3965638
2010;CHN;ICEV-d;2000;40t;1408.141783
2015;CHN;ICEV-d;2005;40t;2426.625069
2020;CHN;ICEV-d;2010;40t;3151.950024
2025;CHN;ICEV-d;2015;40t;2954.943532
2030;CHN;ICEV-d;2020;40t;2461.606512
2035;CHN;ICEV-d;2025;40t;1867.797104
2040;CHN;ICEV-d;2030;40t;1219.598122
2045;CHN;ICEV-d;2035;40t;635.5874541
2050;CHN;ICEV-d;2040;40t;351.4480439
2060;CHN;ICEV-d;2050;40t;259.1922354
2005;CHN;PHEV-d;2000;26t;3.30176E-07
2010;CHN;PHEV-d;2000;26t;0.000232248
2015;CHN;PHEV-d;2005;26t;37.03992406
2020;CHN;PHEV-d;2010;26t;85.28935443
2025;CHN;PHEV-d;2015;26t;444.0120934
2030;CHN;PHEV-d;2020;26t;831.8458725
2035;CHN;PHEV-d;2025;26t;1164.286273
2040;CHN;PHEV-d;2030;26t;1452.246445
2045;CHN;PHEV-d;2035;26t;1679.16368
2050;CHN;PHEV-d;2040;26t;1798.213813
2060;CHN;PHEV-d;2050;26t;1810.336688
2005;CHN;PHEV-d;2000;40t;4.01325E-08
2010;CHN;PHEV-d;2000;40t;1.88684E-06
2015;CHN;PHEV-d;2005;40t;52.62733972
2020;CHN;PHEV-d;2010;40t;121.3438821
2025;CHN;PHEV-d;2015;40t;621.3941173
2030;CHN;PHEV-d;2020;40t;1500.831529
2035;CHN;PHEV-d;2025;40t;2470.925109
2040;CHN;PHEV-d;2030;40t;3560.314148
2045;CHN;PHEV-d;2035;40t;4530.508516
2050;CHN;PHEV-d;2040;40t;5061.116469
2060;CHN;PHEV-d;2050;40t;5159.575719
2005;EAF;FCEV;2000;40t;0
2010;EAF;FCEV;2000;40t;0
2015;EAF;FCEV;2005;40t;0
2020;EAF;FCEV;2010;40t;0
2025;EAF;FCEV;2015;40t;0
2030;EAF;FCEV;2020;40t;0
2035;EAF;FCEV;2025;40t;0
2040;EAF;FCEV;2030;40t;0.004647018
2045;EAF;FCEV;2035;40t;0.043522751
2050;EAF;FCEV;2040;40t;0.121271301
2060;EAF;FCEV;2050;40t;0.353489594
2005;EAF;HEV-d;2000;26t;1.1381E-06
2010;EAF;HEV-d;2000;26t;1.40407E-05
2015;EAF;HEV-d;2005;26t;0.053145102
2020;EAF;HEV-d;2010;26t;0.109577066
2025;EAF;HEV-d;2015;26t;0.5584245
2030;EAF;HEV-d;2020;26t;1.175990097
2035;EAF;HEV-d;2025;26t;1.929699249
2040;EAF;HEV-d;2030;26t;2.414186951
2045;EAF;HEV-d;2035;26t;2.692394714
2050;EAF;HEV-d;2040;26t;2.968278961
2060;EAF;HEV-d;2050;26t;3.455186768
2005;EAF;HEV-d;2000;40t;9.79396E-09
2010;EAF;HEV-d;2000;40t;6.86713E-06
2015;EAF;HEV-d;2005;40t;0.108306064
2020;EAF;HEV-d;2010;40t;0.223610483
2025;EAF;HEV-d;2015;40t;1.640283852
2030;EAF;HEV-d;2020;40t;3.479626801
2035;EAF;HEV-d;2025;40t;6.595787559
2040;EAF;HEV-d;2030;40t;10.79090732
2045;EAF;HEV-d;2035;40t;15.32709671
2050;EAF;HEV-d;2040;40t;19.42560455
2060;EAF;HEV-d;2050;40t;25.18559961
2005;EAF;ICEV-d;2000;26t;2.700558899
2010;EAF;ICEV-d;2000;26t;3.433514572
2015;EAF;ICEV-d;2005;26t;6.185829895
2020;EAF;ICEV-d;2010;26t;7.270596497
2025;EAF;ICEV-d;2015;26t;8.104414185
2030;EAF;ICEV-d;2020;26t;8.804584839
2035;EAF;ICEV-d;2025;26t;8.635660034
2040;EAF;ICEV-d;2030;26t;7.003479919
2045;EAF;ICEV-d;2035;26t;5.09565979
2050;EAF;ICEV-d;2040;26t;4.144576294
2060;EAF;ICEV-d;2050;26t;4.007407166
2005;EAF;ICEV-d;2000;40t;10.6070797
2010;EAF;ICEV-d;2000;40t;13.48241314
2015;EAF;ICEV-d;2005;40t;25.1820409
2020;EAF;ICEV-d;2010;40t;29.84912946
2025;EAF;ICEV-d;2015;40t;34.45992029
2030;EAF;ICEV-d;2020;40t;40.36850626
2035;EAF;ICEV-d;2025;40t;43.85061478
2040;EAF;ICEV-d;2030;40t;40.65286267
2045;EAF;ICEV-d;2035;40t;34.37997076
2050;EAF;ICEV-d;2040;40t;31.10902631
2060;EAF;ICEV-d;2050;40t;32.54970349
2005;EAF;PHEV-d;2000;26t;1.68976E-10
2010;EAF;PHEV-d;2000;26t;2.04912E-09
2015;EAF;PHEV-d;2005;26t;0.090414172
2020;EAF;PHEV-d;2010;26t;0.187681842
2025;EAF;PHEV-d;2015;26t;0.475122482
2030;EAF;PHEV-d;2020;26t;1.49195721
2035;EAF;PHEV-d;2025;26t;3.764912566
2040;EAF;PHEV-d;2030;26t;8.578777702
2045;EAF;PHEV-d;2035;26t;15.17232236
2050;EAF;PHEV-d;2040;26t;21.72049811
2060;EAF;PHEV-d;2050;26t;34.88497131
2005;EAF;PHEV-d;2000;40t;7.61382E-12
2010;EAF;PHEV-d;2000;40t;2.45759E-09
2015;EAF;PHEV-d;2005;40t;0.098232022
2020;EAF;PHEV-d;2010;40t;0.203575063
2025;EAF;PHEV-d;2015;40t;0.493364627
2030;EAF;PHEV-d;2020;40t;2.02418518
2035;EAF;PHEV-d;2025;40t;6.727821209
2040;EAF;PHEV-d;2030;40t;20.45803488
2045;EAF;PHEV-d;2035;40t;41.92380292
2050;EAF;PHEV-d;2040;40t;64.00013184
2060;EAF;PHEV-d;2050;40t;109.6146763
2005;INDIA;FCEV;2000;26t;0
2010;INDIA;FCEV;2000;26t;0
2015;INDIA;FCEV;2005;26t;0
2020;INDIA;FCEV;2010;26t;0
2025;INDIA;FCEV;2015;26t;0
2030;INDIA;FCEV;2020;26t;0
2035;INDIA;FCEV;2025;26t;3.68449E-08
2040;INDIA;FCEV;2030;26t;0.006264589
2045;INDIA;FCEV;2035;26t;0.108819397
2050;INDIA;FCEV;2040;26t;0.413859589
2060;INDIA;FCEV;2050;26t;0.709439819
2005;INDIA;FCEV;2000;40t;0
2010;INDIA;FCEV;2000;40t;0
2015;INDIA;FCEV;2005;40t;3.61598E-37
2020;INDIA;FCEV;2010;40t;3.50484E-32
2025;INDIA;FCEV;2015;40t;5.09804E-24
2030;INDIA;FCEV;2020;40t;3.81064E-18
2035;INDIA;FCEV;2025;40t;4.71299E-12
2040;INDIA;FCEV;2030;40t;0.048029605
2045;INDIA;FCEV;2035;40t;0.886519734
2050;INDIA;FCEV;2040;40t;3.79163078
2060;INDIA;FCEV;2050;40t;8.258444842
2005;INDIA;HEV-d;2000;26t;0.00012623
2010;INDIA;HEV-d;2000;26t;0.000518628
2015;INDIA;HEV-d;2005;26t;1.21216452
2020;INDIA;HEV-d;2010;26t;2.566413514
2025;INDIA;HEV-d;2015;26t;21.88678745
2030;INDIA;HEV-d;2020;26t;36.28351393
2035;INDIA;HEV-d;2025;26t;53.11057579
2040;INDIA;HEV-d;2030;26t;69.19740421
2045;INDIA;HEV-d;2035;26t;74.51279364
2050;INDIA;HEV-d;2040;26t;71.39143335
2060;INDIA;HEV-d;2050;26t;64.40030444
2005;INDIA;HEV-d;2000;40t;1.75385E-06
2010;INDIA;HEV-d;2000;40t;0.00060086
2015;INDIA;HEV-d;2005;40t;4.631182434
2020;INDIA;HEV-d;2010;40t;9.830923828
2025;INDIA;HEV-d;2015;40t;89.53639387
2030;INDIA;HEV-d;2020;40t;157.4464737
2035;INDIA;HEV-d;2025;40t;269.7851872
2040;INDIA;HEV-d;2030;40t;440.4019166
2045;INDIA;HEV-d;2035;40t;577.0976855
2050;INDIA;HEV-d;2040;40t;644.1736367
2060;INDIA;HEV-d;2050;40t;677.9412158
2005;INDIA;ICEV-d;2000;26t;90.43979412
2010;INDIA;ICEV-d;2000;26t;127.9498697
2015;INDIA;ICEV-d;2005;26t;187.2878166
2020;INDIA;ICEV-d;2010;26t;226.6986745
2025;INDIA;ICEV-d;2015;26t;270.8480941
2030;INDIA;ICEV-d;2020;26t;279.4312842
2035;INDIA;ICEV-d;2025;26t;262.2182007
2040;INDIA;ICEV-d;2030;26t;212.2846758
2045;INDIA;ICEV-d;2035;26t;145.9723096
2050;INDIA;ICEV-d;2040;26t;102.3580759
2060;INDIA;ICEV-d;2050;26t;74.97313354
2005;INDIA;ICEV-d;2000;40t;511.0670437
2010;INDIA;ICEV-d;2000;40t;726.0989415
2015;INDIA;ICEV-d;2005;40t;1092.39381
2020;INDIA;ICEV-d;2010;40t;1331.018818
2025;INDIA;ICEV-d;2015;40t;1671.889302
2030;INDIA;ICEV-d;2020;40t;1844.291023
2035;INDIA;ICEV-d;2025;40t;1883.578377
2040;INDIA;ICEV-d;2030;40t;1678.235592
2045;INDIA;ICEV-d;2035;40t;1308.262539
2050;INDIA;ICEV-d;2040;40t;1049.330592
2060;INDIA;ICEV-d;2050;40t;883.0599385
2005;INDIA;PHEV-d;2000;26t;5.62683E-08
2010;INDIA;PHEV-d;2000;26t;2.07893E-07
2015;INDIA;PHEV-d;2005;26t;2.268598219
2020;INDIA;PHEV-d;2010;26t;4.835304481
2025;INDIA;PHEV-d;2015;26t;16.61269187
2030;INDIA;PHEV-d;2020;26t;50.07167686
2035;INDIA;PHEV-d;2025;26t;112.8313454
2040;INDIA;PHEV-d;2030;26t;218.9803206
2045;INDIA;PHEV-d;2035;26t;353.2816953
2050;INDIA;PHEV-d;2040;26t;473.5004043
2060;INDIA;PHEV-d;2050;26t;644.7757813
2005;INDIA;PHEV-d;2000;40t;3.80701E-08
2010;INDIA;PHEV-d;2000;40t;4.79671E-07
2015;INDIA;PHEV-d;2005;40t;5.113490935
2020;INDIA;PHEV-d;2010;40t;10.89901402
2025;INDIA;PHEV-d;2015;40t;26.82485127
2030;INDIA;PHEV-d;2020;40t;115.3775021
2035;INDIA;PHEV-d;2025;40t;323.9477503
2040;INDIA;PHEV-d;2030;40t;771.5840415
2045;INDIA;PHEV-d;2035;40t;1422.491832
2050;INDIA;PHEV-d;2040;40t;2036.160164
2060;INDIA;PHEV-d;2050;40t;2947.776375
2005;INDO;FCEV;2000;40t;0
2010;INDO;FCEV;2000;40t;0
2015;INDO;FCEV;2005;40t;8.20712E-41
2020;INDO;FCEV;2010;40t;8.13804E-38
2025;INDO;FCEV;2015;40t;2.42784E-32
2030;INDO;FCEV;2020;40t;2.7022E-23
2035;INDO;FCEV;2025;40t;5.96163E-15
2040;INDO;FCEV;2030;40t;0.001166683
2045;INDO;FCEV;2035;40t;0.018632184
2050;INDO;FCEV;2040;40t;0.090911629
2060;INDO;FCEV;2050;40t;0.187606694
2005;INDO;HEV-d;2000;26t;1.10736E-07
2010;INDO;HEV-d;2000;26t;1.28732E-05
2015;INDO;HEV-d;2005;26t;0.417103611
2020;INDO;HEV-d;2010;26t;0.928142982
2025;INDO;HEV-d;2015;26t;4.084103928
2030;INDO;HEV-d;2020;26t;11.51441138
2035;INDO;HEV-d;2025;26t;28.30529883
2040;INDO;HEV-d;2030;26t;56.45324268
2045;INDO;HEV-d;2035;26t;82.40840283
2050;INDO;HEV-d;2040;26t;96.97090332
2060;INDO;HEV-d;2050;26t;98.26444238
2005;INDO;HEV-d;2000;40t;3.76547E-07
2010;INDO;HEV-d;2000;40t;1.04758E-06
2015;INDO;HEV-d;2005;40t;1.242342773
2020;INDO;HEV-d;2010;40t;2.767289642
2025;INDO;HEV-d;2015;40t;7.452124146
2030;INDO;HEV-d;2020;40t;36.04270679
2035;INDO;HEV-d;2025;40t;115.1293518
2040;INDO;HEV-d;2030;40t;287.9304716
2045;INDO;HEV-d;2035;40t;493.6342905
2050;INDO;HEV-d;2040;40t;646.839335
2060;INDO;HEV-d;2050;40t;745.2380277
2005;INDO;ICEV-d;2000;26t;70.50705866
2010;INDO;ICEV-d;2000;26t;92.47623806
2015;INDO;ICEV-d;2005;26t;136.846215
2020;INDO;ICEV-d;2010;26t;174.8957261
2025;INDO;ICEV-d;2015;26t;210.6646252
2030;INDO;ICEV-d;2020;26t;239.1557628
2035;INDO;ICEV-d;2025;26t;250.8708902
2040;INDO;ICEV-d;2030;26t;230.5718969
2045;INDO;ICEV-d;2035;26t;190.1142794
2050;INDO;ICEV-d;2040;26t;159.1514414
2060;INDO;ICEV-d;2050;26t;126.5652517
2005;INDO;ICEV-d;2000;40t;399.6500818
2010;INDO;ICEV-d;2000;40t;527.0963704
2015;INDO;ICEV-d;2005;40t;800.5907968
2020;INDO;ICEV-d;2010;40t;1026.234046
2025;INDO;ICEV-d;2015;40t;1246.336035
2030;INDO;ICEV-d;2020;40t;1434.848015
2035;INDO;ICEV-d;2025;40t;1560.775353
2040;INDO;ICEV-d;2030;40t;1526.62644
2045;INDO;ICEV-d;2035;40t;1362.431707
2050;INDO;ICEV-d;2040;40t;1225.182579
2060;INDO;ICEV-d;2050;40t;1076.933608
2005;INDO;PHEV-d;2000;26t;5.84654E-11
2010;INDO;PHEV-d;2000;26t;1.96021E-08
2015;INDO;PHEV-d;2005;26t;0.484578834
2020;INDO;PHEV-d;2010;26t;1.081409228
2025;INDO;PHEV-d;2015;26t;1.037666807
2030;INDO;PHEV-d;2020;26t;3.124868152
2035;INDO;PHEV-d;2025;26t;13.63629456
2040;INDO;PHEV-d;2030;26t;45.32288017
2045;INDO;PHEV-d;2035;26t;96.15814941
2050;INDO;PHEV-d;2040;26t;146.515953
2060;INDO;PHEV-d;2050;26t;229.5852949
2005;INDO;PHEV-d;2000;40t;1.53419E-10
2010;INDO;PHEV-d;2000;40t;5.89926E-09
2015;INDO;PHEV-d;2005;40t;0.467536502
2020;INDO;PHEV-d;2010;40t;1.04366658
2025;INDO;PHEV-d;2015;40t;1.202156382
2030;INDO;PHEV-d;2020;40t;5.510899774
2035;INDO;PHEV-d;2025;40t;29.82267912
2040;INDO;PHEV-d;2030;40t;123.2178142
2045;INDO;PHEV-d;2035;40t;295.4406404
2050;INDO;PHEV-d;2040;40t;479.3352126
2060;INDO;PHEV-d;2050;40t;825.6283838
2005;JAP;FCEV;2000;40t;0
2010;JAP;FCEV;2000;40t;0
2015;JAP;FCEV;2005;40t;0
2020;JAP;FCEV;2010;40t;0
2025;JAP;FCEV;2015;40t;0
2030;JAP;FCEV;2020;40t;0
2035;JAP;FCEV;2025;40t;0
2040;JAP;FCEV;2030;40t;0.01881267
2045;JAP;FCEV;2035;40t;0.116661102
2050;JAP;FCEV;2040;40t;0.271483612
2060;JAP;FCEV;2050;40t;0.371518311
2005;JAP;HEV-d;2000;26t;0.005539302
2010;JAP;HEV-d;2000;26t;0.008019793
2015;JAP;HEV-d;2005;26t;0.550888809
2020;JAP;HEV-d;2010;26t;1.029113348
2025;JAP;HEV-d;2015;26t;2.875646614
2030;JAP;HEV-d;2020;26t;3.394579914
2035;JAP;HEV-d;2025;26t;3.496613014
2040;JAP;HEV-d;2030;26t;2.36365358
2045;JAP;HEV-d;2035;26t;1.427542877
2050;JAP;HEV-d;2040;26t;0.940623184
2060;JAP;HEV-d;2050;26t;0.838862595
2005;JAP;HEV-d;2000;40t;0.001548706
2010;JAP;HEV-d;2000;40t;0.002333331
2015;JAP;HEV-d;2005;40t;1.134256332
2020;JAP;HEV-d;2010;40t;2.163609795
2025;JAP;HEV-d;2015;40t;10.74408702
2030;JAP;HEV-d;2020;40t;14.20322384
2035;JAP;HEV-d;2025;40t;16.08939169
2040;JAP;HEV-d;2030;40t;11.84648676
2045;JAP;HEV-d;2035;40t;7.659491516
2050;JAP;HEV-d;2040;40t;5.239787659
2060;JAP;HEV-d;2050;40t;4.886179077
2005;JAP;ICEV-d;2000;26t;77.39130576
2010;JAP;ICEV-d;2000;26t;60.19646833
2015;JAP;ICEV-d;2005;26t;68.37688094
2020;JAP;ICEV-d;2010;26t;71.43090047
2025;JAP;ICEV-d;2015;26t;41.95775262
2030;JAP;ICEV-d;2020;26t;20.5923374
2035;JAP;ICEV-d;2025;26t;9.241678284
2040;JAP;ICEV-d;2030;26t;5.052451965
2045;JAP;ICEV-d;2035;26t;2.119924377
2050;JAP;ICEV-d;2040;26t;0.955405212
2060;JAP;ICEV-d;2050;26t;0.751824226
2005;JAP;ICEV-d;2000;40t;180.3028968
2010;JAP;ICEV-d;2000;40t;140.8070691
2015;JAP;ICEV-d;2005;40t;171.1992854
2020;JAP;ICEV-d;2010;40t;185.0012092
2025;JAP;ICEV-d;2015;40t;128.3914219
2030;JAP;ICEV-d;2020;40t;84.20242236
2035;JAP;ICEV-d;2025;40t;55.75417676
2040;JAP;ICEV-d;2030;40t;32.19482007
2045;JAP;ICEV-d;2035;40t;14.25995825
2050;JAP;ICEV-d;2040;40t;6.598723083
2060;JAP;ICEV-d;2050;40t;5.133450714
2005;JAP;PHEV-d;2000;26t;0.000255099
2010;JAP;PHEV-d;2000;26t;0.00061396
2015;JAP;PHEV-d;2005;26t;5.310998739
2020;JAP;PHEV-d;2010;26t;10.23961679
2025;JAP;PHEV-d;2015;26t;40.33978686
2030;JAP;PHEV-d;2020;26t;63.92621613
2035;JAP;PHEV-d;2025;26t;77.7067912
2040;JAP;PHEV-d;2030;26t;85.6564209
2045;JAP;PHEV-d;2035;26t;91.08445264
2050;JAP;PHEV-d;2040;26t;93.9231709
2060;JAP;PHEV-d;2050;26t;94.54997949
2005;JAP;PHEV-d;2000;40t;4.42616E-07
2010;JAP;PHEV-d;2000;40t;2.45102E-05
2015;JAP;PHEV-d;2005;40t;5.059483721
2020;JAP;PHEV-d;2010;40t;9.753897004
2025;JAP;PHEV-d;2015;40t;61.62490094
2030;JAP;PHEV-d;2020;40t;107.4093696
2035;JAP;PHEV-d;2025;40t;138.9643258
2040;JAP;PHEV-d;2030;40t;172.841675
2045;JAP;PHEV-d;2035;40t;198.6283564
2050;JAP;PHEV-d;2040;40t;211.3515
2060;JAP;PHEV-d;2050;40t;213.9487715
2005;KOR;FCEV;2000;40t;0
2010;KOR;FCEV;2000;40t;0
2015;KOR;FCEV;2005;40t;2.88725E-24
2020;KOR;FCEV;2010;40t;1.42304E-20
2025;KOR;FCEV;2015;40t;1.12605E-12
2030;KOR;FCEV;2020;40t;1.48161E-09
2035;KOR;FCEV;2025;40t;1.08859E-06
2040;KOR;FCEV;2030;40t;0.032766697
2045;KOR;FCEV;2035;40t;0.256121166
2050;KOR;FCEV;2040;40t;0.636137642
2060;KOR;FCEV;2050;40t;1.019571709
2005;KOR;HEV-d;2000;26t;0.004561586
2010;KOR;HEV-d;2000;26t;0.007531001
2015;KOR;HEV-d;2005;26t;0.208051781
2020;KOR;HEV-d;2010;26t;0.39994939
2025;KOR;HEV-d;2015;26t;0.868045187
2030;KOR;HEV-d;2020;26t;0.760007531
2035;KOR;HEV-d;2025;26t;0.509415842
2040;KOR;HEV-d;2030;26t;0.315824192
2045;KOR;HEV-d;2035;26t;0.31533094
2050;KOR;HEV-d;2040;26t;0.304471185
2060;KOR;HEV-d;2050;26t;0.214743225
2005;KOR;HEV-d;2000;40t;0.008204123
2010;KOR;HEV-d;2000;40t;0.014891629
2015;KOR;HEV-d;2005;40t;1.2312453
2020;KOR;HEV-d;2010;40t;2.445751973
2025;KOR;HEV-d;2015;40t;8.234891122
2030;KOR;HEV-d;2020;40t;8.53658641
2035;KOR;HEV-d;2025;40t;7.312302601
2040;KOR;HEV-d;2030;40t;4.776559509
2045;KOR;HEV-d;2035;40t;3.85202713
2050;KOR;HEV-d;2040;40t;3.269551422
2060;KOR;HEV-d;2050;40t;2.573074326
2005;KOR;ICEV-d;2000;26t;25.00874842
2010;KOR;ICEV-d;2000;26t;31.0243864
2015;KOR;ICEV-d;2005;26t;36.14868692
2020;KOR;ICEV-d;2010;26t;39.11673861
2025;KOR;ICEV-d;2015;26t;24.56317383
2030;KOR;ICEV-d;2020;26t;11.14850635
2035;KOR;ICEV-d;2025;26t;3.466246017
2040;KOR;ICEV-d;2030;26t;1.446961649
2045;KOR;ICEV-d;2035;26t;0.593025066
2050;KOR;ICEV-d;2040;26t;0.281028363
2060;KOR;ICEV-d;2050;26t;0.152545958
2005;KOR;ICEV-d;2000;40t;141.6711618
2010;KOR;ICEV-d;2000;40t;176.2284353
2015;KOR;ICEV-d;2005;40t;215.1722908
2020;KOR;ICEV-d;2010;40t;239.2894451
2025;KOR;ICEV-d;2015;40t;157.9600679
2030;KOR;ICEV-d;2020;40t;84.8174082
2035;KOR;ICEV-d;2025;40t;40.91264807
2040;KOR;ICEV-d;2030;40t;20.54995819
2045;KOR;ICEV-d;2035;40t;8.643404419
2050;KOR;ICEV-d;2040;40t;4.09393309
2060;KOR;ICEV-d;2050;40t;2.550738773
2005;KOR;PHEV-d;2000;26t;0.000363888
2010;KOR;PHEV-d;2000;26t;0.000807513
2015;KOR;PHEV-d;2005;26t;3.589857088
2020;KOR;PHEV-d;2010;26t;7.264795312
2025;KOR;PHEV-d;2015;26t;28.00058191
2030;KOR;PHEV-d;2020;26t;47.97616344
2035;KOR;PHEV-d;2025;26t;62.20357819
2040;KOR;PHEV-d;2030;26t;69.5105625
2045;KOR;PHEV-d;2035;26t;74.12491357
2050;KOR;PHEV-d;2040;26t;77.31389331
2060;KOR;PHEV-d;2050;26t;77.1696543
2005;KOR;PHEV-d;2000;40t;0.000363626
2010;KOR;PHEV-d;2000;40t;0.000907617
2015;KOR;PHEV-d;2005;40t;13.61634918
2020;KOR;PHEV-d;2010;40t;27.6725391
2025;KOR;PHEV-d;2015;40t;140.1130901
2030;KOR;PHEV-d;2020;40t;248.8624799
2035;KOR;PHEV-d;2025;40t;328.8448582
2040;KOR;PHEV-d;2030;40t;381.9987588
2045;KOR;PHEV-d;2035;40t;416.8998535
2050;KOR;PHEV-d;2040;40t;439.0130352
2060;KOR;PHEV-d;2050;40t;439.0290684
2005;ME;FCEV;2000;26t;0
2010;ME;FCEV;2000;26t;0
2015;ME;FCEV;2005;26t;0
2020;ME;FCEV;2010;26t;0
2025;ME;FCEV;2015;26t;0
2030;ME;FCEV;2020;26t;0
2035;ME;FCEV;2025;26t;2.90342E-27
2040;ME;FCEV;2030;26t;1.26682E-10
2045;ME;FCEV;2035;26t;7.3031E-08
2050;ME;FCEV;2040;26t;1.22995E-05
2060;ME;FCEV;2050;26t;0.002296365
2005;ME;FCEV;2000;40t;0
2010;ME;FCEV;2000;40t;0
2015;ME;FCEV;2005;40t;0
2020;ME;FCEV;2010;40t;0
2025;ME;FCEV;2015;40t;0
2030;ME;FCEV;2020;40t;0
2035;ME;FCEV;2025;40t;1.31472E-27
2040;ME;FCEV;2030;40t;4.6727E-07
2045;ME;FCEV;2035;40t;4.5713E-05
2050;ME;FCEV;2040;40t;0.001567789
2060;ME;FCEV;2050;40t;0.039272714
2005;ME;HEV-d;2000;26t;3.84005E-08
2010;ME;HEV-d;2000;26t;1.0952E-07
2015;ME;HEV-d;2005;26t;0.477914822
2020;ME;HEV-d;2010;26t;1.024677708
2025;ME;HEV-d;2015;26t;0.728197304
2030;ME;HEV-d;2020;26t;0.668231918
2035;ME;HEV-d;2025;26t;6.695099257
2040;ME;HEV-d;2030;26t;55.58662085
2045;ME;HEV-d;2035;26t;161.8940549
2050;ME;HEV-d;2040;26t;276.631881
2060;ME;HEV-d;2050;26t;407.6857793
2005;ME;HEV-d;2000;40t;4.80467E-08
2010;ME;HEV-d;2000;40t;1.24404E-07
2015;ME;HEV-d;2005;40t;0.402878356
2020;ME;HEV-d;2010;40t;0.855980148
2025;ME;HEV-d;2015;40t;0.604518629
2030;ME;HEV-d;2020;40t;0.767239884
2035;ME;HEV-d;2025;40t;9.172240876
2040;ME;HEV-d;2030;40t;91.50518818
2045;ME;HEV-d;2035;40t;293.5535784
2050;ME;HEV-d;2040;40t;534.8002233
2060;ME;HEV-d;2050;40t;873.044662
2005;ME;ICEV-d;2000;26t;340.3528917
2010;ME;ICEV-d;2000;26t;386.5214556
2015;ME;ICEV-d;2005;26t;521.5752754
2020;ME;ICEV-d;2010;26t;643.4974355
2025;ME;ICEV-d;2015;26t;733.3259551
2030;ME;ICEV-d;2020;26t;815.2688154
2035;ME;ICEV-d;2025;26t;884.349588
2040;ME;ICEV-d;2030;26t;913.5311167
2045;ME;ICEV-d;2035;26t;875.2167493
2050;ME;ICEV-d;2040;26t;816.1822798
2060;ME;ICEV-d;2050;26t;718.8364365
2005;ME;ICEV-d;2000;40t;736.620271
2010;ME;ICEV-d;2000;40t;849.8056467
2015;ME;ICEV-d;2005;40t;1188.599802
2020;ME;ICEV-d;2010;40t;1452.690012
2025;ME;ICEV-d;2015;40t;1636.812678
2030;ME;ICEV-d;2020;40t;1824.518645
2035;ME;ICEV-d;2025;40t;1993.115393
2040;ME;ICEV-d;2030;40t;2095.614336
2045;ME;ICEV-d;2035;40t;2058.578252
2050;ME;ICEV-d;2040;40t;1964.288573
2060;ME;ICEV-d;2050;40t;1819.321676
2005;ME;PHEV-d;2000;26t;4.03039E-12
2010;ME;PHEV-d;2000;26t;2.94503E-11
2015;ME;PHEV-d;2005;26t;0.057883277
2020;ME;PHEV-d;2010;26t;0.124277756
2025;ME;PHEV-d;2015;26t;0.08609903
2030;ME;PHEV-d;2020;26t;0.020618735
2035;ME;PHEV-d;2025;26t;0.012798242
2040;ME;PHEV-d;2030;26t;0.608252041
2045;ME;PHEV-d;2035;26t;4.329286011
2050;ME;PHEV-d;2040;26t;15.81838586
2060;ME;PHEV-d;2050;26t;99.05537993
2005;ME;PHEV-d;2000;40t;4.53658E-12
2010;ME;PHEV-d;2000;40t;2.66608E-11
2015;ME;PHEV-d;2005;40t;0.021374321
2020;ME;PHEV-d;2010;40t;0.045560587
2025;ME;PHEV-d;2015;40t;0.03124497
2030;ME;PHEV-d;2020;40t;0.007609672
2035;ME;PHEV-d;2025;40t;0.012261109
2040;ME;PHEV-d;2030;40t;0.621990508
2045;ME;PHEV-d;2035;40t;4.498781784
2050;ME;PHEV-d;2040;40t;16.59906714
2060;ME;PHEV-d;2050;40t;102.4844191
2005;MEX;FCEV;2000;40t;0
2010;MEX;FCEV;2000;40t;0
2015;MEX;FCEV;2005;40t;0
2020;MEX;FCEV;2010;40t;0
2025;MEX;FCEV;2015;40t;0
2030;MEX;FCEV;2020;40t;0
2035;MEX;FCEV;2025;40t;0
2040;MEX;FCEV;2030;40t;0.019307581
2045;MEX;FCEV;2035;40t;0.137292603
2050;MEX;FCEV;2040;40t;0.308488892
2060;MEX;FCEV;2050;40t;0.619174316
2005;MEX;HEV-d;2000;26t;3.28379E-08
2010;MEX;HEV-d;2000;26t;2.12963E-05
2015;MEX;HEV-d;2005;26t;0.203263695
2020;MEX;HEV-d;2010;26t;0.376898136
2025;MEX;HEV-d;2015;26t;2.822061432
2030;MEX;HEV-d;2020;26t;4.794480407
2035;MEX;HEV-d;2025;26t;6.499728405
2040;MEX;HEV-d;2030;26t;7.25086454
2045;MEX;HEV-d;2035;26t;7.307569626
2050;MEX;HEV-d;2040;26t;7.175866745
2060;MEX;HEV-d;2050;26t;6.503359756
2005;MEX;HEV-d;2000;40t;8.7502E-08
2010;MEX;HEV-d;2000;40t;1.62356E-05
2015;MEX;HEV-d;2005;40t;0.476032848
2020;MEX;HEV-d;2010;40t;0.883954773
2025;MEX;HEV-d;2015;40t;7.260793381
2030;MEX;HEV-d;2020;40t;13.97667043
2035;MEX;HEV-d;2025;40t;23.53274931
2040;MEX;HEV-d;2030;40t;34.07050241
2045;MEX;HEV-d;2035;40t;42.17778516
2050;MEX;HEV-d;2040;40t;47.41397656
2060;MEX;HEV-d;2050;40t;48.52409784
2005;MEX;ICEV-d;2000;26t;29.68198812
2010;MEX;ICEV-d;2000;26t;30.27645379
2015;MEX;ICEV-d;2005;26t;36.8369212
2020;MEX;ICEV-d;2010;26t;39.16911699
2025;MEX;ICEV-d;2015;26t;40.48147732
2030;MEX;ICEV-d;2020;26t;39.25577507
2035;MEX;ICEV-d;2025;26t;33.17922717
2040;MEX;ICEV-d;2030;26t;23.27927283
2045;MEX;ICEV-d;2035;26t;14.36954285
2050;MEX;ICEV-d;2040;26t;10.06855966
2060;MEX;ICEV-d;2050;26t;7.49146254
2005;MEX;ICEV-d;2000;40t;118.4878393
2010;MEX;ICEV-d;2000;40t;121.5500107
2015;MEX;ICEV-d;2005;40t;151.7634436
2020;MEX;ICEV-d;2010;40t;162.0308362
2025;MEX;ICEV-d;2015;40t;173.8235753
2030;MEX;ICEV-d;2020;40t;178.9759567
2035;MEX;ICEV-d;2025;40t;167.2918752
2040;MEX;ICEV-d;2030;40t;132.9595137
2045;MEX;ICEV-d;2035;40t;95.18504028
2050;MEX;ICEV-d;2040;40t;75.64167896
2060;MEX;ICEV-d;2050;40t;62.4737804
2005;MEX;PHEV-d;2000;26t;2.23739E-11
2010;MEX;PHEV-d;2000;26t;2.7103E-09
2015;MEX;PHEV-d;2005;26t;0.192411377
2020;MEX;PHEV-d;2010;26t;0.358312328
2025;MEX;PHEV-d;2015;26t;1.152522414
2030;MEX;PHEV-d;2020;26t;4.892771705
2035;MEX;PHEV-d;2025;26t;14.36112673
2040;MEX;PHEV-d;2030;26t;29.38844177
2045;MEX;PHEV-d;2035;26t;43.92344678
2050;MEX;PHEV-d;2040;26t;54.48074561
2060;MEX;PHEV-d;2050;26t;66.68884912
2005;MEX;PHEV-d;2000;40t;4.51935E-11
2010;MEX;PHEV-d;2000;40t;1.47959E-09
2015;MEX;PHEV-d;2005;40t;0.274046021
2020;MEX;PHEV-d;2010;40t;0.510382369
2025;MEX;PHEV-d;2015;40t;1.240772595
2030;MEX;PHEV-d;2020;40t;8.130586725
2035;MEX;PHEV-d;2025;40t;31.04295605
2040;MEX;PHEV-d;2030;40t;78.30990942
2045;MEX;PHEV-d;2035;40t;131.0795625
2050;MEX;PHEV-d;2040;40t;170.4121221
2060;MEX;PHEV-d;2050;40t;218.7023223
2005;NAF;FCEV;2000;40t;0
2010;NAF;FCEV;2000;40t;0
2015;NAF;FCEV;2005;40t;0
2020;NAF;FCEV;2010;40t;0
2025;NAF;FCEV;2015;40t;0
2030;NAF;FCEV;2020;40t;2.16892E-41
2035;NAF;FCEV;2025;40t;1.46303E-25
2040;NAF;FCEV;2030;40t;1.3333E-10
2045;NAF;FCEV;2035;40t;1.0665E-06
2050;NAF;FCEV;2040;40t;3.4967E-05
2060;NAF;FCEV;2050;40t;0.001609561
2005;NAF;HEV-d;2000;26t;6.81929E-09
2010;NAF;HEV-d;2000;26t;1.25565E-08
2015;NAF;HEV-d;2005;26t;0.042573723
2020;NAF;HEV-d;2010;26t;0.089978576
2025;NAF;HEV-d;2015;26t;0.073949719
2030;NAF;HEV-d;2020;26t;0.257321086
2035;NAF;HEV-d;2025;26t;1.596477332
2040;NAF;HEV-d;2030;26t;7.382545776
2045;NAF;HEV-d;2035;26t;17.37052426
2050;NAF;HEV-d;2040;26t;26.71294345
2060;NAF;HEV-d;2050;26t;33.62977032
2005;NAF;HEV-d;2000;40t;8.30471E-09
2010;NAF;HEV-d;2000;40t;1.61001E-08
2015;NAF;HEV-d;2005;40t;0.042611321
2020;NAF;HEV-d;2010;40t;0.089781935
2025;NAF;HEV-d;2015;40t;0.073008438
2030;NAF;HEV-d;2020;40t;0.32097942
2035;NAF;HEV-d;2025;40t;2.445823006
2040;NAF;HEV-d;2030;40t;14.54294512
2045;NAF;HEV-d;2035;40t;38.59869489
2050;NAF;HEV-d;2040;40t;64.04682767
2060;NAF;HEV-d;2050;40t;94.90259924
2005;NAF;ICEV-d;2000;26t;31.55019771
2010;NAF;ICEV-d;2000;26t;34.05707358
2015;NAF;ICEV-d;2005;26t;42.70279883
2020;NAF;ICEV-d;2010;26t;51.93934949
2025;NAF;ICEV-d;2015;26t;57.90787561
2030;NAF;ICEV-d;2020;26t;65.60890646
2035;NAF;ICEV-d;2025;26t;72.32380283
2040;NAF;ICEV-d;2030;26t;73.8902016
2045;NAF;ICEV-d;2035;26t;69.62111786
2050;NAF;ICEV-d;2040;26t;64.15957043
2060;NAF;ICEV-d;2050;26t;52.36619946
2005;NAF;ICEV-d;2000;40t;82.38381
2010;NAF;ICEV-d;2000;40t;90.40682135
2015;NAF;ICEV-d;2005;40t;114.9289313
2020;NAF;ICEV-d;2010;40t;139.3036699
2025;NAF;ICEV-d;2015;40t;154.3395785
2030;NAF;ICEV-d;2020;40t;175.562199
2035;NAF;ICEV-d;2025;40t;195.4317356
2040;NAF;ICEV-d;2030;40t;204.0638346
2045;NAF;ICEV-d;2035;40t;198.0027664
2050;NAF;ICEV-d;2040;40t;188.2289976
2060;NAF;ICEV-d;2050;40t;170.2647959
2005;NAF;PHEV-d;2000;26t;1.37514E-12
2010;NAF;PHEV-d;2000;26t;4.75119E-12
2015;NAF;PHEV-d;2005;26t;0.008696091
2020;NAF;PHEV-d;2010;26t;0.018409083
2025;NAF;PHEV-d;2015;26t;0.012500259
2030;NAF;PHEV-d;2020;26t;0.004561889
2035;NAF;PHEV-d;2025;26t;0.029605303
2040;NAF;PHEV-d;2030;26t;0.388558103
2045;NAF;PHEV-d;2035;26t;1.794831765
2050;NAF;PHEV-d;2040;26t;4.870309626
2060;NAF;PHEV-d;2050;26t;23.18427711
2005;NAF;PHEV-d;2000;40t;1.33301E-12
2010;NAF;PHEV-d;2000;40t;4.72862E-12
2015;NAF;PHEV-d;2005;40t;0.003644107
2020;NAF;PHEV-d;2010;40t;0.007684323
2025;NAF;PHEV-d;2015;40t;0.005192059
2030;NAF;PHEV-d;2020;40t;0.002263066
2035;NAF;PHEV-d;2025;40t;0.023401383
2040;NAF;PHEV-d;2030;40t;0.423703802
2045;NAF;PHEV-d;2035;40t;2.084310105
2050;NAF;PHEV-d;2040;40t;5.725261337
2060;NAF;PHEV-d;2050;40t;30.29052274
2005;OCE;FCEV;2000;40t;0
2010;OCE;FCEV;2000;40t;0
2015;OCE;FCEV;2005;40t;0
2020;OCE;FCEV;2010;40t;0
2025;OCE;FCEV;2015;40t;0
2030;OCE;FCEV;2020;40t;0
2035;OCE;FCEV;2025;40t;6.40938E-08
2040;OCE;FCEV;2030;40t;0.01550225
2045;OCE;FCEV;2035;40t;0.124837799
2050;OCE;FCEV;2040;40t;0.260588501
2060;OCE;FCEV;2050;40t;0.342418396
2005;OCE;HEV-d;2000;26t;0.000330788
2010;OCE;HEV-d;2000;26t;0.000625374
2015;OCE;HEV-d;2005;26t;0.281316124
2020;OCE;HEV-d;2010;26t;0.53626821
2025;OCE;HEV-d;2015;26t;2.522221393
2030;OCE;HEV-d;2020;26t;4.272263638
2035;OCE;HEV-d;2025;26t;4.773325022
2040;OCE;HEV-d;2030;26t;3.273343857
2045;OCE;HEV-d;2035;26t;1.987356018
2050;OCE;HEV-d;2040;26t;1.512486679
2060;OCE;HEV-d;2050;26t;1.498986404
2005;OCE;HEV-d;2000;40t;7.53564E-05
2010;OCE;HEV-d;2000;40t;0.000169167
2015;OCE;HEV-d;2005;40t;0.418770576
2020;OCE;HEV-d;2010;40t;0.802840286
2025;OCE;HEV-d;2015;40t;8.190467593
2030;OCE;HEV-d;2020;40t;12.00360852
2035;OCE;HEV-d;2025;40t;14.37948984
2040;OCE;HEV-d;2030;40t;12.126117
2045;OCE;HEV-d;2035;40t;9.285149597
2050;OCE;HEV-d;2040;40t;7.921584351
2060;OCE;HEV-d;2050;40t;8.345475464
2005;OCE;ICEV-d;2000;26t;24.18241754
2010;OCE;ICEV-d;2000;26t;25.72850792
2015;OCE;ICEV-d;2005;26t;31.86092644
2020;OCE;ICEV-d;2010;26t;34.28650256
2025;OCE;ICEV-d;2015;26t;28.0084014
2030;OCE;ICEV-d;2020;26t;22.3063124
2035;OCE;ICEV-d;2025;26t;15.88037672
2040;OCE;ICEV-d;2030;26t;8.748599243
2045;OCE;ICEV-d;2035;26t;3.60011441
2050;OCE;ICEV-d;2040;26t;1.807842194
2060;OCE;ICEV-d;2050;26t;1.53198764
2005;OCE;ICEV-d;2000;40t;56.21269988
2010;OCE;ICEV-d;2000;40t;60.10347076
2015;OCE;ICEV-d;2005;40t;78.64644267
2020;OCE;ICEV-d;2010;40t;86.27472969
2025;OCE;ICEV-d;2015;40t;86.65014429
2030;OCE;ICEV-d;2020;40t;80.31139071
2035;OCE;ICEV-d;2025;40t;65.89907599
2040;OCE;ICEV-d;2030;40t;40.76976587
2045;OCE;ICEV-d;2035;40t;19.96720996
2050;OCE;ICEV-d;2040;40t;11.24794116
2060;OCE;ICEV-d;2050;40t;9.632900452
2005;OCE;PHEV-d;2000;26t;7.13387E-08
2010;OCE;PHEV-d;2000;26t;1.29402E-05
2015;OCE;PHEV-d;2005;26t;1.173838471
2020;OCE;PHEV-d;2010;26t;2.267155348
2025;OCE;PHEV-d;2015;26t;11.31805829
2030;OCE;PHEV-d;2020;26t;19.36811172
2035;OCE;PHEV-d;2025;26t;29.76124373
2040;OCE;PHEV-d;2030;26t;43.27250165
2045;OCE;PHEV-d;2035;26t;53.92972168
2050;OCE;PHEV-d;2040;26t;60.05215723
2060;OCE;PHEV-d;2050;26t;69.76309619
2005;OCE;PHEV-d;2000;40t;1.26772E-08
2010;OCE;PHEV-d;2000;40t;6.34753E-08
2015;OCE;PHEV-d;2005;40t;0.783399705
2020;OCE;PHEV-d;2010;40t;1.510170614
2025;OCE;PHEV-d;2015;40t;4.590320582
2030;OCE;PHEV-d;2020;40t;16.24329178
2035;OCE;PHEV-d;2025;40t;38.0770926
2040;OCE;PHEV-d;2030;40t;76.22677942
2045;OCE;PHEV-d;2035;40t;109.5169248
2050;OCE;PHEV-d;2040;40t;128.4613525
2060;OCE;PHEV-d;2050;40t;151.61996
2005;RCAM;FCEV;2000;26t;0
2010;RCAM;FCEV;2000;26t;0
2015;RCAM;FCEV;2005;26t;0
2020;RCAM;FCEV;2010;26t;0
2025;RCAM;FCEV;2015;26t;0
2030;RCAM;FCEV;2020;26t;0
2035;RCAM;FCEV;2025;26t;5.3391E-07
2040;RCAM;FCEV;2030;26t;0.01103335
2045;RCAM;FCEV;2035;26t;0.098828659
2050;RCAM;FCEV;2040;26t;0.233488098
2060;RCAM;FCEV;2050;26t;0.325797699
2005;RCAM;FCEV;2000;40t;0
2010;RCAM;FCEV;2000;40t;0
2015;RCAM;FCEV;2005;40t;9.10046E-29
2020;RCAM;FCEV;2010;40t;2.25303E-23
2025;RCAM;FCEV;2015;40t;2.29004E-15
2030;RCAM;FCEV;2020;40t;2.37052E-11
2035;RCAM;FCEV;2025;40t;5.37016E-07
2040;RCAM;FCEV;2030;40t;0.062804171
2045;RCAM;FCEV;2035;40t;0.634932934
2050;RCAM;FCEV;2040;40t;1.710215455
2060;RCAM;FCEV;2050;40t;2.981553579
2005;RCAM;HEV-d;2000;26t;2.6937E-05
2010;RCAM;HEV-d;2000;26t;0.000816496
2015;RCAM;HEV-d;2005;26t;1.446237457
2020;RCAM;HEV-d;2010;26t;2.748427933
2025;RCAM;HEV-d;2015;26t;19.42162245
2030;RCAM;HEV-d;2020;26t;25.73272251
2035;RCAM;HEV-d;2025;26t;24.95596548
2040;RCAM;HEV-d;2030;26t;18.90112836
2045;RCAM;HEV-d;2035;26t;13.07967322
2050;RCAM;HEV-d;2040;26t;9.958219971
2060;RCAM;HEV-d;2050;26t;9.666682373
2005;RCAM;HEV-d;2000;40t;7.60659E-07
2010;RCAM;HEV-d;2000;40t;0.000930585
2015;RCAM;HEV-d;2005;40t;4.404131165
2020;RCAM;HEV-d;2010;40t;8.413304336
2025;RCAM;HEV-d;2015;40t;82.56726823
2030;RCAM;HEV-d;2020;40t;114.1267623
2035;RCAM;HEV-d;2025;40t;125.5562772
2040;RCAM;HEV-d;2030;40t;115.1062914
2045;RCAM;HEV-d;2035;40t;96.04202051
2050;RCAM;HEV-d;2040;40t;84.24704883
2060;RCAM;HEV-d;2050;40t;90.72744238
2005;RCAM;ICEV-d;2000;26t;107.0964982
2010;RCAM;ICEV-d;2000;26t;128.5383581
2015;RCAM;ICEV-d;2005;26t;158.4735529
2020;RCAM;ICEV-d;2010;26t;170.4816318
2025;RCAM;ICEV-d;2015;26t;140.4458823
2030;RCAM;ICEV-d;2020;26t;109.5284605
2035;RCAM;ICEV-d;2025;26t;76.11392932
2040;RCAM;ICEV-d;2030;26t;45.90484521
2045;RCAM;ICEV-d;2035;26t;21.79340747
2050;RCAM;ICEV-d;2040;26t;11.83959729
2060;RCAM;ICEV-d;2050;26t;9.832823792
2005;RCAM;ICEV-d;2000;40t;427.9417996
2010;RCAM;ICEV-d;2000;40t;516.539831
2015;RCAM;ICEV-d;2005;40t;659.3314323
2020;RCAM;ICEV-d;2010;40t;718.8991741
2025;RCAM;ICEV-d;2015;40t;680.6916352
2030;RCAM;ICEV-d;2020;40t;608.7346069
2035;RCAM;ICEV-d;2025;40t;489.6241201
2040;RCAM;ICEV-d;2030;40t;331.5913457
2045;RCAM;ICEV-d;2035;40t;183.8704297
2050;RCAM;ICEV-d;2040;40t;115.0605522
2060;RCAM;ICEV-d;2050;40t;103.571001
2005;RCAM;PHEV-d;2000;26t;5.98361E-09
2010;RCAM;PHEV-d;2000;26t;1.28308E-07
2015;RCAM;PHEV-d;2005;26t;4.332328041
2020;RCAM;PHEV-d;2010;26t;8.311119236
2025;RCAM;PHEV-d;2015;26t;43.79745588
2030;RCAM;PHEV-d;2020;26t;93.60802886
2035;RCAM;PHEV-d;2025;26t;156.3374152
2040;RCAM;PHEV-d;2030;26t;229.3680239
2045;RCAM;PHEV-d;2035;26t;294.6241914
2050;RCAM;PHEV-d;2040;26t;342.5619512
2060;RCAM;PHEV-d;2050;26t;411.6916758
2005;RCAM;PHEV-d;2000;40t;1.98676E-09
2010;RCAM;PHEV-d;2000;40t;2.35715E-07
2015;RCAM;PHEV-d;2005;40t;8.429349297
2020;RCAM;PHEV-d;2010;40t;16.19780406
2025;RCAM;PHEV-d;2015;40t;69.88968495
2030;RCAM;PHEV-d;2020;40t;211.7972262
2035;RCAM;PHEV-d;2025;40t;433.5717186
2040;RCAM;PHEV-d;2030;40t;750.9723311
2045;RCAM;PHEV-d;2035;40t;1062.585066
2050;RCAM;PHEV-d;2040;40t;1287.034719
2060;RCAM;PHEV-d;2050;40t;1564.170883
2005;RSAF;FCEV;2000;26t;0
2010;RSAF;FCEV;2000;26t;0
2015;RSAF;FCEV;2005;26t;0
2020;RSAF;FCEV;2010;26t;0
2025;RSAF;FCEV;2015;26t;0
2030;RSAF;FCEV;2020;26t;0
2035;RSAF;FCEV;2025;26t;9.35521E-09
2040;RSAF;FCEV;2030;26t;0.000984409
2045;RSAF;FCEV;2035;26t;0.02432793
2050;RSAF;FCEV;2040;26t;0.082061882
2060;RSAF;FCEV;2050;26t;0.136137604
2005;RSAF;FCEV;2000;40t;0
2010;RSAF;FCEV;2000;40t;0
2015;RSAF;FCEV;2005;40t;0
2020;RSAF;FCEV;2010;40t;0
2025;RSAF;FCEV;2015;40t;0
2030;RSAF;FCEV;2020;40t;0
2035;RSAF;FCEV;2025;40t;0
2040;RSAF;FCEV;2030;40t;0.005885412
2045;RSAF;FCEV;2035;40t;0.143015305
2050;RSAF;FCEV;2040;40t;0.534155029
2060;RSAF;FCEV;2050;40t;1.11083606
2005;RSAF;HEV-d;2000;26t;4.14912E-05
2010;RSAF;HEV-d;2000;26t;0.000162906
2015;RSAF;HEV-d;2005;26t;0.198392155
2020;RSAF;HEV-d;2010;26t;0.408146001
2025;RSAF;HEV-d;2015;26t;2.303121747
2030;RSAF;HEV-d;2020;26t;4.070613569
2035;RSAF;HEV-d;2025;26t;5.249632395
2040;RSAF;HEV-d;2030;26t;5.397039038
2045;RSAF;HEV-d;2035;26t;4.776886963
2050;RSAF;HEV-d;2040;26t;4.396732361
2060;RSAF;HEV-d;2050;26t;5.020384125
2005;RSAF;HEV-d;2000;40t;1.45335E-07
2010;RSAF;HEV-d;2000;40t;8.77167E-05
2015;RSAF;HEV-d;2005;40t;0.46333297
2020;RSAF;HEV-d;2010;40t;0.955434799
2025;RSAF;HEV-d;2015;40t;8.487274053
2030;RSAF;HEV-d;2020;40t;14.87667289
2035;RSAF;HEV-d;2025;40t;21.94341225
2040;RSAF;HEV-d;2030;40t;28.61066303
2045;RSAF;HEV-d;2035;40t;31.75985181
2050;RSAF;HEV-d;2040;40t;33.87187598
2060;RSAF;HEV-d;2050;40t;42.33117395
2005;RSAF;ICEV-d;2000;26t;11.66907189
2010;RSAF;ICEV-d;2000;26t;15.0225754
2015;RSAF;ICEV-d;2005;26t;20.15587017
2020;RSAF;ICEV-d;2010;26t;23.48029106
2025;RSAF;ICEV-d;2015;26t;21.78393018
2030;RSAF;ICEV-d;2020;26t;21.30835325
2035;RSAF;ICEV-d;2025;26t;18.76985699
2040;RSAF;ICEV-d;2030;26t;14.19457941
2045;RSAF;ICEV-d;2035;26t;8.61661972
2050;RSAF;ICEV-d;2040;26t;5.813257141
2060;RSAF;ICEV-d;2050;26t;5.570719086
2005;RSAF;ICEV-d;2000;40t;46.73187496
2010;RSAF;ICEV-d;2000;40t;60.08746702
2015;RSAF;ICEV-d;2005;40t;84.05776263
2020;RSAF;ICEV-d;2010;40t;99.23528353
2025;RSAF;ICEV-d;2015;40t;108.9526336
2030;RSAF;ICEV-d;2020;40t;117.5214467
2035;RSAF;ICEV-d;2025;40t;113.7924824
2040;RSAF;ICEV-d;2030;40t;94.5864585
2045;RSAF;ICEV-d;2035;40t;66.96222803
2050;RSAF;ICEV-d;2040;40t;51.60946069
2060;RSAF;ICEV-d;2050;40t;52.63252173
2005;RSAF;PHEV-d;2000;26t;7.21811E-09
2010;RSAF;PHEV-d;2000;26t;2.21076E-06
2015;RSAF;PHEV-d;2005;26t;0.531428925
2020;RSAF;PHEV-d;2010;26t;1.097277539
2025;RSAF;PHEV-d;2015;26t;5.949282703
2030;RSAF;PHEV-d;2020;26t;10.99215003
2035;RSAF;PHEV-d;2025;26t;19.66857848
2040;RSAF;PHEV-d;2030;26t;33.33772397
2045;RSAF;PHEV-d;2035;26t;50.66075244
2050;RSAF;PHEV-d;2040;26t;67.23305078
2060;RSAF;PHEV-d;2050;26t;98.25674902
2005;RSAF;PHEV-d;2000;40t;7.80597E-10
2010;RSAF;PHEV-d;2000;40t;1.89621E-08
2015;RSAF;PHEV-d;2005;40t;0.687217821
2020;RSAF;PHEV-d;2010;40t;1.423885153
2025;RSAF;PHEV-d;2015;40t;4.482630651
2030;RSAF;PHEV-d;2020;40t;14.79867406
2035;RSAF;PHEV-d;2025;40t;40.34979923
2040;RSAF;PHEV-d;2030;40t;89.1292016
2045;RSAF;PHEV-d;2035;40t;157.4409092
2050;RSAF;PHEV-d;2040;40t;223.776208
2060;RSAF;PHEV-d;2050;40t;339.3504805
2005;RSAM;FCEV;2000;40t;0
2010;RSAM;FCEV;2000;40t;0
2015;RSAM;FCEV;2005;40t;0
2020;RSAM;FCEV;2010;40t;0
2025;RSAM;FCEV;2015;40t;0
2030;RSAM;FCEV;2020;40t;0
2035;RSAM;FCEV;2025;40t;0
2040;RSAM;FCEV;2030;40t;0.002859674
2045;RSAM;FCEV;2035;40t;0.040881611
2050;RSAM;FCEV;2040;40t;0.163392502
2060;RSAM;FCEV;2050;40t;0.278119995
2005;RSAM;HEV-d;2000;26t;1.88035E-07
2010;RSAM;HEV-d;2000;26t;6.6875E-05
2015;RSAM;HEV-d;2005;26t;0.690885971
2020;RSAM;HEV-d;2010;26t;1.26696904
2025;RSAM;HEV-d;2015;26t;9.049277405
2030;RSAM;HEV-d;2020;26t;16.34212695
2035;RSAM;HEV-d;2025;26t;26.34813086
2040;RSAM;HEV-d;2030;26t;36.29033911
2045;RSAM;HEV-d;2035;26t;39.96166064
2050;RSAM;HEV-d;2040;26t;39.5102688
2060;RSAM;HEV-d;2050;26t;37.87015356
2005;RSAM;HEV-d;2000;40t;4.55479E-07
2010;RSAM;HEV-d;2000;40t;1.14944E-06
2015;RSAM;HEV-d;2005;40t;1.615775635
2020;RSAM;HEV-d;2010;40t;2.967098267
2025;RSAM;HEV-d;2015;40t;10.32498459
2030;RSAM;HEV-d;2020;40t;36.68069602
2035;RSAM;HEV-d;2025;40t;84.77691935
2040;RSAM;HEV-d;2030;40t;152.730726
2045;RSAM;HEV-d;2035;40t;206.3931918
2050;RSAM;HEV-d;2040;40t;236.3923441
2060;RSAM;HEV-d;2050;40t;257.4582249
2005;RSAM;ICEV-d;2000;26t;114.4601524
2010;RSAM;ICEV-d;2000;26t;134.5669953
2015;RSAM;ICEV-d;2005;26t;140.8274035
2020;RSAM;ICEV-d;2010;26t;147.8868957
2025;RSAM;ICEV-d;2015;26t;159.694525
2030;RSAM;ICEV-d;2020;26t;162.0143171
2035;RSAM;ICEV-d;2025;26t;150.4239359
2040;RSAM;ICEV-d;2030;26t;119.6416311
2045;RSAM;ICEV-d;2035;26t;82.06427981
2050;RSAM;ICEV-d;2040;26t;58.79924383
2060;RSAM;ICEV-d;2050;26t;45.58579649
2005;RSAM;ICEV-d;2000;40t;456.9245928
2010;RSAM;ICEV-d;2000;40t;540.3129146
2015;RSAM;ICEV-d;2005;40t;578.4546268
2020;RSAM;ICEV-d;2010;40t;610.4476586
2025;RSAM;ICEV-d;2015;40t;689.6963747
2030;RSAM;ICEV-d;2020;40t;729.0754819
2035;RSAM;ICEV-d;2025;40t;721.476154
2040;RSAM;ICEV-d;2030;40t;630.1645329
2045;RSAM;ICEV-d;2035;40t;491.201979
2050;RSAM;ICEV-d;2040;40t;399.5604754
2060;RSAM;ICEV-d;2050;40t;346.808115
2005;RSAM;PHEV-d;2000;26t;3.0717E-10
2010;RSAM;PHEV-d;2000;26t;4.70522E-08
2015;RSAM;PHEV-d;2005;26t;1.023201453
2020;RSAM;PHEV-d;2010;26t;1.884248101
2025;RSAM;PHEV-d;2015;26t;3.749288511
2030;RSAM;PHEV-d;2020;26t;14.12379463
2035;RSAM;PHEV-d;2025;26t;36.75888859
2040;RSAM;PHEV-d;2030;26t;81.22613431
2045;RSAM;PHEV-d;2035;26t;137.384853
2050;RSAM;PHEV-d;2040;26t;183.0485845
2060;RSAM;PHEV-d;2050;26t;234.5075342
2005;RSAM;PHEV-d;2000;40t;3.71382E-10
2010;RSAM;PHEV-d;2000;40t;1.71536E-08
2015;RSAM;PHEV-d;2005;40t;1.386908013
2020;RSAM;PHEV-d;2010;40t;2.553894924
2025;RSAM;PHEV-d;2015;40t;4.658514789
2030;RSAM;PHEV-d;2020;40t;21.63180314
2035;RSAM;PHEV-d;2025;40t;67.38311537
2040;RSAM;PHEV-d;2030;40t;185.8744481
2045;RSAM;PHEV-d;2035;40t;360.9505054
2050;RSAM;PHEV-d;2040;40t;511.7914609
2060;RSAM;PHEV-d;2050;40t;690.4835234
2005;RSAS;FCEV;2000;26t;0
2010;RSAS;FCEV;2000;26t;0
2015;RSAS;FCEV;2005;26t;0
2020;RSAS;FCEV;2010;26t;0
2025;RSAS;FCEV;2015;26t;0
2030;RSAS;FCEV;2020;26t;0
2035;RSAS;FCEV;2025;26t;2.09989E-08
2040;RSAS;FCEV;2030;26t;0.002164418
2045;RSAS;FCEV;2035;26t;0.016786261
2050;RSAS;FCEV;2040;26t;0.03183201
2060;RSAS;FCEV;2050;26t;0.02633
2005;RSAS;FCEV;2000;40t;0
2010;RSAS;FCEV;2000;40t;0
2015;RSAS;FCEV;2005;40t;5.83962E-40
2020;RSAS;FCEV;2010;40t;2.79999E-32
2025;RSAS;FCEV;2015;40t;1.48042E-21
2030;RSAS;FCEV;2020;40t;3.49782E-16
2035;RSAS;FCEV;2025;40t;1.32381E-10
2040;RSAS;FCEV;2030;40t;0.017131454
2045;RSAS;FCEV;2035;40t;0.158403162
2050;RSAS;FCEV;2040;40t;0.375655684
2060;RSAS;FCEV;2050;40t;0.514074066
2005;RSAS;HEV-d;2000;26t;5.13702E-06
2010;RSAS;HEV-d;2000;26t;0.000128034
2015;RSAS;HEV-d;2005;26t;0.456998657
2020;RSAS;HEV-d;2010;26t;0.979543015
2025;RSAS;HEV-d;2015;26t;6.336949585
2030;RSAS;HEV-d;2020;26t;11.48323279
2035;RSAS;HEV-d;2025;26t;17.05378971
2040;RSAS;HEV-d;2030;26t;20.24495821
2045;RSAS;HEV-d;2035;26t;20.86414879
2050;RSAS;HEV-d;2040;26t;21.13587405
2060;RSAS;HEV-d;2050;26t;23.97590556
2005;RSAS;HEV-d;2000;40t;2.2574E-07
2010;RSAS;HEV-d;2000;40t;0.000182621
2015;RSAS;HEV-d;2005;40t;1.627652664
2020;RSAS;HEV-d;2010;40t;3.497971008
2025;RSAS;HEV-d;2015;40t;27.22878564
2030;RSAS;HEV-d;2020;40t;51.48752734
2035;RSAS;HEV-d;2025;40t;87.56315705
2040;RSAS;HEV-d;2030;40t;131.5938069
2045;RSAS;HEV-d;2035;40t;169.0528419
2050;RSAS;HEV-d;2040;40t;199.812218
2060;RSAS;HEV-d;2050;40t;252.5679119
2005;RSAS;ICEV-d;2000;26t;31.72892907
2010;RSAS;ICEV-d;2000;26t;41.40178083
2015;RSAS;ICEV-d;2005;26t;60.1162159
2020;RSAS;ICEV-d;2010;26t;73.52517196
2025;RSAS;ICEV-d;2015;26t;74.93082383
2030;RSAS;ICEV-d;2020;26t;78.76815029
2035;RSAS;ICEV-d;2025;26t;75.51181238
2040;RSAS;ICEV-d;2030;26t;60.03953345
2045;RSAS;ICEV-d;2035;26t;40.14224896
2050;RSAS;ICEV-d;2040;26t;29.62861403
2060;RSAS;ICEV-d;2050;26t;27.79942593
2005;RSAS;ICEV-d;2000;40t;179.2436065
2010;RSAS;ICEV-d;2000;40t;235.0795966
2015;RSAS;ICEV-d;2005;40t;351.5459693
2020;RSAS;ICEV-d;2010;40t;433.4292349
2025;RSAS;ICEV-d;2015;40t;474.1766456
2030;RSAS;ICEV-d;2020;40t;529.6562488
2035;RSAS;ICEV-d;2025;40t;546.7271598
2040;RSAS;ICEV-d;2030;40t;481.2312927
2045;RSAS;ICEV-d;2035;40t;373.3276921
2050;RSAS;ICEV-d;2040;40t;317.1334063
2060;RSAS;ICEV-d;2050;40t;326.2652985
2005;RSAS;PHEV-d;2000;26t;1.17201E-09
2010;RSAS;PHEV-d;2000;26t;2.52695E-08
2015;RSAS;PHEV-d;2005;26t;0.79782622
2020;RSAS;PHEV-d;2010;26t;1.720958146
2025;RSAS;PHEV-d;2015;26t;7.187434872
2030;RSAS;PHEV-d;2020;26t;16.09395376
2035;RSAS;PHEV-d;2025;26t;33.96575489
2040;RSAS;PHEV-d;2030;26t;71.13399493
2045;RSAS;PHEV-d;2035;26t;117.3958364
2050;RSAS;PHEV-d;2040;26t;157.4383213
2060;RSAS;PHEV-d;2050;26t;218.2943047
2005;RSAS;PHEV-d;2000;40t;3.27667E-10
2010;RSAS;PHEV-d;2000;40t;4.074E-08
2015;RSAS;PHEV-d;2005;40t;1.79169332
2020;RSAS;PHEV-d;2010;40t;3.866462442
2025;RSAS;PHEV-d;2015;40t;10.68265363
2030;RSAS;PHEV-d;2020;40t;34.8523109
2035;RSAS;PHEV-d;2025;40t;98.07988813
2040;RSAS;PHEV-d;2030;40t;261.5412019
2045;RSAS;PHEV-d;2035;40t;486.4240342
2050;RSAS;PHEV-d;2040;40t;683.5765059
2060;RSAS;PHEV-d;2050;40t;976.649168
2005;RUS;FCEV;2000;40t;0
2010;RUS;FCEV;2000;40t;0
2015;RUS;FCEV;2005;40t;3.63673E-30
2020;RUS;FCEV;2010;40t;5.01104E-27
2025;RUS;FCEV;2015;40t;2.129E-19
2030;RUS;FCEV;2020;40t;2.10663E-14
2035;RUS;FCEV;2025;40t;4.03135E-09
2040;RUS;FCEV;2030;40t;0.016787961
2045;RUS;FCEV;2035;40t;0.115861076
2050;RUS;FCEV;2040;40t;0.327849838
2060;RUS;FCEV;2050;40t;0.7073237
2005;RUS;HEV-d;2000;26t;6.34281E-05
2010;RUS;HEV-d;2000;26t;0.000296478
2015;RUS;HEV-d;2005;26t;0.469496689
2020;RUS;HEV-d;2010;26t;0.85411792
2025;RUS;HEV-d;2015;26t;5.052540405
2030;RUS;HEV-d;2020;26t;8.26175293
2035;RUS;HEV-d;2025;26t;10.19056958
2040;RUS;HEV-d;2030;26t;8.728172119
2045;RUS;HEV-d;2035;26t;6.420669617
2050;RUS;HEV-d;2040;26t;4.916543396
2060;RUS;HEV-d;2050;26t;3.787426422
2005;RUS;HEV-d;2000;40t;5.39252E-07
2010;RUS;HEV-d;2000;40t;0.000241305
2015;RUS;HEV-d;2005;40t;1.318618683
2020;RUS;HEV-d;2010;40t;2.409500824
2025;RUS;HEV-d;2015;40t;16.73818896
2030;RUS;HEV-d;2020;40t;27.56949316
2035;RUS;HEV-d;2025;40t;38.98906721
2040;RUS;HEV-d;2030;40t;43.74818341
2045;RUS;HEV-d;2035;40t;42.90732208
2050;RUS;HEV-d;2040;40t;40.29796594
2060;RUS;HEV-d;2050;40t;36.01622348
2005;RUS;ICEV-d;2000;26t;46.92453987
2010;RUS;ICEV-d;2000;26t;54.05211312
2015;RUS;ICEV-d;2005;26t;60.83396346
2020;RUS;ICEV-d;2010;26t;62.68698737
2025;RUS;ICEV-d;2015;26t;57.53445245
2030;RUS;ICEV-d;2020;26t;52.21626069
2035;RUS;ICEV-d;2025;26t;42.23533603
2040;RUS;ICEV-d;2030;26t;26.43460211
2045;RUS;ICEV-d;2035;26t;12.91151099
2050;RUS;ICEV-d;2040;26t;6.927846954
2060;RUS;ICEV-d;2050;26t;4.286880562
2005;RUS;ICEV-d;2000;40t;178.9892769
2010;RUS;ICEV-d;2000;40t;207.7790546
2015;RUS;ICEV-d;2005;40t;242.8411761
2020;RUS;ICEV-d;2010;40t;253.5565472
2025;RUS;ICEV-d;2015;40t;255.6091401
2030;RUS;ICEV-d;2020;40t;251.5485973
2035;RUS;ICEV-d;2025;40t;223.855067
2040;RUS;ICEV-d;2030;40t;159.1742915
2045;RUS;ICEV-d;2035;40t;94.59562769
2050;RUS;ICEV-d;2040;40t;62.06130408
2060;RUS;ICEV-d;2050;40t;44.53348438
2005;RUS;PHEV-d;2000;26t;6.63056E-09
2010;RUS;PHEV-d;2000;26t;5.47966E-08
2015;RUS;PHEV-d;2005;26t;1.617976043
2020;RUS;PHEV-d;2010;26t;2.96955973
2025;RUS;PHEV-d;2015;26t;9.477143307
2030;RUS;PHEV-d;2020;26t;17.63857569
2035;RUS;PHEV-d;2025;26t;31.72766298
2040;RUS;PHEV-d;2030;26t;55.11057312
2045;RUS;PHEV-d;2035;26t;75.28975342
2050;RUS;PHEV-d;2040;26t;86.46109619
2060;RUS;PHEV-d;2050;26t;95.93238721
2005;RUS;PHEV-d;2000;40t;2.47514E-09
2010;RUS;PHEV-d;2000;40t;5.39793E-08
2015;RUS;PHEV-d;2005;40t;2.665584383
2020;RUS;PHEV-d;2010;40t;4.895409874
2025;RUS;PHEV-d;2015;40t;10.43842097
2030;RUS;PHEV-d;2020;40t;27.31176029
2035;RUS;PHEV-d;2025;40t;66.54148287
2040;RUS;PHEV-d;2030;40t;149.364297
2045;RUS;PHEV-d;2035;40t;231.5061421
2050;RUS;PHEV-d;2040;40t;280.5921182
2060;RUS;PHEV-d;2050;40t;323.7146738
2005;SAF;FCEV;2000;40t;0
2010;SAF;FCEV;2000;40t;0
2015;SAF;FCEV;2005;40t;0
2020;SAF;FCEV;2010;40t;0
2025;SAF;FCEV;2015;40t;0
2030;SAF;FCEV;2020;40t;0
2035;SAF;FCEV;2025;40t;1.06216E-07
2040;SAF;FCEV;2030;40t;0.019058479
2045;SAF;FCEV;2035;40t;0.155016693
2050;SAF;FCEV;2040;40t;0.375257202
2060;SAF;FCEV;2050;40t;0.766370911
2005;SAF;HEV-d;2000;26t;0.000578744
2010;SAF;HEV-d;2000;26t;0.001128966
2015;SAF;HEV-d;2005;26t;0.439072807
2020;SAF;HEV-d;2010;26t;0.809839767
2025;SAF;HEV-d;2015;26t;3.072864522
2030;SAF;HEV-d;2020;26t;4.732875568
2035;SAF;HEV-d;2025;26t;5.160112178
2040;SAF;HEV-d;2030;26t;4.383866142
2045;SAF;HEV-d;2035;26t;3.54716275
2050;SAF;HEV-d;2040;26t;3.213515686
2060;SAF;HEV-d;2050;26t;3.12013768
2005;SAF;HEV-d;2000;40t;0.00034274
2010;SAF;HEV-d;2000;40t;0.000739832
2015;SAF;HEV-d;2005;40t;1.174760422
2020;SAF;HEV-d;2010;40t;2.179663879
2025;SAF;HEV-d;2015;40t;17.17553547
2030;SAF;HEV-d;2020;40t;24.27481933
2035;SAF;HEV-d;2025;40t;27.89078403
2040;SAF;HEV-d;2030;40t;28.1947417
2045;SAF;HEV-d;2035;40t;26.93557385
2050;SAF;HEV-d;2040;40t;26.57081665
2060;SAF;HEV-d;2050;40t;27.18381812
2005;SAF;ICEV-d;2000;26t;33.83760149
2010;SAF;ICEV-d;2000;26t;35.89745562
2015;SAF;ICEV-d;2005;26t;39.75172466
2020;SAF;ICEV-d;2010;26t;41.21979985
2025;SAF;ICEV-d;2015;26t;30.41646657
2030;SAF;ICEV-d;2020;26t;23.71901633
2035;SAF;ICEV-d;2025;26t;17.19117529
2040;SAF;ICEV-d;2030;26t;11.11193506
2045;SAF;ICEV-d;2035;26t;5.983552246
2050;SAF;ICEV-d;2040;26t;3.940344421
2060;SAF;ICEV-d;2050;26t;3.302835144
2005;SAF;ICEV-d;2000;40t;136.067572
2010;SAF;ICEV-d;2000;40t;144.7974182
2015;SAF;ICEV-d;2005;40t;168.9852629
2020;SAF;ICEV-d;2010;40t;178.6388498
2025;SAF;ICEV-d;2015;40t;166.2122181
2030;SAF;ICEV-d;2020;40t;152.728807
2035;SAF;ICEV-d;2025;40t;125.8254272
2040;SAF;ICEV-d;2030;40t;87.78797119
2045;SAF;ICEV-d;2035;40t;53.23879199
2050;SAF;ICEV-d;2040;40t;37.61940759
2060;SAF;ICEV-d;2050;40t;32.18580103
2005;SAF;PHEV-d;2000;26t;9.64803E-08
2010;SAF;PHEV-d;2000;26t;3.30288E-05
2015;SAF;PHEV-d;2005;26t;1.693525614
2020;SAF;PHEV-d;2010;26t;3.167020822
2025;SAF;PHEV-d;2015;26t;16.21963927
2030;SAF;PHEV-d;2020;26t;27.89739847
2035;SAF;PHEV-d;2025;26t;40.75853165
2040;SAF;PHEV-d;2030;26t;54.43045673
2045;SAF;PHEV-d;2035;26t;66.04208813
2050;SAF;PHEV-d;2040;26t;73.68962207
2060;SAF;PHEV-d;2050;26t;85.30688086
2005;SAF;PHEV-d;2000;40t;5.83297E-08
2010;SAF;PHEV-d;2000;40t;1.43862E-07
2015;SAF;PHEV-d;2005;40t;2.731123661
2020;SAF;PHEV-d;2010;40t;5.101310037
2025;SAF;PHEV-d;2015;40t;19.98399299
2030;SAF;PHEV-d;2020;40t;52.64232504
2035;SAF;PHEV-d;2025;40t;102.4197631
2040;SAF;PHEV-d;2030;40t;167.161958
2045;SAF;PHEV-d;2035;40t;225.7018418
2050;SAF;PHEV-d;2040;40t;262.8201582
2060;SAF;PHEV-d;2050;40t;311.3875684
2005;SEAS;FCEV;2000;26t;0
2010;SEAS;FCEV;2000;26t;0
2015;SEAS;FCEV;2005;26t;0
2020;SEAS;FCEV;2010;26t;0
2025;SEAS;FCEV;2015;26t;0
2030;SEAS;FCEV;2020;26t;0
2035;SEAS;FCEV;2025;26t;2.00285E-08
2040;SEAS;FCEV;2030;26t;0.003603043
2045;SEAS;FCEV;2035;26t;0.031039049
2050;SEAS;FCEV;2040;26t;0.109261703
2060;SEAS;FCEV;2050;26t;0.145951599
2005;SEAS;FCEV;2000;40t;0
2010;SEAS;FCEV;2000;40t;0
2015;SEAS;FCEV;2005;40t;1.66762E-36
2020;SEAS;FCEV;2010;40t;5.24053E-30
2025;SEAS;FCEV;2015;40t;7.10569E-23
2030;SEAS;FCEV;2020;40t;4.45118E-17
2035;SEAS;FCEV;2025;40t;7.77423E-11
2040;SEAS;FCEV;2030;40t;0.029831186
2045;SEAS;FCEV;2035;40t;0.299725353
2050;SEAS;FCEV;2040;40t;1.19392763
2060;SEAS;FCEV;2050;40t;2.080823162
2005;SEAS;HEV-d;2000;26t;1.50374E-07
2010;SEAS;HEV-d;2000;26t;0.000130533
2015;SEAS;HEV-d;2005;26t;1.073962067
2020;SEAS;HEV-d;2010;26t;2.24189559
2025;SEAS;HEV-d;2015;26t;15.70414455
2030;SEAS;HEV-d;2020;26t;27.83160548
2035;SEAS;HEV-d;2025;26t;41.86338994
2040;SEAS;HEV-d;2030;26t;52.90176332
2045;SEAS;HEV-d;2035;26t;54.81892453
2050;SEAS;HEV-d;2040;26t;51.64675793
2060;SEAS;HEV-d;2050;26t;48.84282114
2005;SEAS;HEV-d;2000;40t;5.80817E-07
2010;SEAS;HEV-d;2000;40t;0.000114926
2015;SEAS;HEV-d;2005;40t;3.634183594
2020;SEAS;HEV-d;2010;40t;7.603096069
2025;SEAS;HEV-d;2015;40t;73.62860536
2030;SEAS;HEV-d;2020;40t;127.413229
2035;SEAS;HEV-d;2025;40t;215.2212549
2040;SEAS;HEV-d;2030;40t;340.815842
2045;SEAS;HEV-d;2035;40t;434.8007271
2050;SEAS;HEV-d;2040;40t;476.4029624
2060;SEAS;HEV-d;2050;40t;508.1811011
2005;SEAS;ICEV-d;2000;26t;113.1352894
2010;SEAS;ICEV-d;2000;26t;131.6225405
2015;SEAS;ICEV-d;2005;26t;187.5353843
2020;SEAS;ICEV-d;2010;26t;223.9000344
2025;SEAS;ICEV-d;2015;26t;248.3469048
2030;SEAS;ICEV-d;2020;26t;246.357415
2035;SEAS;ICEV-d;2025;26t;218.5837527
2040;SEAS;ICEV-d;2030;26t;165.5065706
2045;SEAS;ICEV-d;2035;26t;108.1967922
2050;SEAS;ICEV-d;2040;26t;73.96432623
2060;SEAS;ICEV-d;2050;26t;56.87146829
2005;SEAS;ICEV-d;2000;40t;641.2454902
2010;SEAS;ICEV-d;2000;40t;750.5439143
2015;SEAS;ICEV-d;2005;40t;1100.34639
2020;SEAS;ICEV-d;2010;40t;1322.494744
2025;SEAS;ICEV-d;2015;40t;1498.062873
2030;SEAS;ICEV-d;2020;40t;1599.148054
2035;SEAS;ICEV-d;2025;40t;1567.97551
2040;SEAS;ICEV-d;2030;40t;1328.004826
2045;SEAS;ICEV-d;2035;40t;992.6140225
2050;SEAS;ICEV-d;2040;40t;774.6995664
2060;SEAS;ICEV-d;2050;40t;660.3252378
2005;SEAS;PHEV-d;2000;26t;5.81862E-10
2010;SEAS;PHEV-d;2000;26t;1.33823E-07
2015;SEAS;PHEV-d;2005;26t;1.774139743
2020;SEAS;PHEV-d;2010;26t;3.721758067
2025;SEAS;PHEV-d;2015;26t;8.871181404
2030;SEAS;PHEV-d;2020;26t;36.9541751
2035;SEAS;PHEV-d;2025;26t;88.70475983
2040;SEAS;PHEV-d;2030;26t;172.5748424
2045;SEAS;PHEV-d;2035;26t;266.8294409
2050;SEAS;PHEV-d;2040;26t;340.6424697
2060;SEAS;PHEV-d;2050;26t;430.9914277
2005;SEAS;PHEV-d;2000;40t;5.39614E-10
2010;SEAS;PHEV-d;2000;40t;1.62989E-07
2015;SEAS;PHEV-d;2005;40t;3.29509198
2020;SEAS;PHEV-d;2010;40t;6.916214671
2025;SEAS;PHEV-d;2015;40t;16.64674223
2030;SEAS;PHEV-d;2020;40t;86.45645086
2035;SEAS;PHEV-d;2025;40t;250.0055953
2040;SEAS;PHEV-d;2030;40t;602.4816311
2045;SEAS;PHEV-d;2035;40t;1065.1616
2050;SEAS;PHEV-d;2040;40t;1450.813637
2060;SEAS;PHEV-d;2050;40t;1938.332742
2005;STAN;HEV-d;2000;26t;4.10404E-08
2010;STAN;HEV-d;2000;26t;2.90222E-05
2015;STAN;HEV-d;2005;26t;0.173507908
2020;STAN;HEV-d;2010;26t;0.373997231
2025;STAN;HEV-d;2015;26t;2.472706711
2030;STAN;HEV-d;2020;26t;4.412147064
2035;STAN;HEV-d;2025;26t;6.868860657
2040;STAN;HEV-d;2030;26t;8.591270813
2045;STAN;HEV-d;2035;26t;8.361304382
2050;STAN;HEV-d;2040;26t;6.952099548
2060;STAN;HEV-d;2050;26t;5.610369202
2005;STAN;HEV-d;2000;40t;5.79875E-08
2010;STAN;HEV-d;2000;40t;1.48076E-05
2015;STAN;HEV-d;2005;40t;0.385287659
2020;STAN;HEV-d;2010;40t;0.833133011
2025;STAN;HEV-d;2015;40t;5.887885468
2030;STAN;HEV-d;2020;40t;11.64874927
2035;STAN;HEV-d;2025;40t;21.75731921
2040;STAN;HEV-d;2030;40t;35.2234209
2045;STAN;HEV-d;2035;40t;43.33694678
2050;STAN;HEV-d;2040;40t;43.54737305
2060;STAN;HEV-d;2050;40t;42.14147412
2005;STAN;ICEV-d;2000;26t;17.57313971
2010;STAN;ICEV-d;2000;26t;21.21490546
2015;STAN;ICEV-d;2005;26t;29.65142822
2020;STAN;ICEV-d;2010;26t;36.53543066
2025;STAN;ICEV-d;2015;26t;38.83226538
2030;STAN;ICEV-d;2020;26t;39.98727319
2035;STAN;ICEV-d;2025;26t;37.246677
2040;STAN;ICEV-d;2030;26t;28.20091797
2045;STAN;ICEV-d;2035;26t;17.29985669
2050;STAN;ICEV-d;2040;26t;10.3368761
2060;STAN;ICEV-d;2050;26t;6.62500824
2005;STAN;ICEV-d;2000;40t;66.18466485
2010;STAN;ICEV-d;2000;40t;80.51719558
2015;STAN;ICEV-d;2005;40t;116.2283693
2020;STAN;ICEV-d;2010;40t;144.3663391
2025;STAN;ICEV-d;2015;40t;158.6033542
2030;STAN;ICEV-d;2020;40t;171.1155828
2035;STAN;ICEV-d;2025;40t;171.445542
2040;STAN;ICEV-d;2030;40t;144.6318226
2045;STAN;ICEV-d;2035;40t;103.5754721
2050;STAN;ICEV-d;2040;40t;73.6201615
2060;STAN;ICEV-d;2050;40t;55.80384438
2005;STAN;PHEV-d;2000;26t;1.46182E-10
2010;STAN;PHEV-d;2000;26t;6.81765E-09
2015;STAN;PHEV-d;2005;26t;0.311674066
2020;STAN;PHEV-d;2010;26t;0.675362208
2025;STAN;PHEV-d;2015;26t;1.3317124
2030;STAN;PHEV-d;2020;26t;3.868767431
2035;STAN;PHEV-d;2025;26t;9.807684981
2040;STAN;PHEV-d;2030;26t;22.09073653
2045;STAN;PHEV-d;2035;26t;36.53679633
2050;STAN;PHEV-d;2040;26t;46.41273547
2060;STAN;PHEV-d;2050;26t;58.21731445
2005;STAN;PHEV-d;2000;40t;4.49406E-11
2010;STAN;PHEV-d;2000;40t;1.54482E-09
2015;STAN;PHEV-d;2005;40t;0.398036031
2020;STAN;PHEV-d;2010;40t;0.8636659
2025;STAN;PHEV-d;2015;40t;1.304852089
2030;STAN;PHEV-d;2020;40t;5.148421243
2035;STAN;PHEV-d;2025;40t;16.77096395
2040;STAN;PHEV-d;2030;40t;49.01124179
2045;STAN;PHEV-d;2035;40t;94.16826965
2050;STAN;PHEV-d;2040;40t;129.3265293
2060;STAN;PHEV-d;2050;40t;174.1000205
2005;TUR;FCEV;2000;40t;0
2010;TUR;FCEV;2000;40t;0
2015;TUR;FCEV;2005;40t;4.23606E-21
2020;TUR;FCEV;2010;40t;3.05137E-18
2025;TUR;FCEV;2015;40t;4.80422E-12
2030;TUR;FCEV;2020;40t;1.48307E-09
2035;TUR;FCEV;2025;40t;1.26723E-06
2040;TUR;FCEV;2030;40t;0.0254634
2045;TUR;FCEV;2035;40t;0.275413917
2050;TUR;FCEV;2040;40t;0.750809044
2060;TUR;FCEV;2050;40t;1.381218201
2005;TUR;HEV-d;2000;40t;0.02042523
2010;TUR;HEV-d;2000;40t;0.02810632
2015;TUR;HEV-d;2005;40t;1.063615082
2020;TUR;HEV-d;2010;40t;2.076558087
2025;TUR;HEV-d;2015;40t;4.960806603
2030;TUR;HEV-d;2020;40t;4.729715698
2035;TUR;HEV-d;2025;40t;2.901797562
2040;TUR;HEV-d;2030;40t;1.668232742
2045;TUR;HEV-d;2035;40t;2.432301514
2050;TUR;HEV-d;2040;40t;3.047631475
2060;TUR;HEV-d;2050;40t;2.184923744
2005;TUR;ICEV-d;2000;26t;10.40297975
2010;TUR;ICEV-d;2000;26t;13.0630194
2015;TUR;ICEV-d;2005;26t;18.69661255
2020;TUR;ICEV-d;2010;26t;19.91356354
2025;TUR;ICEV-d;2015;26t;11.77345178
2030;TUR;ICEV-d;2020;26t;4.809842102
2035;TUR;ICEV-d;2025;26t;1.072160913
2040;TUR;ICEV-d;2030;26t;0.598637247
2045;TUR;ICEV-d;2035;26t;0.282883265
2050;TUR;ICEV-d;2040;26t;0.142162856
2060;TUR;ICEV-d;2050;26t;0.081608357
2005;TUR;ICEV-d;2000;40t;105.1920177
2010;TUR;ICEV-d;2000;40t;132.3970126
2015;TUR;ICEV-d;2005;40t;198.9825698
2020;TUR;ICEV-d;2010;40t;218.1935459
2025;TUR;ICEV-d;2015;40t;140.1303818
2030;TUR;ICEV-d;2020;40t;67.50351074
2035;TUR;ICEV-d;2025;40t;25.78116547
2040;TUR;ICEV-d;2030;40t;14.32519149
2045;TUR;ICEV-d;2035;40t;6.803640358
2050;TUR;ICEV-d;2040;40t;3.640153593
2060;TUR;ICEV-d;2050;40t;2.182847398
2005;TUR;PHEV-d;2000;26t;0.000774702
2010;TUR;PHEV-d;2000;26t;0.001188234
2015;TUR;PHEV-d;2005;26t;2.267520952
2020;TUR;PHEV-d;2010;26t;4.571670769
2025;TUR;PHEV-d;2015;26t;16.69652446
2030;TUR;PHEV-d;2020;26t;28.31438753
2035;TUR;PHEV-d;2025;26t;37.45263808
2040;TUR;PHEV-d;2030;26t;43.0384502
2045;TUR;PHEV-d;2035;26t;48.16677588
2050;TUR;PHEV-d;2040;26t;52.54354938
2060;TUR;PHEV-d;2050;26t;58.40313953
2005;TUR;PHEV-d;2000;40t;0.001826452
2010;TUR;PHEV-d;2000;40t;0.002807242
2015;TUR;PHEV-d;2005;40t;16.20802791
2020;TUR;PHEV-d;2010;40t;32.86942425
2025;TUR;PHEV-d;2015;40t;148.5461186
2030;TUR;PHEV-d;2020;40t;267.3781548
2035;TUR;PHEV-d;2025;40t;364.1208681
2040;TUR;PHEV-d;2030;40t;428.9572207
2045;TUR;PHEV-d;2035;40t;484.7865664
2050;TUR;PHEV-d;2040;40t;530.8910234
2060;TUR;PHEV-d;2050;40t;591.3128223
2005;UKR;HEV-d;2000;26t;9.50862E-06
2010;UKR;HEV-d;2000;26t;6.06681E-05
2015;UKR;HEV-d;2005;26t;0.045111871
2020;UKR;HEV-d;2010;26t;0.086034821
2025;UKR;HEV-d;2015;26t;0.397952522
2030;UKR;HEV-d;2020;26t;0.724385727
2035;UKR;HEV-d;2025;26t;0.953038391
2040;UKR;HEV-d;2030;26t;0.892628815
2045;UKR;HEV-d;2035;26t;0.654753616
2050;UKR;HEV-d;2040;26t;0.462845985
2060;UKR;HEV-d;2050;26t;0.276070194
2005;UKR;HEV-d;2000;40t;6.04254E-08
2010;UKR;HEV-d;2000;40t;5.82092E-05
2015;UKR;HEV-d;2005;40t;0.132210842
2020;UKR;HEV-d;2010;40t;0.254140667
2025;UKR;HEV-d;2015;40t;2.056604004
2030;UKR;HEV-d;2020;40t;3.150457062
2035;UKR;HEV-d;2025;40t;4.169173828
2040;UKR;HEV-d;2030;40t;4.575196533
2045;UKR;HEV-d;2035;40t;4.07586853
2050;UKR;HEV-d;2040;40t;3.468317932
2060;UKR;HEV-d;2050;40t;2.564823761
2005;UKR;ICEV-d;2000;26t;4.595340973
2010;UKR;ICEV-d;2000;26t;5.604017075
2015;UKR;ICEV-d;2005;26t;4.691480804
2020;UKR;ICEV-d;2010;26t;5.042850037
2025;UKR;ICEV-d;2015;26t;4.025343445
2030;UKR;ICEV-d;2020;26t;3.494752441
2035;UKR;ICEV-d;2025;26t;2.954733521
2040;UKR;ICEV-d;2030;26t;2.052626144
2045;UKR;ICEV-d;2035;26t;1.091671883
2050;UKR;ICEV-d;2040;26t;0.586452911
2060;UKR;ICEV-d;2050;26t;0.293706951
2005;UKR;ICEV-d;2000;40t;17.37991019
2010;UKR;ICEV-d;2000;40t;21.40397546
2015;UKR;ICEV-d;2005;40t;18.58980298
2020;UKR;ICEV-d;2010;40t;20.34313525
2025;UKR;ICEV-d;2015;40t;18.90988306
2030;UKR;ICEV-d;2020;40t;18.14962939
2035;UKR;ICEV-d;2025;40t;16.60951685
2040;UKR;ICEV-d;2030;40t;12.64528662
2045;UKR;ICEV-d;2035;40t;7.717906128
2050;UKR;ICEV-d;2040;40t;4.89990509
2060;UKR;ICEV-d;2050;40t;2.994259308
2005;UKR;PHEV-d;2000;26t;7.48047E-10
2010;UKR;PHEV-d;2000;26t;9.23099E-07
2015;UKR;PHEV-d;2005;26t;0.166675304
2020;UKR;PHEV-d;2010;26t;0.322041938
2025;UKR;PHEV-d;2015;26t;1.632750909
2030;UKR;PHEV-d;2020;26t;2.578429114
2035;UKR;PHEV-d;2025;26t;3.743869705
2040;UKR;PHEV-d;2030;26t;5.551807549
2045;UKR;PHEV-d;2035;26t;7.499350281
2050;UKR;PHEV-d;2040;26t;8.938456055
2060;UKR;PHEV-d;2050;26t;10.3163924
2005;UKR;PHEV-d;2000;40t;3.51045E-10
2010;UKR;PHEV-d;2000;40t;1.15465E-08
2015;UKR;PHEV-d;2005;40t;0.308565414
2020;UKR;PHEV-d;2010;40t;0.596941042
2025;UKR;PHEV-d;2015;40t;2.516424588
2030;UKR;PHEV-d;2020;40t;5.028100087
2035;UKR;PHEV-d;2025;40t;8.810658365
2040;UKR;PHEV-d;2030;40t;15.57354259
2045;UKR;PHEV-d;2035;40t;23.84460156
2050;UKR;PHEV-d;2040;40t;30.10027307
2060;UKR;PHEV-d;2050;40t;36.32473584
2005;USA;FCEV;2000;40t;0
2010;USA;FCEV;2000;40t;0
2015;USA;FCEV;2005;40t;2.49002E-41
2020;USA;FCEV;2010;40t;1.20631E-37
2025;USA;FCEV;2015;40t;3.69771E-27
2030;USA;FCEV;2020;40t;5.11616E-20
2035;USA;FCEV;2025;40t;8.99466E-13
2040;USA;FCEV;2030;40t;0.01537829
2045;USA;FCEV;2035;40t;0.489247725
2050;USA;FCEV;2040;40t;1.789625296
2060;USA;FCEV;2050;40t;2.736400303
2005;USA;HEV-d;2000;26t;8.00582E-07
2010;USA;HEV-d;2000;26t;8.19045E-07
2015;USA;HEV-d;2005;26t;0.776286163
2020;USA;HEV-d;2010;26t;1.491074936
2025;USA;HEV-d;2015;26t;5.051592195
2030;USA;HEV-d;2020;26t;20.14275215
2035;USA;HEV-d;2025;26t;44.82695787
2040;USA;HEV-d;2030;26t;70.87918597
2045;USA;HEV-d;2035;26t;79.22311664
2050;USA;HEV-d;2040;26t;75.03661389
2060;USA;HEV-d;2050;26t;61.43226447
2005;USA;HEV-d;2000;40t;6.85777E-06
2010;USA;HEV-d;2000;40t;8.05215E-06
2015;USA;HEV-d;2005;40t;5.210905548
2020;USA;HEV-d;2010;40t;10.09720349
2025;USA;HEV-d;2015;40t;37.95853894
2030;USA;HEV-d;2020;40t;149.9761987
2035;USA;HEV-d;2025;40t;371.9558727
2040;USA;HEV-d;2030;40t;707.9741002
2045;USA;HEV-d;2035;40t;948.6560352
2050;USA;HEV-d;2040;40t;1037.928573
2060;USA;HEV-d;2050;40t;1004.685129
2005;USA;ICEV-d;2000;26t;223.8281148
2010;USA;ICEV-d;2000;26t;231.8861614
2015;USA;ICEV-d;2005;26t;288.8890166
2020;USA;ICEV-d;2010;26t;321.0198857
2025;USA;ICEV-d;2015;26t;352.194811
2030;USA;ICEV-d;2020;26t;351.3503433
2035;USA;ICEV-d;2025;26t;319.4417296
2040;USA;ICEV-d;2030;26t;250.4628937
2045;USA;ICEV-d;2035;26t;166.513775
2050;USA;ICEV-d;2040;26t;112.4634995
2060;USA;ICEV-d;2050;26t;72.95049251
2005;USA;ICEV-d;2000;40t;2248.106921
2010;USA;ICEV-d;2000;40t;2339.681152
2015;USA;ICEV-d;2005;40t;2953.77451
2020;USA;ICEV-d;2010;40t;3293.329203
2025;USA;ICEV-d;2015;40t;3632.793177
2030;USA;ICEV-d;2020;40t;3738.774704
2035;USA;ICEV-d;2025;40t;3599.746482
2040;USA;ICEV-d;2030;40t;3068.770642
2045;USA;ICEV-d;2035;40t;2292.558852
2050;USA;ICEV-d;2040;40t;1759.167217
2060;USA;ICEV-d;2050;40t;1331.802109
2005;USA;PHEV-d;2000;26t;1.15431E-08
2010;USA;PHEV-d;2000;26t;6.98185E-08
2015;USA;PHEV-d;2005;26t;0.625070435
2020;USA;PHEV-d;2010;26t;1.185283655
2025;USA;PHEV-d;2015;26t;2.294722743
2030;USA;PHEV-d;2020;26t;12.12087103
2035;USA;PHEV-d;2025;26t;39.9760734
2040;USA;PHEV-d;2030;26t;102.2191521
2045;USA;PHEV-d;2035;26t;193.150324
2050;USA;PHEV-d;2040;26t;265.5061714
2060;USA;PHEV-d;2050;26t;348.9338955
2005;USA;PHEV-d;2000;40t;1.34109E-08
2010;USA;PHEV-d;2000;40t;1.32425E-07
2015;USA;PHEV-d;2005;40t;2.576630783
2020;USA;PHEV-d;2010;40t;5.004246798
2025;USA;PHEV-d;2015;40t;10.07917087
2030;USA;PHEV-d;2020;40t;53.12743459
2035;USA;PHEV-d;2025;40t;195.2320177
2040;USA;PHEV-d;2030;40t;595.8078224
2045;USA;PHEV-d;2035;40t;1293.290797
2050;USA;PHEV-d;2040;40t;1886.469242
2060;USA;PHEV-d;2050;40t;2649.020023
2005;WAF;FCEV;2000;26t;0
2010;WAF;FCEV;2000;26t;0
2015;WAF;FCEV;2005;26t;0
2020;WAF;FCEV;2010;26t;0
2025;WAF;FCEV;2015;26t;0
2030;WAF;FCEV;2020;26t;0
2035;WAF;FCEV;2025;26t;2.4286E-08
2040;WAF;FCEV;2030;26t;0.004383564
2045;WAF;FCEV;2035;26t;0.038428379
2050;WAF;FCEV;2040;26t;0.085397087
2060;WAF;FCEV;2050;26t;0.123420799
2005;WAF;FCEV;2000;40t;0
2010;WAF;FCEV;2000;40t;0
2015;WAF;FCEV;2005;40t;0
2020;WAF;FCEV;2010;40t;0
2025;WAF;FCEV;2015;40t;0
2030;WAF;FCEV;2020;40t;0
2035;WAF;FCEV;2025;40t;0
2040;WAF;FCEV;2030;40t;0.017353161
2045;WAF;FCEV;2035;40t;0.176620102
2050;WAF;FCEV;2040;40t;0.464912201
2060;WAF;FCEV;2050;40t;0.890132385
2005;WAF;HEV-d;2000;26t;2.06575E-08
2010;WAF;HEV-d;2000;26t;2.76272E-05
2015;WAF;HEV-d;2005;26t;0.078181683
2020;WAF;HEV-d;2010;26t;0.161086484
2025;WAF;HEV-d;2015;26t;0.992343781
2030;WAF;HEV-d;2020;26t;1.894712128
2035;WAF;HEV-d;2025;26t;2.79259216
2040;WAF;HEV-d;2030;26t;2.930069656
2045;WAF;HEV-d;2035;26t;2.743160492
2050;WAF;HEV-d;2040;26t;2.707600647
2060;WAF;HEV-d;2050;26t;3.342597427
2005;WAF;HEV-d;2000;40t;2.22822E-08
2010;WAF;HEV-d;2000;40t;1.17764E-05
2015;WAF;HEV-d;2005;40t;0.183733879
2020;WAF;HEV-d;2010;40t;0.379047291
2025;WAF;HEV-d;2015;40t;2.623942795
2030;WAF;HEV-d;2020;40t;5.424729797
2035;WAF;HEV-d;2025;40t;9.740376257
2040;WAF;HEV-d;2030;40t;13.83795122
2045;WAF;HEV-d;2035;40t;16.85664777
2050;WAF;HEV-d;2040;40t;19.52173877
2060;WAF;HEV-d;2050;40t;26.43689618
2005;WAF;ICEV-d;2000;26t;6.601200146
2010;WAF;ICEV-d;2000;26t;7.670833463
2015;WAF;ICEV-d;2005;26t;9.562735609
2020;WAF;ICEV-d;2010;26t;11.20486183
2025;WAF;ICEV-d;2015;26t;11.76501327
2030;WAF;ICEV-d;2020;26t;12.67452022
2035;WAF;ICEV-d;2025;26t;12.13870911
2040;WAF;ICEV-d;2030;26t;9.142372864
2045;WAF;ICEV-d;2035;26t;5.533610657
2050;WAF;ICEV-d;2040;26t;3.771507019
2060;WAF;ICEV-d;2050;26t;3.797566025
2005;WAF;ICEV-d;2000;40t;26.21366097
2010;WAF;ICEV-d;2000;40t;30.62080322
2015;WAF;ICEV-d;2005;40t;39.86225323
2020;WAF;ICEV-d;2010;40t;47.1478277
2025;WAF;ICEV-d;2015;40t;52.97046916
2030;WAF;ICEV-d;2020;40t;60.83250881
2035;WAF;ICEV-d;2025;40t;63.68533264
2040;WAF;ICEV-d;2030;40t;54.40189526
2045;WAF;ICEV-d;2035;40t;39.38369019
2050;WAF;ICEV-d;2040;40t;31.3781499
2060;WAF;ICEV-d;2050;40t;33.77108728
2005;WAF;PHEV-d;2000;26t;1.04226E-10
2010;WAF;PHEV-d;2000;26t;4.09049E-09
2015;WAF;PHEV-d;2005;26t;0.187204782
2020;WAF;PHEV-d;2010;26t;0.38874365
2025;WAF;PHEV-d;2015;26t;1.095904457
2030;WAF;PHEV-d;2020;26t;2.447423294
2035;WAF;PHEV-d;2025;26t;5.89006557
2040;WAF;PHEV-d;2030;26t;13.58521046
2045;WAF;PHEV-d;2035;26t;23.06303967
2050;WAF;PHEV-d;2040;26t;31.68295447
2060;WAF;PHEV-d;2050;26t;49.01059131
2005;WAF;PHEV-d;2000;40t;1.53218E-11
2010;WAF;PHEV-d;2000;40t;9.02501E-10
2015;WAF;PHEV-d;2005;40t;0.223355174
2020;WAF;PHEV-d;2010;40t;0.462597722
2025;WAF;PHEV-d;2015;40t;0.920459267
2030;WAF;PHEV-d;2020;40t;3.091353067
2035;WAF;PHEV-d;2025;40t;11.13417721
2040;WAF;PHEV-d;2030;40t;35.28916928
2045;WAF;PHEV-d;2035;40t;69.72205322
2050;WAF;PHEV-d;2040;40t;102.2484263
2060;WAF;PHEV-d;2050;40t;165.002124
2005;WEU;FCEV;2000;40t;0
2010;WEU;FCEV;2000;40t;0
2015;WEU;FCEV;2005;40t;7.08057E-23
2020;WEU;FCEV;2010;40t;3.26937E-20
2025;WEU;FCEV;2015;40t;1.09728E-13
2030;WEU;FCEV;2020;40t;6.71315E-11
2035;WEU;FCEV;2025;40t;1.37972E-06
2040;WEU;FCEV;2030;40t;0.03559109
2045;WEU;FCEV;2035;40t;0.368430206
2050;WEU;FCEV;2040;40t;0.729930449
2060;WEU;FCEV;2050;40t;0.655116112
2005;WEU;HEV-d;2000;26t;0.004459958
2010;WEU;HEV-d;2000;26t;0.005587977
2015;WEU;HEV-d;2005;26t;0.700842712
2020;WEU;HEV-d;2010;26t;1.219616104
2025;WEU;HEV-d;2015;26t;3.701551862
2030;WEU;HEV-d;2020;26t;5.296340199
2035;WEU;HEV-d;2025;26t;4.706784144
2040;WEU;HEV-d;2030;26t;3.097613388
2045;WEU;HEV-d;2035;26t;1.788708862
2050;WEU;HEV-d;2040;26t;1.276688232
2060;WEU;HEV-d;2050;26t;1.368043015
2005;WEU;HEV-d;2000;40t;0.01240375
2010;WEU;HEV-d;2000;40t;0.014866854
2015;WEU;HEV-d;2005;40t;6.597230103
2020;WEU;HEV-d;2010;40t;11.6312194
2025;WEU;HEV-d;2015;40t;47.63474392
2030;WEU;HEV-d;2020;40t;76.0781308
2035;WEU;HEV-d;2025;40t;76.77019379
2040;WEU;HEV-d;2030;40t;58.87008051
2045;WEU;HEV-d;2035;40t;39.90813306
2050;WEU;HEV-d;2040;40t;32.52942383
2060;WEU;HEV-d;2050;40t;38.98546313
2005;WEU;ICEV-d;2000;26t;77.27676728
2010;WEU;ICEV-d;2000;26t;69.84207446
2015;WEU;ICEV-d;2005;26t;72.70746582
2020;WEU;ICEV-d;2010;26t;71.81226306
2025;WEU;ICEV-d;2015;26t;49.56050647
2030;WEU;ICEV-d;2020;26t;29.13680011
2035;WEU;ICEV-d;2025;26t;13.65563098
2040;WEU;ICEV-d;2030;26t;6.883451752
2045;WEU;ICEV-d;2035;26t;2.723057434
2050;WEU;ICEV-d;2040;26t;1.365659599
2060;WEU;ICEV-d;2050;26t;1.316047684
2005;WEU;ICEV-d;2000;40t;781.4342773
2010;WEU;ICEV-d;2000;40t;708.553769
2015;WEU;ICEV-d;2005;40t;773.8647637
2020;WEU;ICEV-d;2010;40t;782.9889434
2025;WEU;ICEV-d;2015;40t;628.9806133
2030;WEU;ICEV-d;2020;40t;458.8828457
2035;WEU;ICEV-d;2025;40t;281.9519619
2040;WEU;ICEV-d;2030;40t;157.6256182
2045;WEU;ICEV-d;2035;40t;70.94233057
2050;WEU;ICEV-d;2040;40t;40.55192139
2060;WEU;ICEV-d;2050;40t;41.77613391
2005;WEU;PHEV-d;2000;26t;0.000193812
2010;WEU;PHEV-d;2000;26t;0.000372956
2015;WEU;PHEV-d;2005;26t;4.73530287
2020;WEU;PHEV-d;2010;26t;8.597194753
2025;WEU;PHEV-d;2015;26t;36.13513496
2030;WEU;PHEV-d;2020;26t;60.34444211
2035;WEU;PHEV-d;2025;26t;82.31752808
2040;WEU;PHEV-d;2030;26t;97.90467114
2045;WEU;PHEV-d;2035;26t;109.7271953
2050;WEU;PHEV-d;2040;26t;117.5510303
2060;WEU;PHEV-d;2050;26t;129.3930049
2005;WEU;PHEV-d;2000;40t;1.50919E-06
2010;WEU;PHEV-d;2000;40t;0.000312737
2015;WEU;PHEV-d;2005;40t;25.9486609
2020;WEU;PHEV-d;2010;40t;47.50135196
2025;WEU;PHEV-d;2015;40t;241.1783697
2030;WEU;PHEV-d;2020;40t;434.6814907
2035;WEU;PHEV-d;2025;40t;669.9376405
2040;WEU;PHEV-d;2030;40t;886.7162559
2045;WEU;PHEV-d;2035;40t;1058.529219
2050;WEU;PHEV-d;2040;40t;1158.386867
2060;WEU;PHEV-d;2050;40t;1272.278555
2005;World;FCEV;2000;26t;0
2010;World;FCEV;2000;26t;0
2015;World;FCEV;2005;26t;6.62245E-20
2020;World;FCEV;2010;26t;7.57365E-15
2025;World;FCEV;2015;26t;2.46485E-11
2030;World;FCEV;2020;26t;4.15184E-09
2035;World;FCEV;2025;26t;3.8819E-06
2040;World;FCEV;2030;26t;0.081531461
2045;World;FCEV;2035;26t;0.828733613
2050;World;FCEV;2040;26t;2.236600506
2060;World;FCEV;2050;26t;2.948693123
2005;World;FCEV;2000;40t;0
2010;World;FCEV;2000;40t;0
2015;World;FCEV;2005;40t;4.31025E-21
2020;World;FCEV;2010;40t;3.10006E-18
2025;World;FCEV;2015;40t;6.22165E-12
2030;World;FCEV;2020;40t;3.36197E-09
2035;World;FCEV;2025;40t;5.85444E-06
2040;World;FCEV;2030;40t;0.526350207
2045;World;FCEV;2035;40t;6.263169483
2050;World;FCEV;2040;40t;19.4665154
2060;World;FCEV;2050;40t;33.0267251
2005;World;HEV-d;2000;26t;0.02330796
2010;World;HEV-d;2000;26t;0.04352146
2015;World;HEV-d;2005;26t;18.73540771
2020;World;HEV-d;2010;26t;39.11789388
2025;World;HEV-d;2015;26t;183.6045641
2030;World;HEV-d;2020;26t;306.8397604
2035;World;HEV-d;2025;26t;420.8336828
2040;World;HEV-d;2030;26t;532.3464214
2045;World;HEV-d;2035;26t;645.7892505
2050;World;HEV-d;2040;26t;744.8925635
2060;World;HEV-d;2050;26t;852.217752
2005;World;HEV-d;2000;40t;0.04589664
2010;World;HEV-d;2000;40t;0.074290928
2015;World;HEV-d;2005;40t;60.00153912
2020;World;HEV-d;2010;40t;123.3639208
2025;World;HEV-d;2015;40t;878.2815953
2030;World;HEV-d;2020;40t;1448.933446
2035;World;HEV-d;2025;40t;2152.573
2040;World;HEV-d;2030;40t;3094.210139
2045;World;HEV-d;2035;40t;3935.715924
2050;World;HEV-d;2040;40t;4513.409877
2060;World;HEV-d;2050;40t;5088.123538
2005;World;ICEV-d;2000;26t;1853.383308
2010;World;ICEV-d;2000;26t;2268.765374
2015;World;ICEV-d;2005;26t;3053.44201
2020;World;ICEV-d;2010;26t;3603.516793
2025;World;ICEV-d;2015;26t;3496.224354
2030;World;ICEV-d;2020;26t;3239.166643
2035;World;ICEV-d;2025;26t;2899.603293
2040;World;ICEV-d;2030;26t;2433.01134
2045;World;ICEV-d;2035;26t;1877.145555
2050;World;ICEV-d;2040;26t;1524.573845
2060;World;ICEV-d;2050;26t;1256.377488
2005;World;ICEV-d;2000;40t;8837.412306
2010;World;ICEV-d;2000;40t;10459.59836
2015;World;ICEV-d;2005;40t;14185.9145
2020;World;ICEV-d;2010;40t;16590.71647
2025;World;ICEV-d;2015;40t;17358.00398
2030;World;ICEV-d;2020;40t;17228.6016
2035;World;ICEV-d;2025;40t;16218.10441
2040;World;ICEV-d;2030;40t;13794.30091
2045;World;ICEV-d;2035;40t;10622.70838
2050;World;ICEV-d;2040;40t;8638.59368
2060;World;ICEV-d;2050;40t;7408.047324
2005;World;PHEV-d;2000;26t;0.0016415
2010;World;PHEV-d;2000;26t;0.00344343
2015;World;PHEV-d;2005;26t;75.68189776
2020;World;PHEV-d;2010;26t;160.2881587
2025;World;PHEV-d;2015;26t;747.0758552
2030;World;PHEV-d;2020;26t;1439.814569
2035;World;PHEV-d;2025;26t;2198.287873
2040;World;PHEV-d;2030;26t;3115.497457
2045;World;PHEV-d;2035;26t;4056.223531
2050;World;PHEV-d;2040;26t;4759.887875
2060;World;PHEV-d;2050;26t;5638.745563
2005;World;PHEV-d;2000;40t;0.002197349
2010;World;PHEV-d;2000;40t;0.004146498
2015;World;PHEV-d;2005;40t;158.0780781
2020;World;PHEV-d;2010;40t;326.1878097
2025;World;PHEV-d;2015;40t;1515.803689
2030;World;PHEV-d;2020;40t;3488.921008
2035;World;PHEV-d;2025;40t;6154.036429
2040;World;PHEV-d;2030;40t;10137.44617
2045;World;PHEV-d;2035;40t;14732.53288
2050;World;PHEV-d;2040;40t;18249.242
2060;World;PHEV-d;2050;40t;22424.904
