market,method,impact category,unit,total score,Layer 1 reconstructed score,Layer 1 difference,Layer 2 reconstructed score,Layer 2 difference
Generic,"('EF v3.1', 'acidification', 'accumulated exceedance (AE)')",acidification,mol H+-Eq,0.018245440192061084,0.01824544014456002,-4.750106558093492e-11,0.018245440278842832,8.678174845400122e-11
Transport,"('EF v3.1', 'acidification', 'accumulated exceedance (AE)')",acidification,mol H+-Eq,0.019085847945418205,0.01908584788266754,-6.275066577465793e-11,0.019085848016950353,7.15321482602782e-11
Chemicals,"('EF v3.1', 'acidification', 'accumulated exceedance (AE)')",acidification,mol H+-Eq,0.018044476214448164,0.01804447615496872,-5.947944567430419e-11,0.01804447628925153,7.4803364891185e-11
Steel,"('EF v3.1', 'acidification', 'accumulated exceedance (AE)')",acidification,mol H+-Eq,0.019196698153048503,0.019196698080585297,-7.246320557485753e-11,0.01919669821486811,6.181960846007861e-11
Cement,"('EF v3.1', 'acidification', 'accumulated exceedance (AE)')",acidification,mol H+-Eq,0.019196698153048503,0.019196698080585297,-7.246320557485753e-11,0.01919669821486811,6.181960846007861e-11
Other end uses,"('EF v3.1', 'acidification', 'accumulated exceedance (AE)')",acidification,mol H+-Eq,0.01939987192834374,0.01939987187774232,-5.060142235779885e-11,0.01939987201202513,8.368138820769033e-11
Generic,"('IPCC 2021', 'climate change', 'GWP 100a, incl. H')","climate change — GWP 100a, incl. H (premise_gwp)",kg CO2-Eq,0.5896335360036256,0.5896335360059546,2.3290258610586534e-12,0.5896335400578857,4.054260149821687e-09
Transport,"('IPCC 2021', 'climate change', 'GWP 100a, incl. H')","climate change — GWP 100a, incl. H (premise_gwp)",kg CO2-Eq,0.6179114282145076,0.6179114272287991,-9.857085148112787e-10,0.6179114312807302,3.0662226091493494e-09
Chemicals,"('IPCC 2021', 'climate change', 'GWP 100a, incl. H')","climate change — GWP 100a, incl. H (premise_gwp)",kg CO2-Eq,0.5674272928922389,0.567427291570992,-1.3212468896739438e-09,0.5674272956229232,2.7306842342866844e-09
Steel,"('IPCC 2021', 'climate change', 'GWP 100a, incl. H')","climate change — GWP 100a, incl. H (premise_gwp)",kg CO2-Eq,0.6477818763424286,0.6477818742520034,-2.090425166301202e-09,0.6477818783039346,1.9615060686817287e-09
Cement,"('IPCC 2021', 'climate change', 'GWP 100a, incl. H')","climate change — GWP 100a, incl. H (premise_gwp)",kg CO2-Eq,0.6477818763424286,0.6477818742520034,-2.090425166301202e-09,0.6477818783039346,1.9615060686817287e-09
Other end uses,"('IPCC 2021', 'climate change', 'GWP 100a, incl. H')","climate change — GWP 100a, incl. H (premise_gwp)",kg CO2-Eq,0.6529844444129502,0.6529844441187643,-2.941858978644518e-10,0.6529844481706955,3.757745226096176e-09
Generic,"('EF v3.1', 'ecotoxicity: freshwater', 'comparative toxic unit for ecosystems (CTUe)')",ecotoxicity: freshwater,CTUe,25.508016736580974,25.508016667664354,-6.891661996633047e-08,25.508016861395895,1.2481492106530823e-07
Transport,"('EF v3.1', 'ecotoxicity: freshwater', 'comparative toxic unit for ecosystems (CTUe)')",ecotoxicity: freshwater,CTUe,26.737044652369928,26.737044562489253,-8.988067534687616e-08,26.737044756220794,1.0385086568476254e-07
Chemicals,"('EF v3.1', 'ecotoxicity: freshwater', 'comparative toxic unit for ecosystems (CTUe)')",ecotoxicity: freshwater,CTUe,25.213693476352994,25.213693389893912,-8.645908167181915e-08,25.21369358362545,1.0727245580710587e-07
Steel,"('EF v3.1', 'ecotoxicity: freshwater', 'comparative toxic unit for ecosystems (CTUe)')",ecotoxicity: freshwater,CTUe,26.877369747832898,26.877369643151184,-1.0468171396382786e-07,26.87736983688272,8.904982351509716e-08
Cement,"('EF v3.1', 'ecotoxicity: freshwater', 'comparative toxic unit for ecosystems (CTUe)')",ecotoxicity: freshwater,CTUe,26.877369747832898,26.877369643151184,-1.0468171396382786e-07,26.87736983688272,8.904982351509716e-08
Other end uses,"('EF v3.1', 'ecotoxicity: freshwater', 'comparative toxic unit for ecosystems (CTUe)')",ecotoxicity: freshwater,CTUe,27.175856373104835,27.175856299316035,-7.378880084729644e-08,27.175856493047576,1.1994274018434226e-07
Generic,"('EF v3.1', 'energy resources: non-renewable', 'abiotic depletion potential (ADP): fossil fuels')",energy resources: non-renewable,"MJ, net calorific value",13.611852624512759,13.611852588085945,-3.642681356552657e-08,13.611852707816182,8.330342282647507e-08
Transport,"('EF v3.1', 'energy resources: non-renewable', 'abiotic depletion potential (ADP): fossil fuels')",energy resources: non-renewable,"MJ, net calorific value",14.333749222498405,14.333749173560756,-4.893764860014471e-08,14.333749293290992,7.079258779185693e-08
Chemicals,"('EF v3.1', 'energy resources: non-renewable', 'abiotic depletion potential (ADP): fossil fuels')",energy resources: non-renewable,"MJ, net calorific value",13.435685747396297,13.43568570046944,-4.6926857066864613e-08,13.435685820199676,7.280337932513703e-08
Steel,"('EF v3.1', 'energy resources: non-renewable', 'abiotic depletion potential (ADP): fossil fuels')",energy resources: non-renewable,"MJ, net calorific value",14.415889086015445,14.415889028378285,-5.7637160821855105e-08,14.415889148108521,6.209307557014654e-08
Cement,"('EF v3.1', 'energy resources: non-renewable', 'abiotic depletion potential (ADP): fossil fuels')",energy resources: non-renewable,"MJ, net calorific value",14.415889086015445,14.415889028378285,-5.7637160821855105e-08,14.415889148108521,6.209307557014654e-08
Other end uses,"('EF v3.1', 'energy resources: non-renewable', 'abiotic depletion potential (ADP): fossil fuels')",energy resources: non-renewable,"MJ, net calorific value",14.591229473129417,14.591229433820892,-3.930852443545518e-08,14.591229553551129,8.042171195654646e-08
Generic,"('EF v3.1', 'eutrophication: freshwater', 'fraction of nutrients reaching freshwater end compartment (P)')",eutrophication: freshwater,kg P-Eq,0.0009393775831888655,0.0009393775798148499,-3.3740155851516573e-12,0.0009393775879319999,4.7431343791828895e-12
Transport,"('EF v3.1', 'eutrophication: freshwater', 'fraction of nutrients reaching freshwater end compartment (P)')",eutrophication: freshwater,kg P-Eq,0.0009787871545426634,0.000978787149947236,-4.5954275541132406e-12,0.0009787871580643859,3.5217224102213063e-12
Chemicals,"('EF v3.1', 'eutrophication: freshwater', 'fraction of nutrients reaching freshwater end compartment (P)')",eutrophication: freshwater,kg P-Eq,0.0009274769765831158,0.0009274769724997677,-4.083348134446829e-12,0.0009274769806169176,4.033801829887718e-12
Steel,"('EF v3.1', 'eutrophication: freshwater', 'fraction of nutrients reaching freshwater end compartment (P)')",eutrophication: freshwater,kg P-Eq,0.000992987029027244,0.0009929870240569308,-4.970313223495726e-12,0.0009929870321740808,3.146836740838821e-12
Cement,"('EF v3.1', 'eutrophication: freshwater', 'fraction of nutrients reaching freshwater end compartment (P)')",eutrophication: freshwater,kg P-Eq,0.000992987029027244,0.0009929870240569308,-4.970313223495726e-12,0.0009929870321740808,3.146836740838821e-12
Other end uses,"('EF v3.1', 'eutrophication: freshwater', 'fraction of nutrients reaching freshwater end compartment (P)')",eutrophication: freshwater,kg P-Eq,0.0010019519278972047,0.0010019519244581715,-3.4390331294514853e-12,0.0010019519325753215,4.6781168348830615e-12
Generic,"('EF v3.1', 'eutrophication: marine', 'fraction of nutrients reaching marine end compartment (N)')",eutrophication: marine,kg N-Eq,0.002121623679998039,0.002121623688520435,8.52239589663184e-12,0.002121623700392622,2.0394582724014843e-11
Transport,"('EF v3.1', 'eutrophication: marine', 'fraction of nutrients reaching marine end compartment (N)')",eutrophication: marine,kg N-Eq,0.002274734340270223,0.0022747343493094143,9.039191270487912e-12,0.0022747343611816007,2.0911377664190045e-11
Chemicals,"('EF v3.1', 'eutrophication: marine', 'fraction of nutrients reaching marine end compartment (N)')",eutrophication: marine,kg N-Eq,0.0021021282671600202,0.0021021282745204207,7.360400483547025e-12,0.002102128286392607,1.9232586877249158e-11
Steel,"('EF v3.1', 'eutrophication: marine', 'fraction of nutrients reaching marine end compartment (N)')",eutrophication: marine,kg N-Eq,0.002233148223938479,0.0022331482307788547,6.8403754882595535e-12,0.002233148242651041,1.8712561881961687e-11
Cement,"('EF v3.1', 'eutrophication: marine', 'fraction of nutrients reaching marine end compartment (N)')",eutrophication: marine,kg N-Eq,0.002233148223938479,0.0022331482307788547,6.8403754882595535e-12,0.002233148242651041,1.8712561881961687e-11
Other end uses,"('EF v3.1', 'eutrophication: marine', 'fraction of nutrients reaching marine end compartment (N)')",eutrophication: marine,kg N-Eq,0.0022740250209302973,0.002274025028384259,7.453961926862096e-12,0.0022740250402564456,1.932614832056423e-11
Generic,"('EF v3.1', 'human toxicity: carcinogenic', 'comparative toxic unit for human (CTUh)')",human toxicity: carcinogenic,CTUh,2.812860538487097e-09,2.8128605465291302e-09,8.042033135746216e-18,2.8128605677254605e-09,2.9238363451669526e-17
Transport,"('EF v3.1', 'human toxicity: carcinogenic', 'comparative toxic unit for human (CTUh)')",human toxicity: carcinogenic,CTUh,2.9155446549338444e-09,2.915544659987744e-09,5.053899834770363e-18,2.9155446811840745e-09,2.6250230150693674e-17
Chemicals,"('EF v3.1', 'human toxicity: carcinogenic', 'comparative toxic unit for human (CTUh)')",human toxicity: carcinogenic,CTUh,2.7806266490400944e-09,2.7806266551608492e-09,6.1207547890397116e-18,2.7806266763571795e-09,2.7317085104963022e-17
Steel,"('EF v3.1', 'human toxicity: carcinogenic', 'comparative toxic unit for human (CTUh)')",human toxicity: carcinogenic,CTUh,2.952165795077398e-09,2.9521657989849547e-09,3.907556545947425e-18,2.952165820181285e-09,2.5103886861870735e-17
Cement,"('EF v3.1', 'human toxicity: carcinogenic', 'comparative toxic unit for human (CTUh)')",human toxicity: carcinogenic,CTUh,2.952165795077398e-09,2.9521657989849547e-09,3.907556545947425e-18,2.952165820181285e-09,2.5103886861870735e-17
Other end uses,"('EF v3.1', 'human toxicity: carcinogenic', 'comparative toxic unit for human (CTUh)')",human toxicity: carcinogenic,CTUh,2.975547998366787e-09,2.9755480061622825e-09,7.795495676487542e-18,2.9755480273586128e-09,2.899182599241085e-17
Generic,"('EF v3.1', 'human toxicity: non-carcinogenic', 'comparative toxic unit for human (CTUh)')",human toxicity: non-carcinogenic,CTUh,1.4986465997383985e-07,1.4986465944558907e-07,-5.282507740661643e-16,1.4986466081002508e-07,8.361852345268309e-16
Transport,"('EF v3.1', 'human toxicity: non-carcinogenic', 'comparative toxic unit for human (CTUh)')",human toxicity: non-carcinogenic,CTUh,1.5632490158682213e-07,1.5632490085780564e-07,-7.290164819880691e-16,1.5632490222224163e-07,6.354195001351465e-16
Chemicals,"('EF v3.1', 'human toxicity: non-carcinogenic', 'comparative toxic unit for human (CTUh)')",human toxicity: non-carcinogenic,CTUh,1.4788718047833086e-07,1.478871798322134e-07,-6.461174468496295e-16,1.478871811966494e-07,7.183185352735861e-16
Steel,"('EF v3.1', 'human toxicity: non-carcinogenic', 'comparative toxic unit for human (CTUh)')",human toxicity: non-carcinogenic,CTUh,1.5872048430505295e-07,1.5872048351256784e-07,-7.924851107120871e-16,1.5872048487700382e-07,5.719508714111286e-16
Cement,"('EF v3.1', 'human toxicity: non-carcinogenic', 'comparative toxic unit for human (CTUh)')",human toxicity: non-carcinogenic,CTUh,1.5872048430505295e-07,1.5872048351256784e-07,-7.924851107120871e-16,1.5872048487700382e-07,5.719508714111286e-16
Other end uses,"('EF v3.1', 'human toxicity: non-carcinogenic', 'comparative toxic unit for human (CTUh)')",human toxicity: non-carcinogenic,CTUh,1.601858204889516e-07,1.6018581994969933e-07,-5.392522762131196e-16,1.601858213141353e-07,8.251837059100961e-16
Generic,"('EF v3.1', 'material resources: metals/minerals', 'abiotic depletion potential (ADP): elements (ultimate reserves)')",material resources: metals/minerals,kg Sb-Eq,0.000110249338607042,0.00011024933813281264,-4.74229366171329e-13,0.00011024933915717815,5.501361492006238e-13
Transport,"('EF v3.1', 'material resources: metals/minerals', 'abiotic depletion potential (ADP): elements (ultimate reserves)')",material resources: metals/minerals,kg Sb-Eq,0.00011467198589558667,0.0001146719852725985,-6.229881790564135e-13,0.00011467198629696402,4.0137734986806645e-13
Chemicals,"('EF v3.1', 'material resources: metals/minerals', 'abiotic depletion potential (ADP): elements (ultimate reserves)')",material resources: metals/minerals,kg Sb-Eq,0.00010877132289294217,0.0001087713223306247,-5.62317472316623e-13,0.00010877132335499022,4.620480566078569e-13
Steel,"('EF v3.1', 'material resources: metals/minerals', 'abiotic depletion potential (ADP): elements (ultimate reserves)')",material resources: metals/minerals,kg Sb-Eq,0.0001165266829088119,0.00011652668224080037,-6.680115309650944e-13,0.0001165266832651659,3.563539979593855e-13
Cement,"('EF v3.1', 'material resources: metals/minerals', 'abiotic depletion potential (ADP): elements (ultimate reserves)')",material resources: metals/minerals,kg Sb-Eq,0.0001165266829088119,0.00011652668224080037,-6.680115309650944e-13,0.0001165266832651659,3.563539979593855e-13
Other end uses,"('EF v3.1', 'material resources: metals/minerals', 'abiotic depletion potential (ADP): elements (ultimate reserves)')",material resources: metals/minerals,kg Sb-Eq,0.00011751642594656563,0.00011751642546523422,-4.813314189496681e-13,0.00011751642648959974,5.430341099748118e-13
Generic,"('EF v3.1', 'particulate matter formation', 'impact on human health')",particulate matter formation,disease incidence,1.2663107539656605e-07,1.2663107641038328e-07,1.0138172285795795e-15,1.2663107709479318e-07,1.6982271291504446e-15
Transport,"('EF v3.1', 'particulate matter formation', 'impact on human health')",particulate matter formation,disease incidence,1.3148449597193067e-07,1.3148449693267164e-07,9.607409794343226e-16,1.3148449761708155e-07,1.6451508800051877e-15
Chemicals,"('EF v3.1', 'particulate matter formation', 'impact on human health')",particulate matter formation,disease incidence,1.254176035848028e-07,1.2541760452629234e-07,9.41489535199788e-16,1.2541760521070224e-07,1.6258994357706532e-15
Steel,"('EF v3.1', 'particulate matter formation', 'impact on human health')",particulate matter formation,disease incidence,1.3185647617166144e-07,1.3185647705469405e-07,8.830326151362166e-16,1.3185647773910398e-07,1.5674425421768613e-15
Cement,"('EF v3.1', 'particulate matter formation', 'impact on human health')",particulate matter formation,disease incidence,1.3185647617166144e-07,1.3185647705469405e-07,8.830326151362166e-16,1.3185647773910398e-07,1.5674425421768613e-15
Other end uses,"('EF v3.1', 'particulate matter formation', 'impact on human health')",particulate matter formation,disease incidence,1.3304658244158652e-07,1.3304658342763976e-07,9.860532355740372e-16,1.3304658411204966e-07,1.6704631361449024e-15
