market,market name,location,impact category,indicator,method,unit,score per kg H2
Generic,"market for hydrogen, gaseous, low pressure",RER,acidification,accumulated exceedance (AE),"('EF v3.1', 'acidification', 'accumulated exceedance (AE)')",mol H+-Eq,0.018245440192061084
Generic,"market for hydrogen, gaseous, low pressure",RER,climate change,global warming potential (GWP100),"('EF v3.1', 'climate change', 'global warming potential (GWP100)')",kg CO2-Eq,0.4909472085536455
Generic,"market for hydrogen, gaseous, low pressure",RER,climate change: biogenic,global warming potential (GWP100),"('EF v3.1', 'climate change: biogenic', 'global warming potential (GWP100)')",kg CO2-Eq,0.005859813984991316
Generic,"market for hydrogen, gaseous, low pressure",RER,climate change: fossil,global warming potential (GWP100),"('EF v3.1', 'climate change: fossil', 'global warming potential (GWP100)')",kg CO2-Eq,0.4676867903182089
Generic,"market for hydrogen, gaseous, low pressure",RER,climate change: land use and land use change,global warming potential (GWP100),"('EF v3.1', 'climate change: land use and land use change', 'global warming potential (GWP100)')",kg CO2-Eq,0.017400604250445307
Generic,"market for hydrogen, gaseous, low pressure",RER,ecotoxicity: freshwater,comparative toxic unit for ecosystems (CTUe),"('EF v3.1', 'ecotoxicity: freshwater', 'comparative toxic unit for ecosystems (CTUe)')",CTUe,25.508016736580974
Generic,"market for hydrogen, gaseous, low pressure",RER,"ecotoxicity: freshwater, inorganics",comparative toxic unit for ecosystems (CTUe),"('EF v3.1', 'ecotoxicity: freshwater, inorganics', 'comparative toxic unit for ecosystems (CTUe)')",CTUe,24.910507173807627
Generic,"market for hydrogen, gaseous, low pressure",RER,"ecotoxicity: freshwater, organics",comparative toxic unit for ecosystems (CTUe),"('EF v3.1', 'ecotoxicity: freshwater, organics', 'comparative toxic unit for ecosystems (CTUe)')",CTUe,0.5975095627733503
Generic,"market for hydrogen, gaseous, low pressure",RER,energy resources: non-renewable,abiotic depletion potential (ADP): fossil fuels,"('EF v3.1', 'energy resources: non-renewable', 'abiotic depletion potential (ADP): fossil fuels')","MJ, net calorific value",13.611852624512759
Generic,"market for hydrogen, gaseous, low pressure",RER,eutrophication: freshwater,fraction of nutrients reaching freshwater end compartment (P),"('EF v3.1', 'eutrophication: freshwater', 'fraction of nutrients reaching freshwater end compartment (P)')",kg P-Eq,0.0009393775831888655
Generic,"market for hydrogen, gaseous, low pressure",RER,eutrophication: marine,fraction of nutrients reaching marine end compartment (N),"('EF v3.1', 'eutrophication: marine', 'fraction of nutrients reaching marine end compartment (N)')",kg N-Eq,0.002121623679998039
Generic,"market for hydrogen, gaseous, low pressure",RER,eutrophication: terrestrial,accumulated exceedance (AE),"('EF v3.1', 'eutrophication: terrestrial', 'accumulated exceedance (AE)')",mol N-Eq,0.02384908227445066
Generic,"market for hydrogen, gaseous, low pressure",RER,human toxicity: carcinogenic,comparative toxic unit for human (CTUh),"('EF v3.1', 'human toxicity: carcinogenic', 'comparative toxic unit for human (CTUh)')",CTUh,2.812860538487097e-09
Generic,"market for hydrogen, gaseous, low pressure",RER,"human toxicity: carcinogenic, inorganics",comparative toxic unit for human (CTUh),"('EF v3.1', 'human toxicity: carcinogenic, inorganics', 'comparative toxic unit for human (CTUh)')",CTUh,1.500926302917644e-09
Generic,"market for hydrogen, gaseous, low pressure",RER,"human toxicity: carcinogenic, organics",comparative toxic unit for human (CTUh),"('EF v3.1', 'human toxicity: carcinogenic, organics', 'comparative toxic unit for human (CTUh)')",CTUh,1.3119342355694528e-09
Generic,"market for hydrogen, gaseous, low pressure",RER,human toxicity: non-carcinogenic,comparative toxic unit for human (CTUh),"('EF v3.1', 'human toxicity: non-carcinogenic', 'comparative toxic unit for human (CTUh)')",CTUh,1.4986465997383985e-07
Generic,"market for hydrogen, gaseous, low pressure",RER,"human toxicity: non-carcinogenic, inorganics",comparative toxic unit for human (CTUh),"('EF v3.1', 'human toxicity: non-carcinogenic, inorganics', 'comparative toxic unit for human (CTUh)')",CTUh,1.4192597490916682e-07
Generic,"market for hydrogen, gaseous, low pressure",RER,"human toxicity: non-carcinogenic, organics",comparative toxic unit for human (CTUh),"('EF v3.1', 'human toxicity: non-carcinogenic, organics', 'comparative toxic unit for human (CTUh)')",CTUh,7.938685064673061e-09
Generic,"market for hydrogen, gaseous, low pressure",RER,ionising radiation: human health,human exposure efficiency relative to u235,"('EF v3.1', 'ionising radiation: human health', 'human exposure efficiency relative to u235')",kBq U235-Eq,0.533477154348011
Generic,"market for hydrogen, gaseous, low pressure",RER,land use,soil quality index,"('EF v3.1', 'land use', 'soil quality index')",dimensionless,119.04601613342228
Generic,"market for hydrogen, gaseous, low pressure",RER,material resources: metals/minerals,abiotic depletion potential (ADP): elements (ultimate reserves),"('EF v3.1', 'material resources: metals/minerals', 'abiotic depletion potential (ADP): elements (ultimate reserves)')",kg Sb-Eq,0.000110249338607042
Generic,"market for hydrogen, gaseous, low pressure",RER,ozone depletion,ozone depletion potential (ODP),"('EF v3.1', 'ozone depletion', 'ozone depletion potential (ODP)')",kg CFC-11-Eq,1.2264534148455125e-07
Generic,"market for hydrogen, gaseous, low pressure",RER,particulate matter formation,impact on human health,"('EF v3.1', 'particulate matter formation', 'impact on human health')",disease incidence,1.2663107539656605e-07
Generic,"market for hydrogen, gaseous, low pressure",RER,photochemical oxidant formation: human health,tropospheric ozone concentration increase,"('EF v3.1', 'photochemical oxidant formation: human health', 'tropospheric ozone concentration increase')",kg NMVOC-Eq,0.006670176104270166
Generic,"market for hydrogen, gaseous, low pressure",RER,water use,user deprivation potential (deprivation-weighted water consumption),"('EF v3.1', 'water use', 'user deprivation potential (deprivation-weighted water consumption)')",m3 world Eq deprived,1.9445338425539387
Generic,"market for hydrogen, gaseous, low pressure",RER,"climate change — GWP 100a, incl. H (premise_gwp)","GWP 100a, incl. H","('IPCC 2021', 'climate change', 'GWP 100a, incl. H')",kg CO2-Eq,0.5896335360036256
Generic,"market for hydrogen, gaseous, low pressure",RER,cumulative energy demand: non-renewable resources,energy content (HHV),"('Cumulative Energy Demand (CED)', 'energy resources: non-renewable', 'energy content (HHV)')",MJ-Eq,13.920361680161008
Generic,"market for hydrogen, gaseous, low pressure",RER,cumulative energy demand: renewable sources,energy content (HHV),"('Cumulative Energy Demand (CED)', 'energy resources: renewable', 'energy content (HHV)')",MJ-Eq,200.36012095470636
Transport,"market for hydrogen, gaseous, low pressure, for transport",EUR,acidification,accumulated exceedance (AE),"('EF v3.1', 'acidification', 'accumulated exceedance (AE)')",mol H+-Eq,0.019085847945418205
Transport,"market for hydrogen, gaseous, low pressure, for transport",EUR,climate change,global warming potential (GWP100),"('EF v3.1', 'climate change', 'global warming potential (GWP100)')",kg CO2-Eq,0.5266180148842581
Transport,"market for hydrogen, gaseous, low pressure, for transport",EUR,climate change: biogenic,global warming potential (GWP100),"('EF v3.1', 'climate change: biogenic', 'global warming potential (GWP100)')",kg CO2-Eq,0.006121699102564889
Transport,"market for hydrogen, gaseous, low pressure, for transport",EUR,climate change: fossil,global warming potential (GWP100),"('EF v3.1', 'climate change: fossil', 'global warming potential (GWP100)')",kg CO2-Eq,0.5025620836495875
Transport,"market for hydrogen, gaseous, low pressure, for transport",EUR,climate change: land use and land use change,global warming potential (GWP100),"('EF v3.1', 'climate change: land use and land use change', 'global warming potential (GWP100)')",kg CO2-Eq,0.0179342321321058
Transport,"market for hydrogen, gaseous, low pressure, for transport",EUR,ecotoxicity: freshwater,comparative toxic unit for ecosystems (CTUe),"('EF v3.1', 'ecotoxicity: freshwater', 'comparative toxic unit for ecosystems (CTUe)')",CTUe,26.737044652369928
Transport,"market for hydrogen, gaseous, low pressure, for transport",EUR,"ecotoxicity: freshwater, inorganics",comparative toxic unit for ecosystems (CTUe),"('EF v3.1', 'ecotoxicity: freshwater, inorganics', 'comparative toxic unit for ecosystems (CTUe)')",CTUe,26.047374714542492
Transport,"market for hydrogen, gaseous, low pressure, for transport",EUR,"ecotoxicity: freshwater, organics",comparative toxic unit for ecosystems (CTUe),"('EF v3.1', 'ecotoxicity: freshwater, organics', 'comparative toxic unit for ecosystems (CTUe)')",CTUe,0.6896699378274347
Transport,"market for hydrogen, gaseous, low pressure, for transport",EUR,energy resources: non-renewable,abiotic depletion potential (ADP): fossil fuels,"('EF v3.1', 'energy resources: non-renewable', 'abiotic depletion potential (ADP): fossil fuels')","MJ, net calorific value",14.333749222498405
Transport,"market for hydrogen, gaseous, low pressure, for transport",EUR,eutrophication: freshwater,fraction of nutrients reaching freshwater end compartment (P),"('EF v3.1', 'eutrophication: freshwater', 'fraction of nutrients reaching freshwater end compartment (P)')",kg P-Eq,0.0009787871545426634
Transport,"market for hydrogen, gaseous, low pressure, for transport",EUR,eutrophication: marine,fraction of nutrients reaching marine end compartment (N),"('EF v3.1', 'eutrophication: marine', 'fraction of nutrients reaching marine end compartment (N)')",kg N-Eq,0.002274734340270223
Transport,"market for hydrogen, gaseous, low pressure, for transport",EUR,eutrophication: terrestrial,accumulated exceedance (AE),"('EF v3.1', 'eutrophication: terrestrial', 'accumulated exceedance (AE)')",mol N-Eq,0.025520215845756894
Transport,"market for hydrogen, gaseous, low pressure, for transport",EUR,human toxicity: carcinogenic,comparative toxic unit for human (CTUh),"('EF v3.1', 'human toxicity: carcinogenic', 'comparative toxic unit for human (CTUh)')",CTUh,2.9155446549338444e-09
Transport,"market for hydrogen, gaseous, low pressure, for transport",EUR,"human toxicity: carcinogenic, inorganics",comparative toxic unit for human (CTUh),"('EF v3.1', 'human toxicity: carcinogenic, inorganics', 'comparative toxic unit for human (CTUh)')",CTUh,1.561493950270399e-09
Transport,"market for hydrogen, gaseous, low pressure, for transport",EUR,"human toxicity: carcinogenic, organics",comparative toxic unit for human (CTUh),"('EF v3.1', 'human toxicity: carcinogenic, organics', 'comparative toxic unit for human (CTUh)')",CTUh,1.3540507046634455e-09
Transport,"market for hydrogen, gaseous, low pressure, for transport",EUR,human toxicity: non-carcinogenic,comparative toxic unit for human (CTUh),"('EF v3.1', 'human toxicity: non-carcinogenic', 'comparative toxic unit for human (CTUh)')",CTUh,1.5632490158682213e-07
Transport,"market for hydrogen, gaseous, low pressure, for transport",EUR,"human toxicity: non-carcinogenic, inorganics",comparative toxic unit for human (CTUh),"('EF v3.1', 'human toxicity: non-carcinogenic, inorganics', 'comparative toxic unit for human (CTUh)')",CTUh,1.4767067969281138e-07
Transport,"market for hydrogen, gaseous, low pressure, for transport",EUR,"human toxicity: non-carcinogenic, organics",comparative toxic unit for human (CTUh),"('EF v3.1', 'human toxicity: non-carcinogenic, organics', 'comparative toxic unit for human (CTUh)')",CTUh,8.65422189401076e-09
Transport,"market for hydrogen, gaseous, low pressure, for transport",EUR,ionising radiation: human health,human exposure efficiency relative to u235,"('EF v3.1', 'ionising radiation: human health', 'human exposure efficiency relative to u235')",kBq U235-Eq,0.5533218747752068
Transport,"market for hydrogen, gaseous, low pressure, for transport",EUR,land use,soil quality index,"('EF v3.1', 'land use', 'soil quality index')",dimensionless,121.62802937612598
Transport,"market for hydrogen, gaseous, low pressure, for transport",EUR,material resources: metals/minerals,abiotic depletion potential (ADP): elements (ultimate reserves),"('EF v3.1', 'material resources: metals/minerals', 'abiotic depletion potential (ADP): elements (ultimate reserves)')",kg Sb-Eq,0.00011467198589558667
Transport,"market for hydrogen, gaseous, low pressure, for transport",EUR,ozone depletion,ozone depletion potential (ODP),"('EF v3.1', 'ozone depletion', 'ozone depletion potential (ODP)')",kg CFC-11-Eq,1.2619097032454056e-07
Transport,"market for hydrogen, gaseous, low pressure, for transport",EUR,particulate matter formation,impact on human health,"('EF v3.1', 'particulate matter formation', 'impact on human health')",disease incidence,1.3148449597193067e-07
Transport,"market for hydrogen, gaseous, low pressure, for transport",EUR,photochemical oxidant formation: human health,tropospheric ozone concentration increase,"('EF v3.1', 'photochemical oxidant formation: human health', 'tropospheric ozone concentration increase')",kg NMVOC-Eq,0.006998815933353802
Transport,"market for hydrogen, gaseous, low pressure, for transport",EUR,water use,user deprivation potential (deprivation-weighted water consumption),"('EF v3.1', 'water use', 'user deprivation potential (deprivation-weighted water consumption)')",m3 world Eq deprived,2.0259223046933927
Transport,"market for hydrogen, gaseous, low pressure, for transport",EUR,"climate change — GWP 100a, incl. H (premise_gwp)","GWP 100a, incl. H","('IPCC 2021', 'climate change', 'GWP 100a, incl. H')",kg CO2-Eq,0.6179114282145076
Transport,"market for hydrogen, gaseous, low pressure, for transport",EUR,cumulative energy demand: non-renewable resources,energy content (HHV),"('Cumulative Energy Demand (CED)', 'energy resources: non-renewable', 'energy content (HHV)')",MJ-Eq,14.670629555081206
Transport,"market for hydrogen, gaseous, low pressure, for transport",EUR,cumulative energy demand: renewable sources,energy content (HHV),"('Cumulative Energy Demand (CED)', 'energy resources: renewable', 'energy content (HHV)')",MJ-Eq,206.32470135372517
Chemicals,"market for hydrogen, gaseous, low pressure, for chemicals",EUR,acidification,accumulated exceedance (AE),"('EF v3.1', 'acidification', 'accumulated exceedance (AE)')",mol H+-Eq,0.018044476214448164
Chemicals,"market for hydrogen, gaseous, low pressure, for chemicals",EUR,climate change,global warming potential (GWP100),"('EF v3.1', 'climate change', 'global warming potential (GWP100)')",kg CO2-Eq,0.4842860793243607
Chemicals,"market for hydrogen, gaseous, low pressure, for chemicals",EUR,climate change: biogenic,global warming potential (GWP100),"('EF v3.1', 'climate change: biogenic', 'global warming potential (GWP100)')",kg CO2-Eq,0.005794368804285263
Chemicals,"market for hydrogen, gaseous, low pressure, for chemicals",EUR,climate change: fossil,global warming potential (GWP100),"('EF v3.1', 'climate change: fossil', 'global warming potential (GWP100)')",kg CO2-Eq,0.46132416494030387
Chemicals,"market for hydrogen, gaseous, low pressure, for chemicals",EUR,climate change: land use and land use change,global warming potential (GWP100),"('EF v3.1', 'climate change: land use and land use change', 'global warming potential (GWP100)')",kg CO2-Eq,0.017167545579771588
Chemicals,"market for hydrogen, gaseous, low pressure, for chemicals",EUR,ecotoxicity: freshwater,comparative toxic unit for ecosystems (CTUe),"('EF v3.1', 'ecotoxicity: freshwater', 'comparative toxic unit for ecosystems (CTUe)')",CTUe,25.213693476352994
Chemicals,"market for hydrogen, gaseous, low pressure, for chemicals",EUR,"ecotoxicity: freshwater, inorganics",comparative toxic unit for ecosystems (CTUe),"('EF v3.1', 'ecotoxicity: freshwater, inorganics', 'comparative toxic unit for ecosystems (CTUe)')",CTUe,24.62316640198057
Chemicals,"market for hydrogen, gaseous, low pressure, for chemicals",EUR,"ecotoxicity: freshwater, organics",comparative toxic unit for ecosystems (CTUe),"('EF v3.1', 'ecotoxicity: freshwater, organics', 'comparative toxic unit for ecosystems (CTUe)')",CTUe,0.5905270743724279
Chemicals,"market for hydrogen, gaseous, low pressure, for chemicals",EUR,energy resources: non-renewable,abiotic depletion potential (ADP): fossil fuels,"('EF v3.1', 'energy resources: non-renewable', 'abiotic depletion potential (ADP): fossil fuels')","MJ, net calorific value",13.435685747396297
Chemicals,"market for hydrogen, gaseous, low pressure, for chemicals",EUR,eutrophication: freshwater,fraction of nutrients reaching freshwater end compartment (P),"('EF v3.1', 'eutrophication: freshwater', 'fraction of nutrients reaching freshwater end compartment (P)')",kg P-Eq,0.0009274769765831158
Chemicals,"market for hydrogen, gaseous, low pressure, for chemicals",EUR,eutrophication: marine,fraction of nutrients reaching marine end compartment (N),"('EF v3.1', 'eutrophication: marine', 'fraction of nutrients reaching marine end compartment (N)')",kg N-Eq,0.0021021282671600202
Chemicals,"market for hydrogen, gaseous, low pressure, for chemicals",EUR,eutrophication: terrestrial,accumulated exceedance (AE),"('EF v3.1', 'eutrophication: terrestrial', 'accumulated exceedance (AE)')",mol N-Eq,0.02364011436530761
Chemicals,"market for hydrogen, gaseous, low pressure, for chemicals",EUR,human toxicity: carcinogenic,comparative toxic unit for human (CTUh),"('EF v3.1', 'human toxicity: carcinogenic', 'comparative toxic unit for human (CTUh)')",CTUh,2.7806266490400944e-09
Chemicals,"market for hydrogen, gaseous, low pressure, for chemicals",EUR,"human toxicity: carcinogenic, inorganics",comparative toxic unit for human (CTUh),"('EF v3.1', 'human toxicity: carcinogenic, inorganics', 'comparative toxic unit for human (CTUh)')",CTUh,1.4807673181378577e-09
Chemicals,"market for hydrogen, gaseous, low pressure, for chemicals",EUR,"human toxicity: carcinogenic, organics",comparative toxic unit for human (CTUh),"('EF v3.1', 'human toxicity: carcinogenic, organics', 'comparative toxic unit for human (CTUh)')",CTUh,1.2998593309022373e-09
Chemicals,"market for hydrogen, gaseous, low pressure, for chemicals",EUR,human toxicity: non-carcinogenic,comparative toxic unit for human (CTUh),"('EF v3.1', 'human toxicity: non-carcinogenic', 'comparative toxic unit for human (CTUh)')",CTUh,1.4788718047833086e-07
Chemicals,"market for hydrogen, gaseous, low pressure, for chemicals",EUR,"human toxicity: non-carcinogenic, inorganics",comparative toxic unit for human (CTUh),"('EF v3.1', 'human toxicity: non-carcinogenic, inorganics', 'comparative toxic unit for human (CTUh)')",CTUh,1.4005250451143152e-07
Chemicals,"market for hydrogen, gaseous, low pressure, for chemicals",EUR,"human toxicity: non-carcinogenic, organics",comparative toxic unit for human (CTUh),"('EF v3.1', 'human toxicity: non-carcinogenic, organics', 'comparative toxic unit for human (CTUh)')",CTUh,7.834675966899347e-09
Chemicals,"market for hydrogen, gaseous, low pressure, for chemicals",EUR,ionising radiation: human health,human exposure efficiency relative to u235,"('EF v3.1', 'ionising radiation: human health', 'human exposure efficiency relative to u235')",kBq U235-Eq,0.5262813597412557
Chemicals,"market for hydrogen, gaseous, low pressure, for chemicals",EUR,land use,soil quality index,"('EF v3.1', 'land use', 'soil quality index')",dimensionless,118.26212512726403
Chemicals,"market for hydrogen, gaseous, low pressure, for chemicals",EUR,material resources: metals/minerals,abiotic depletion potential (ADP): elements (ultimate reserves),"('EF v3.1', 'material resources: metals/minerals', 'abiotic depletion potential (ADP): elements (ultimate reserves)')",kg Sb-Eq,0.00010877132289294217
Chemicals,"market for hydrogen, gaseous, low pressure, for chemicals",EUR,ozone depletion,ozone depletion potential (ODP),"('EF v3.1', 'ozone depletion', 'ozone depletion potential (ODP)')",kg CFC-11-Eq,1.2170787651634868e-07
Chemicals,"market for hydrogen, gaseous, low pressure, for chemicals",EUR,particulate matter formation,impact on human health,"('EF v3.1', 'particulate matter formation', 'impact on human health')",disease incidence,1.254176035848028e-07
Chemicals,"market for hydrogen, gaseous, low pressure, for chemicals",EUR,photochemical oxidant formation: human health,tropospheric ozone concentration increase,"('EF v3.1', 'photochemical oxidant formation: human health', 'tropospheric ozone concentration increase')",kg NMVOC-Eq,0.006609736646582321
Chemicals,"market for hydrogen, gaseous, low pressure, for chemicals",EUR,water use,user deprivation potential (deprivation-weighted water consumption),"('EF v3.1', 'water use', 'user deprivation potential (deprivation-weighted water consumption)')",m3 world Eq deprived,1.9180346815947544
Chemicals,"market for hydrogen, gaseous, low pressure, for chemicals",EUR,"climate change — GWP 100a, incl. H (premise_gwp)","GWP 100a, incl. H","('IPCC 2021', 'climate change', 'GWP 100a, incl. H')",kg CO2-Eq,0.5674272928922389
Chemicals,"market for hydrogen, gaseous, low pressure, for chemicals",EUR,cumulative energy demand: non-renewable resources,energy content (HHV),"('Cumulative Energy Demand (CED)', 'energy resources: non-renewable', 'energy content (HHV)')",MJ-Eq,13.740557914071555
Chemicals,"market for hydrogen, gaseous, low pressure, for chemicals",EUR,cumulative energy demand: renewable sources,energy content (HHV),"('Cumulative Energy Demand (CED)', 'energy resources: renewable', 'energy content (HHV)')",MJ-Eq,198.23855628381813
Steel,"market for hydrogen, gaseous, low pressure, for steel",EUR,acidification,accumulated exceedance (AE),"('EF v3.1', 'acidification', 'accumulated exceedance (AE)')",mol H+-Eq,0.019196698153048503
Steel,"market for hydrogen, gaseous, low pressure, for steel",EUR,climate change,global warming potential (GWP100),"('EF v3.1', 'climate change', 'global warming potential (GWP100)')",kg CO2-Eq,0.5238917877835467
Steel,"market for hydrogen, gaseous, low pressure, for steel",EUR,climate change: biogenic,global warming potential (GWP100),"('EF v3.1', 'climate change: biogenic', 'global warming potential (GWP100)')",kg CO2-Eq,0.006151797572510194
Steel,"market for hydrogen, gaseous, low pressure, for steel",EUR,climate change: fossil,global warming potential (GWP100),"('EF v3.1', 'climate change: fossil', 'global warming potential (GWP100)')",kg CO2-Eq,0.49945545399639335
Steel,"market for hydrogen, gaseous, low pressure, for steel",EUR,climate change: land use and land use change,global warming potential (GWP100),"('EF v3.1', 'climate change: land use and land use change', 'global warming potential (GWP100)')",kg CO2-Eq,0.018284536214643172
Steel,"market for hydrogen, gaseous, low pressure, for steel",EUR,ecotoxicity: freshwater,comparative toxic unit for ecosystems (CTUe),"('EF v3.1', 'ecotoxicity: freshwater', 'comparative toxic unit for ecosystems (CTUe)')",CTUe,26.877369747832898
Steel,"market for hydrogen, gaseous, low pressure, for steel",EUR,"ecotoxicity: freshwater, inorganics",comparative toxic unit for ecosystems (CTUe),"('EF v3.1', 'ecotoxicity: freshwater, inorganics', 'comparative toxic unit for ecosystems (CTUe)')",CTUe,26.230102305388947
Steel,"market for hydrogen, gaseous, low pressure, for steel",EUR,"ecotoxicity: freshwater, organics",comparative toxic unit for ecosystems (CTUe),"('EF v3.1', 'ecotoxicity: freshwater, organics', 'comparative toxic unit for ecosystems (CTUe)')",CTUe,0.6472674424439502
Steel,"market for hydrogen, gaseous, low pressure, for steel",EUR,energy resources: non-renewable,abiotic depletion potential (ADP): fossil fuels,"('EF v3.1', 'energy resources: non-renewable', 'abiotic depletion potential (ADP): fossil fuels')","MJ, net calorific value",14.415889086015445
Steel,"market for hydrogen, gaseous, low pressure, for steel",EUR,eutrophication: freshwater,fraction of nutrients reaching freshwater end compartment (P),"('EF v3.1', 'eutrophication: freshwater', 'fraction of nutrients reaching freshwater end compartment (P)')",kg P-Eq,0.000992987029027244
Steel,"market for hydrogen, gaseous, low pressure, for steel",EUR,eutrophication: marine,fraction of nutrients reaching marine end compartment (N),"('EF v3.1', 'eutrophication: marine', 'fraction of nutrients reaching marine end compartment (N)')",kg N-Eq,0.002233148223938479
Steel,"market for hydrogen, gaseous, low pressure, for steel",EUR,eutrophication: terrestrial,accumulated exceedance (AE),"('EF v3.1', 'eutrophication: terrestrial', 'accumulated exceedance (AE)')",mol N-Eq,0.025060927417922714
Steel,"market for hydrogen, gaseous, low pressure, for steel",EUR,human toxicity: carcinogenic,comparative toxic unit for human (CTUh),"('EF v3.1', 'human toxicity: carcinogenic', 'comparative toxic unit for human (CTUh)')",CTUh,2.952165795077398e-09
Steel,"market for hydrogen, gaseous, low pressure, for steel",EUR,"human toxicity: carcinogenic, inorganics",comparative toxic unit for human (CTUh),"('EF v3.1', 'human toxicity: carcinogenic, inorganics', 'comparative toxic unit for human (CTUh)')",CTUh,1.5888518962267999e-09
Steel,"market for hydrogen, gaseous, low pressure, for steel",EUR,"human toxicity: carcinogenic, organics",comparative toxic unit for human (CTUh),"('EF v3.1', 'human toxicity: carcinogenic, organics', 'comparative toxic unit for human (CTUh)')",CTUh,1.3633138988505981e-09
Steel,"market for hydrogen, gaseous, low pressure, for steel",EUR,human toxicity: non-carcinogenic,comparative toxic unit for human (CTUh),"('EF v3.1', 'human toxicity: non-carcinogenic', 'comparative toxic unit for human (CTUh)')",CTUh,1.5872048430505295e-07
Steel,"market for hydrogen, gaseous, low pressure, for steel",EUR,"human toxicity: non-carcinogenic, inorganics",comparative toxic unit for human (CTUh),"('EF v3.1', 'human toxicity: non-carcinogenic, inorganics', 'comparative toxic unit for human (CTUh)')",CTUh,1.5018593160511402e-07
Steel,"market for hydrogen, gaseous, low pressure, for steel",EUR,"human toxicity: non-carcinogenic, organics",comparative toxic unit for human (CTUh),"('EF v3.1', 'human toxicity: non-carcinogenic, organics', 'comparative toxic unit for human (CTUh)')",CTUh,8.534552699938955e-09
Steel,"market for hydrogen, gaseous, low pressure, for steel",EUR,ionising radiation: human health,human exposure efficiency relative to u235,"('EF v3.1', 'ionising radiation: human health', 'human exposure efficiency relative to u235')",kBq U235-Eq,0.5632070173790092
Steel,"market for hydrogen, gaseous, low pressure, for steel",EUR,land use,soil quality index,"('EF v3.1', 'land use', 'soil quality index')",dimensionless,122.27734772795061
Steel,"market for hydrogen, gaseous, low pressure, for steel",EUR,material resources: metals/minerals,abiotic depletion potential (ADP): elements (ultimate reserves),"('EF v3.1', 'material resources: metals/minerals', 'abiotic depletion potential (ADP): elements (ultimate reserves)')",kg Sb-Eq,0.0001165266829088119
Steel,"market for hydrogen, gaseous, low pressure, for steel",EUR,ozone depletion,ozone depletion potential (ODP),"('EF v3.1', 'ozone depletion', 'ozone depletion potential (ODP)')",kg CFC-11-Eq,1.267151851701961e-07
Steel,"market for hydrogen, gaseous, low pressure, for steel",EUR,particulate matter formation,impact on human health,"('EF v3.1', 'particulate matter formation', 'impact on human health')",disease incidence,1.3185647617166144e-07
Steel,"market for hydrogen, gaseous, low pressure, for steel",EUR,photochemical oxidant formation: human health,tropospheric ozone concentration increase,"('EF v3.1', 'photochemical oxidant formation: human health', 'tropospheric ozone concentration increase')",kg NMVOC-Eq,0.006971365180621999
Steel,"market for hydrogen, gaseous, low pressure, for steel",EUR,water use,user deprivation potential (deprivation-weighted water consumption),"('EF v3.1', 'water use', 'user deprivation potential (deprivation-weighted water consumption)')",m3 world Eq deprived,2.0525982142698362
Steel,"market for hydrogen, gaseous, low pressure, for steel",EUR,"climate change — GWP 100a, incl. H (premise_gwp)","GWP 100a, incl. H","('IPCC 2021', 'climate change', 'GWP 100a, incl. H')",kg CO2-Eq,0.6477818763424286
Steel,"market for hydrogen, gaseous, low pressure, for steel",EUR,cumulative energy demand: non-renewable resources,energy content (HHV),"('Cumulative Energy Demand (CED)', 'energy resources: non-renewable', 'energy content (HHV)')",MJ-Eq,14.745361402602033
Steel,"market for hydrogen, gaseous, low pressure, for steel",EUR,cumulative energy demand: renewable sources,energy content (HHV),"('Cumulative Energy Demand (CED)', 'energy resources: renewable', 'energy content (HHV)')",MJ-Eq,209.04562182311406
Cement,"market for hydrogen, gaseous, low pressure, for cement",EUR,acidification,accumulated exceedance (AE),"('EF v3.1', 'acidification', 'accumulated exceedance (AE)')",mol H+-Eq,0.019196698153048503
Cement,"market for hydrogen, gaseous, low pressure, for cement",EUR,climate change,global warming potential (GWP100),"('EF v3.1', 'climate change', 'global warming potential (GWP100)')",kg CO2-Eq,0.5238917877835467
Cement,"market for hydrogen, gaseous, low pressure, for cement",EUR,climate change: biogenic,global warming potential (GWP100),"('EF v3.1', 'climate change: biogenic', 'global warming potential (GWP100)')",kg CO2-Eq,0.006151797572510194
Cement,"market for hydrogen, gaseous, low pressure, for cement",EUR,climate change: fossil,global warming potential (GWP100),"('EF v3.1', 'climate change: fossil', 'global warming potential (GWP100)')",kg CO2-Eq,0.49945545399639335
Cement,"market for hydrogen, gaseous, low pressure, for cement",EUR,climate change: land use and land use change,global warming potential (GWP100),"('EF v3.1', 'climate change: land use and land use change', 'global warming potential (GWP100)')",kg CO2-Eq,0.018284536214643172
Cement,"market for hydrogen, gaseous, low pressure, for cement",EUR,ecotoxicity: freshwater,comparative toxic unit for ecosystems (CTUe),"('EF v3.1', 'ecotoxicity: freshwater', 'comparative toxic unit for ecosystems (CTUe)')",CTUe,26.877369747832898
Cement,"market for hydrogen, gaseous, low pressure, for cement",EUR,"ecotoxicity: freshwater, inorganics",comparative toxic unit for ecosystems (CTUe),"('EF v3.1', 'ecotoxicity: freshwater, inorganics', 'comparative toxic unit for ecosystems (CTUe)')",CTUe,26.230102305388947
Cement,"market for hydrogen, gaseous, low pressure, for cement",EUR,"ecotoxicity: freshwater, organics",comparative toxic unit for ecosystems (CTUe),"('EF v3.1', 'ecotoxicity: freshwater, organics', 'comparative toxic unit for ecosystems (CTUe)')",CTUe,0.6472674424439502
Cement,"market for hydrogen, gaseous, low pressure, for cement",EUR,energy resources: non-renewable,abiotic depletion potential (ADP): fossil fuels,"('EF v3.1', 'energy resources: non-renewable', 'abiotic depletion potential (ADP): fossil fuels')","MJ, net calorific value",14.415889086015445
Cement,"market for hydrogen, gaseous, low pressure, for cement",EUR,eutrophication: freshwater,fraction of nutrients reaching freshwater end compartment (P),"('EF v3.1', 'eutrophication: freshwater', 'fraction of nutrients reaching freshwater end compartment (P)')",kg P-Eq,0.000992987029027244
Cement,"market for hydrogen, gaseous, low pressure, for cement",EUR,eutrophication: marine,fraction of nutrients reaching marine end compartment (N),"('EF v3.1', 'eutrophication: marine', 'fraction of nutrients reaching marine end compartment (N)')",kg N-Eq,0.002233148223938479
Cement,"market for hydrogen, gaseous, low pressure, for cement",EUR,eutrophication: terrestrial,accumulated exceedance (AE),"('EF v3.1', 'eutrophication: terrestrial', 'accumulated exceedance (AE)')",mol N-Eq,0.025060927417922714
Cement,"market for hydrogen, gaseous, low pressure, for cement",EUR,human toxicity: carcinogenic,comparative toxic unit for human (CTUh),"('EF v3.1', 'human toxicity: carcinogenic', 'comparative toxic unit for human (CTUh)')",CTUh,2.952165795077398e-09
Cement,"market for hydrogen, gaseous, low pressure, for cement",EUR,"human toxicity: carcinogenic, inorganics",comparative toxic unit for human (CTUh),"('EF v3.1', 'human toxicity: carcinogenic, inorganics', 'comparative toxic unit for human (CTUh)')",CTUh,1.5888518962267999e-09
Cement,"market for hydrogen, gaseous, low pressure, for cement",EUR,"human toxicity: carcinogenic, organics",comparative toxic unit for human (CTUh),"('EF v3.1', 'human toxicity: carcinogenic, organics', 'comparative toxic unit for human (CTUh)')",CTUh,1.3633138988505981e-09
Cement,"market for hydrogen, gaseous, low pressure, for cement",EUR,human toxicity: non-carcinogenic,comparative toxic unit for human (CTUh),"('EF v3.1', 'human toxicity: non-carcinogenic', 'comparative toxic unit for human (CTUh)')",CTUh,1.5872048430505295e-07
Cement,"market for hydrogen, gaseous, low pressure, for cement",EUR,"human toxicity: non-carcinogenic, inorganics",comparative toxic unit for human (CTUh),"('EF v3.1', 'human toxicity: non-carcinogenic, inorganics', 'comparative toxic unit for human (CTUh)')",CTUh,1.5018593160511402e-07
Cement,"market for hydrogen, gaseous, low pressure, for cement",EUR,"human toxicity: non-carcinogenic, organics",comparative toxic unit for human (CTUh),"('EF v3.1', 'human toxicity: non-carcinogenic, organics', 'comparative toxic unit for human (CTUh)')",CTUh,8.534552699938955e-09
Cement,"market for hydrogen, gaseous, low pressure, for cement",EUR,ionising radiation: human health,human exposure efficiency relative to u235,"('EF v3.1', 'ionising radiation: human health', 'human exposure efficiency relative to u235')",kBq U235-Eq,0.5632070173790092
Cement,"market for hydrogen, gaseous, low pressure, for cement",EUR,land use,soil quality index,"('EF v3.1', 'land use', 'soil quality index')",dimensionless,122.27734772795061
Cement,"market for hydrogen, gaseous, low pressure, for cement",EUR,material resources: metals/minerals,abiotic depletion potential (ADP): elements (ultimate reserves),"('EF v3.1', 'material resources: metals/minerals', 'abiotic depletion potential (ADP): elements (ultimate reserves)')",kg Sb-Eq,0.0001165266829088119
Cement,"market for hydrogen, gaseous, low pressure, for cement",EUR,ozone depletion,ozone depletion potential (ODP),"('EF v3.1', 'ozone depletion', 'ozone depletion potential (ODP)')",kg CFC-11-Eq,1.267151851701961e-07
Cement,"market for hydrogen, gaseous, low pressure, for cement",EUR,particulate matter formation,impact on human health,"('EF v3.1', 'particulate matter formation', 'impact on human health')",disease incidence,1.3185647617166144e-07
Cement,"market for hydrogen, gaseous, low pressure, for cement",EUR,photochemical oxidant formation: human health,tropospheric ozone concentration increase,"('EF v3.1', 'photochemical oxidant formation: human health', 'tropospheric ozone concentration increase')",kg NMVOC-Eq,0.006971365180621999
Cement,"market for hydrogen, gaseous, low pressure, for cement",EUR,water use,user deprivation potential (deprivation-weighted water consumption),"('EF v3.1', 'water use', 'user deprivation potential (deprivation-weighted water consumption)')",m3 world Eq deprived,2.0525982142698362
Cement,"market for hydrogen, gaseous, low pressure, for cement",EUR,"climate change — GWP 100a, incl. H (premise_gwp)","GWP 100a, incl. H","('IPCC 2021', 'climate change', 'GWP 100a, incl. H')",kg CO2-Eq,0.6477818763424286
Cement,"market for hydrogen, gaseous, low pressure, for cement",EUR,cumulative energy demand: non-renewable resources,energy content (HHV),"('Cumulative Energy Demand (CED)', 'energy resources: non-renewable', 'energy content (HHV)')",MJ-Eq,14.745361402602033
Cement,"market for hydrogen, gaseous, low pressure, for cement",EUR,cumulative energy demand: renewable sources,energy content (HHV),"('Cumulative Energy Demand (CED)', 'energy resources: renewable', 'energy content (HHV)')",MJ-Eq,209.04562182311406
Other end uses,"market for hydrogen, gaseous, low pressure, for other end uses",EUR,acidification,accumulated exceedance (AE),"('EF v3.1', 'acidification', 'accumulated exceedance (AE)')",mol H+-Eq,0.01939987192834374
Other end uses,"market for hydrogen, gaseous, low pressure, for other end uses",EUR,climate change,global warming potential (GWP100),"('EF v3.1', 'climate change', 'global warming potential (GWP100)')",kg CO2-Eq,0.5329798780682974
Other end uses,"market for hydrogen, gaseous, low pressure, for other end uses",EUR,climate change: biogenic,global warming potential (GWP100),"('EF v3.1', 'climate change: biogenic', 'global warming potential (GWP100)')",kg CO2-Eq,0.006215387689808531
Other end uses,"market for hydrogen, gaseous, low pressure, for other end uses",EUR,climate change: fossil,global warming potential (GWP100),"('EF v3.1', 'climate change: fossil', 'global warming potential (GWP100)')",kg CO2-Eq,0.5083684412321312
Other end uses,"market for hydrogen, gaseous, low pressure, for other end uses",EUR,climate change: land use and land use change,global warming potential (GWP100),"('EF v3.1', 'climate change: land use and land use change', 'global warming potential (GWP100)')",kg CO2-Eq,0.018396049146357604
Other end uses,"market for hydrogen, gaseous, low pressure, for other end uses",EUR,ecotoxicity: freshwater,comparative toxic unit for ecosystems (CTUe),"('EF v3.1', 'ecotoxicity: freshwater', 'comparative toxic unit for ecosystems (CTUe)')",CTUe,27.175856373104835
Other end uses,"market for hydrogen, gaseous, low pressure, for other end uses",EUR,"ecotoxicity: freshwater, inorganics",comparative toxic unit for ecosystems (CTUe),"('EF v3.1', 'ecotoxicity: freshwater, inorganics', 'comparative toxic unit for ecosystems (CTUe)')",CTUe,26.50289867992581
Other end uses,"market for hydrogen, gaseous, low pressure, for other end uses",EUR,"ecotoxicity: freshwater, organics",comparative toxic unit for ecosystems (CTUe),"('EF v3.1', 'ecotoxicity: freshwater, organics', 'comparative toxic unit for ecosystems (CTUe)')",CTUe,0.6729576931790254
Other end uses,"market for hydrogen, gaseous, low pressure, for other end uses",EUR,energy resources: non-renewable,abiotic depletion potential (ADP): fossil fuels,"('EF v3.1', 'energy resources: non-renewable', 'abiotic depletion potential (ADP): fossil fuels')","MJ, net calorific value",14.591229473129417
Other end uses,"market for hydrogen, gaseous, low pressure, for other end uses",EUR,eutrophication: freshwater,fraction of nutrients reaching freshwater end compartment (P),"('EF v3.1', 'eutrophication: freshwater', 'fraction of nutrients reaching freshwater end compartment (P)')",kg P-Eq,0.0010019519278972047
Other end uses,"market for hydrogen, gaseous, low pressure, for other end uses",EUR,eutrophication: marine,fraction of nutrients reaching marine end compartment (N),"('EF v3.1', 'eutrophication: marine', 'fraction of nutrients reaching marine end compartment (N)')",kg N-Eq,0.0022740250209302973
Other end uses,"market for hydrogen, gaseous, low pressure, for other end uses",EUR,eutrophication: terrestrial,accumulated exceedance (AE),"('EF v3.1', 'eutrophication: terrestrial', 'accumulated exceedance (AE)')",mol N-Eq,0.0255074163341123
Other end uses,"market for hydrogen, gaseous, low pressure, for other end uses",EUR,human toxicity: carcinogenic,comparative toxic unit for human (CTUh),"('EF v3.1', 'human toxicity: carcinogenic', 'comparative toxic unit for human (CTUh)')",CTUh,2.975547998366787e-09
Other end uses,"market for hydrogen, gaseous, low pressure, for other end uses",EUR,"human toxicity: carcinogenic, inorganics",comparative toxic unit for human (CTUh),"('EF v3.1', 'human toxicity: carcinogenic, inorganics', 'comparative toxic unit for human (CTUh)')",CTUh,1.6022839333130572e-09
Other end uses,"market for hydrogen, gaseous, low pressure, for other end uses",EUR,"human toxicity: carcinogenic, organics",comparative toxic unit for human (CTUh),"('EF v3.1', 'human toxicity: carcinogenic, organics', 'comparative toxic unit for human (CTUh)')",CTUh,1.37326406505373e-09
Other end uses,"market for hydrogen, gaseous, low pressure, for other end uses",EUR,human toxicity: non-carcinogenic,comparative toxic unit for human (CTUh),"('EF v3.1', 'human toxicity: non-carcinogenic', 'comparative toxic unit for human (CTUh)')",CTUh,1.601858204889516e-07
Other end uses,"market for hydrogen, gaseous, low pressure, for other end uses",EUR,"human toxicity: non-carcinogenic, inorganics",comparative toxic unit for human (CTUh),"('EF v3.1', 'human toxicity: non-carcinogenic, inorganics', 'comparative toxic unit for human (CTUh)')",CTUh,1.514649042644544e-07
Other end uses,"market for hydrogen, gaseous, low pressure, for other end uses",EUR,"human toxicity: non-carcinogenic, organics",comparative toxic unit for human (CTUh),"('EF v3.1', 'human toxicity: non-carcinogenic, organics', 'comparative toxic unit for human (CTUh)')",CTUh,8.72091622449724e-09
Other end uses,"market for hydrogen, gaseous, low pressure, for other end uses",EUR,ionising radiation: human health,human exposure efficiency relative to u235,"('EF v3.1', 'ionising radiation: human health', 'human exposure efficiency relative to u235')",kBq U235-Eq,0.5675503749654907
Other end uses,"market for hydrogen, gaseous, low pressure, for other end uses",EUR,land use,soil quality index,"('EF v3.1', 'land use', 'soil quality index')",dimensionless,122.88226854805995
Other end uses,"market for hydrogen, gaseous, low pressure, for other end uses",EUR,material resources: metals/minerals,abiotic depletion potential (ADP): elements (ultimate reserves),"('EF v3.1', 'material resources: metals/minerals', 'abiotic depletion potential (ADP): elements (ultimate reserves)')",kg Sb-Eq,0.00011751642594656563
Other end uses,"market for hydrogen, gaseous, low pressure, for other end uses",EUR,ozone depletion,ozone depletion potential (ODP),"('EF v3.1', 'ozone depletion', 'ozone depletion potential (ODP)')",kg CFC-11-Eq,1.2756882884474353e-07
Other end uses,"market for hydrogen, gaseous, low pressure, for other end uses",EUR,particulate matter formation,impact on human health,"('EF v3.1', 'particulate matter formation', 'impact on human health')",disease incidence,1.3304658244158652e-07
Other end uses,"market for hydrogen, gaseous, low pressure, for other end uses",EUR,photochemical oxidant formation: human health,tropospheric ozone concentration increase,"('EF v3.1', 'photochemical oxidant formation: human health', 'tropospheric ozone concentration increase')",kg NMVOC-Eq,0.007055240805130117
Other end uses,"market for hydrogen, gaseous, low pressure, for other end uses",EUR,water use,user deprivation potential (deprivation-weighted water consumption),"('EF v3.1', 'water use', 'user deprivation potential (deprivation-weighted water consumption)')",m3 world Eq deprived,2.071278082083762
Other end uses,"market for hydrogen, gaseous, low pressure, for other end uses",EUR,"climate change — GWP 100a, incl. H (premise_gwp)","GWP 100a, incl. H","('IPCC 2021', 'climate change', 'GWP 100a, incl. H')",kg CO2-Eq,0.6529844444129502
Other end uses,"market for hydrogen, gaseous, low pressure, for other end uses",EUR,cumulative energy demand: non-renewable resources,energy content (HHV),"('Cumulative Energy Demand (CED)', 'energy resources: non-renewable', 'energy content (HHV)')",MJ-Eq,14.92825760986916
Other end uses,"market for hydrogen, gaseous, low pressure, for other end uses",EUR,cumulative energy demand: renewable sources,energy content (HHV),"('Cumulative Energy Demand (CED)', 'energy resources: renewable', 'energy content (HHV)')",MJ-Eq,210.366709080053
