market,technology,input group,contribution type,score,score per kg H2,share of market (%),method,impact category,unit
Cement,Biomass gasification,Biomass feedstock,Upstream input,4.517839236865482e-07,0.6477818763424286,6.974321761477123e-05,"('IPCC 2021', 'climate change', 'GWP 100a, incl. H')","climate change — GWP 100a, incl. H (premise_gwp)",kg CO2-Eq
Cement,Biomass gasification,Infrastructure,Upstream input,8.33263787653443e-09,0.6477818763424286,1.2863339004763474e-06,"('IPCC 2021', 'climate change', 'GWP 100a, incl. H')","climate change — GWP 100a, incl. H (premise_gwp)",kg CO2-Eq
Cement,Biomass gasification,Other direct emissions,Other direct emissions,0.0,0.6477818763424286,0.0,"('IPCC 2021', 'climate change', 'GWP 100a, incl. H')","climate change — GWP 100a, incl. H (premise_gwp)",kg CO2-Eq
Cement,Biomass gasification,Water,Upstream input,1.4371748429832445e-08,0.6477818763424286,2.218609219353228e-06,"('IPCC 2021', 'climate change', 'GWP 100a, incl. H')","climate change — GWP 100a, incl. H (premise_gwp)",kg CO2-Eq
Cement,Biomass gasification with CCS,Biomass feedstock,Upstream input,0.0414256464849626,0.6477818763424286,6.39499930422016,"('IPCC 2021', 'climate change', 'GWP 100a, incl. H')","climate change — GWP 100a, incl. H (premise_gwp)",kg CO2-Eq
Cement,Biomass gasification with CCS,CO2 capture and storage,Upstream input,0.02432679253423312,0.6477818763424286,3.7553987573084804,"('IPCC 2021', 'climate change', 'GWP 100a, incl. H')","climate change — GWP 100a, incl. H (premise_gwp)",kg CO2-Eq
Cement,Biomass gasification with CCS,Infrastructure,Upstream input,0.000764048680935396,0.6477818763424286,0.11794844975432853,"('IPCC 2021', 'climate change', 'GWP 100a, incl. H')","climate change — GWP 100a, incl. H (premise_gwp)",kg CO2-Eq
Cement,Biomass gasification with CCS,Other direct emissions,Other direct emissions,0.0,0.6477818763424286,0.0,"('IPCC 2021', 'climate change', 'GWP 100a, incl. H')","climate change — GWP 100a, incl. H (premise_gwp)",kg CO2-Eq
Cement,Biomass gasification with CCS,Water,Upstream input,0.00131863967587445,0.6477818763424286,0.20356229836498152,"('IPCC 2021', 'climate change', 'GWP 100a, incl. H')","climate change — GWP 100a, incl. H (premise_gwp)",kg CO2-Eq
Cement,Coal gasification with CCS,Ammonia leakage,Ammonia leakage,0.0,0.6477818763424286,0.0,"('IPCC 2021', 'climate change', 'GWP 100a, incl. H')","climate change — GWP 100a, incl. H (premise_gwp)",kg CO2-Eq
Cement,Coal gasification with CCS,CO2 capture and storage,Upstream input,6.238490650069396e-08,0.6477818763424286,9.630542128306818e-06,"('IPCC 2021', 'climate change', 'GWP 100a, incl. H')","climate change — GWP 100a, incl. H (premise_gwp)",kg CO2-Eq
Cement,Coal gasification with CCS,Electricity,Upstream input,8.878232931343906e-08,0.6477818763424286,1.3705590192601684e-05,"('IPCC 2021', 'climate change', 'GWP 100a, incl. H')","climate change — GWP 100a, incl. H (premise_gwp)",kg CO2-Eq
Cement,Coal gasification with CCS,Fossil feedstock,Upstream input,1.9023075498580407e-06,0.6477818763424286,0.0002936648306061049,"('IPCC 2021', 'climate change', 'GWP 100a, incl. H')","climate change — GWP 100a, incl. H (premise_gwp)",kg CO2-Eq
Cement,Coal gasification with CCS,Infrastructure,Upstream input,3.161683264900461e-08,0.6477818763424286,4.880783764362591e-06,"('IPCC 2021', 'climate change', 'GWP 100a, incl. H')","climate change — GWP 100a, incl. H (premise_gwp)",kg CO2-Eq
Cement,Coal gasification with CCS,Other direct emissions,Other direct emissions,2.7143599172416695e-06,0.6477818763424286,0.000419023751107049,"('IPCC 2021', 'climate change', 'GWP 100a, incl. H')","climate change — GWP 100a, incl. H (premise_gwp)",kg CO2-Eq
Cement,Coal gasification with CCS,Other raw materials,Upstream input,1.623379117929829e-08,0.6477818763424286,2.5060582538923692e-06,"('IPCC 2021', 'climate change', 'GWP 100a, incl. H')","climate change — GWP 100a, incl. H (premise_gwp)",kg CO2-Eq
Cement,Coal gasification with CCS,Transport services,Upstream input,7.340350267709337e-09,0.6477818763424286,1.1331515338396257e-06,"('IPCC 2021', 'climate change', 'GWP 100a, incl. H')","climate change — GWP 100a, incl. H (premise_gwp)",kg CO2-Eq
Cement,Coal gasification with CCS,Waste treatment,Upstream input,7.039397445421946e-10,0.6477818763424286,1.0866925584841155e-07,"('IPCC 2021', 'climate change', 'GWP 100a, incl. H')","climate change — GWP 100a, incl. H (premise_gwp)",kg CO2-Eq
Cement,Coal gasification with CCS,Water,Upstream input,1.5717292460344134e-08,0.6477818763424286,2.42632482234432e-06,"('IPCC 2021', 'climate change', 'GWP 100a, incl. H')","climate change — GWP 100a, incl. H (premise_gwp)",kg CO2-Eq
Cement,PEM electrolysis,Electricity,Upstream input,0.38746819891061884,0.6477818763424286,59.81460937104028,"('IPCC 2021', 'climate change', 'GWP 100a, incl. H')","climate change — GWP 100a, incl. H (premise_gwp)",kg CO2-Eq
Cement,PEM electrolysis,Infrastructure,Upstream input,0.020794403962217795,0.6477818763424286,3.21009350857873,"('IPCC 2021', 'climate change', 'GWP 100a, incl. H')","climate change — GWP 100a, incl. H (premise_gwp)",kg CO2-Eq
Cement,PEM electrolysis,Other direct emissions,Other direct emissions,0.0,0.6477818763424286,0.0,"('IPCC 2021', 'climate change', 'GWP 100a, incl. H')","climate change — GWP 100a, incl. H (premise_gwp)",kg CO2-Eq
Cement,PEM electrolysis,Waste treatment,Upstream input,0.0004813249310642286,0.6477818763424286,0.07430355010577541,"('IPCC 2021', 'climate change', 'GWP 100a, incl. H')","climate change — GWP 100a, incl. H (premise_gwp)",kg CO2-Eq
Cement,PEM electrolysis,Water,Upstream input,0.00022295881964054263,0.6477818763424286,0.03441881098919211,"('IPCC 2021', 'climate change', 'GWP 100a, incl. H')","climate change — GWP 100a, incl. H (premise_gwp)",kg CO2-Eq
Cement,Steam methane reforming with CCS,CO2 capture and storage,Upstream input,0.0001058008596168653,0.6477818763424286,0.016332790941026135,"('IPCC 2021', 'climate change', 'GWP 100a, incl. H')","climate change — GWP 100a, incl. H (premise_gwp)",kg CO2-Eq
Cement,Steam methane reforming with CCS,Electricity,Upstream input,1.383477880829659e-06,0.6477818763424286,0.00021357156341594356,"('IPCC 2021', 'climate change', 'GWP 100a, incl. H')","climate change — GWP 100a, incl. H (premise_gwp)",kg CO2-Eq
Cement,Steam methane reforming with CCS,Fossil feedstock,Upstream input,0.0015327735122081646,0.6477818763424286,0.2366187706366015,"('IPCC 2021', 'climate change', 'GWP 100a, incl. H')","climate change — GWP 100a, incl. H (premise_gwp)",kg CO2-Eq
Cement,Steam methane reforming with CCS,Infrastructure,Upstream input,9.976493422893023e-05,0.6477818763424286,0.01540100732552647,"('IPCC 2021', 'climate change', 'GWP 100a, incl. H')","climate change — GWP 100a, incl. H (premise_gwp)",kg CO2-Eq
Cement,Steam methane reforming with CCS,Other direct emissions,Other direct emissions,1.232480893776289e-05,0.6477818763424286,0.0019026171289867617,"('IPCC 2021', 'climate change', 'GWP 100a, incl. H')","climate change — GWP 100a, incl. H (premise_gwp)",kg CO2-Eq
Cement,Steam methane reforming with CCS,Other raw materials,Upstream input,4.045259437134819e-05,0.6477818763424286,0.006244786377747355,"('IPCC 2021', 'climate change', 'GWP 100a, incl. H')","climate change — GWP 100a, incl. H (premise_gwp)",kg CO2-Eq
Cement,Steam methane reforming with CCS,Water,Upstream input,2.489761063063154e-06,0.6477818763424286,0.0003843517631461217,"('IPCC 2021', 'climate change', 'GWP 100a, incl. H')","climate change — GWP 100a, incl. H (premise_gwp)",kg CO2-Eq
Chemicals,Biomass gasification,Biomass feedstock,Upstream input,4.517839236865482e-07,0.5674272928922389,7.961970270829875e-05,"('IPCC 2021', 'climate change', 'GWP 100a, incl. H')","climate change — GWP 100a, incl. H (premise_gwp)",kg CO2-Eq
Chemicals,Biomass gasification,Infrastructure,Upstream input,8.33263787653443e-09,0.5674272928922389,1.4684943746822725e-06,"('IPCC 2021', 'climate change', 'GWP 100a, incl. H')","climate change — GWP 100a, incl. H (premise_gwp)",kg CO2-Eq
Chemicals,Biomass gasification,Other direct emissions,Other direct emissions,0.0,0.5674272928922389,0.0,"('IPCC 2021', 'climate change', 'GWP 100a, incl. H')","climate change — GWP 100a, incl. H (premise_gwp)",kg CO2-Eq
Chemicals,Biomass gasification,Water,Upstream input,1.4371748429832445e-08,0.5674272928922389,2.5327911804485246e-06,"('IPCC 2021', 'climate change', 'GWP 100a, incl. H')","climate change — GWP 100a, incl. H (premise_gwp)",kg CO2-Eq
Chemicals,Biomass gasification with CCS,Biomass feedstock,Upstream input,0.0414256464849626,0.5674272928922389,7.300608730646627,"('IPCC 2021', 'climate change', 'GWP 100a, incl. H')","climate change — GWP 100a, incl. H (premise_gwp)",kg CO2-Eq
Chemicals,Biomass gasification with CCS,CO2 capture and storage,Upstream input,0.02432679253423312,0.5674272928922389,4.2872087470866616,"('IPCC 2021', 'climate change', 'GWP 100a, incl. H')","climate change — GWP 100a, incl. H (premise_gwp)",kg CO2-Eq
Chemicals,Biomass gasification with CCS,Infrastructure,Upstream input,0.000764048680935396,0.5674272928922389,0.13465138009857727,"('IPCC 2021', 'climate change', 'GWP 100a, incl. H')","climate change — GWP 100a, incl. H (premise_gwp)",kg CO2-Eq
Chemicals,Biomass gasification with CCS,Other direct emissions,Other direct emissions,0.0,0.5674272928922389,0.0,"('IPCC 2021', 'climate change', 'GWP 100a, incl. H')","climate change — GWP 100a, incl. H (premise_gwp)",kg CO2-Eq
Chemicals,Biomass gasification with CCS,Water,Upstream input,0.00131863967587445,0.5674272928922389,0.23238918754739477,"('IPCC 2021', 'climate change', 'GWP 100a, incl. H')","climate change — GWP 100a, incl. H (premise_gwp)",kg CO2-Eq
Chemicals,Coal gasification with CCS,Ammonia leakage,Ammonia leakage,0.0,0.5674272928922389,0.0,"('IPCC 2021', 'climate change', 'GWP 100a, incl. H')","climate change — GWP 100a, incl. H (premise_gwp)",kg CO2-Eq
Chemicals,Coal gasification with CCS,CO2 capture and storage,Upstream input,6.238490650069396e-08,0.5674272928922389,1.0994343642286093e-05,"('IPCC 2021', 'climate change', 'GWP 100a, incl. H')","climate change — GWP 100a, incl. H (premise_gwp)",kg CO2-Eq
Chemicals,Coal gasification with CCS,Electricity,Upstream input,8.878232931343906e-08,0.5674272928922389,1.5646467913255606e-05,"('IPCC 2021', 'climate change', 'GWP 100a, incl. H')","climate change — GWP 100a, incl. H (premise_gwp)",kg CO2-Eq
Chemicals,Coal gasification with CCS,Fossil feedstock,Upstream input,1.9023075498580407e-06,0.5674272928922389,0.0003352513306439264,"('IPCC 2021', 'climate change', 'GWP 100a, incl. H')","climate change — GWP 100a, incl. H (premise_gwp)",kg CO2-Eq
Chemicals,Coal gasification with CCS,Infrastructure,Upstream input,3.161683264900461e-08,0.5674272928922389,5.571961913895639e-06,"('IPCC 2021', 'climate change', 'GWP 100a, incl. H')","climate change — GWP 100a, incl. H (premise_gwp)",kg CO2-Eq
Chemicals,Coal gasification with CCS,Other direct emissions,Other direct emissions,2.7143599172416695e-06,0.5674272928922389,0.00047836259398209075,"('IPCC 2021', 'climate change', 'GWP 100a, incl. H')","climate change — GWP 100a, incl. H (premise_gwp)",kg CO2-Eq
Chemicals,Coal gasification with CCS,Other raw materials,Upstream input,1.623379117929829e-08,0.5674272928922389,2.860946482949892e-06,"('IPCC 2021', 'climate change', 'GWP 100a, incl. H')","climate change — GWP 100a, incl. H (premise_gwp)",kg CO2-Eq
Chemicals,Coal gasification with CCS,Transport services,Upstream input,7.340350267709337e-09,0.5674272928922389,1.2936195279389487e-06,"('IPCC 2021', 'climate change', 'GWP 100a, incl. H')","climate change — GWP 100a, incl. H (premise_gwp)",kg CO2-Eq
Chemicals,Coal gasification with CCS,Waste treatment,Upstream input,7.039397445421946e-10,0.5674272928922389,1.2405813984627648e-07,"('IPCC 2021', 'climate change', 'GWP 100a, incl. H')","climate change — GWP 100a, incl. H (premise_gwp)",kg CO2-Eq
Chemicals,Coal gasification with CCS,Water,Upstream input,1.5717292460344134e-08,0.5674272928922389,2.7699218309065427e-06,"('IPCC 2021', 'climate change', 'GWP 100a, incl. H')","climate change — GWP 100a, incl. H (premise_gwp)",kg CO2-Eq
Chemicals,PEM electrolysis,Electricity,Upstream input,0.38746819891061884,0.5674272928922389,68.28508317526482,"('IPCC 2021', 'climate change', 'GWP 100a, incl. H')","climate change — GWP 100a, incl. H (premise_gwp)",kg CO2-Eq
Chemicals,PEM electrolysis,Infrastructure,Upstream input,0.020794403962217795,0.5674272928922389,3.6646816645400406,"('IPCC 2021', 'climate change', 'GWP 100a, incl. H')","climate change — GWP 100a, incl. H (premise_gwp)",kg CO2-Eq
Chemicals,PEM electrolysis,Other direct emissions,Other direct emissions,0.0,0.5674272928922389,0.0,"('IPCC 2021', 'climate change', 'GWP 100a, incl. H')","climate change — GWP 100a, incl. H (premise_gwp)",kg CO2-Eq
Chemicals,PEM electrolysis,Waste treatment,Upstream input,0.0004813249310642286,0.5674272928922389,0.08482583356377921,"('IPCC 2021', 'climate change', 'GWP 100a, incl. H')","climate change — GWP 100a, incl. H (premise_gwp)",kg CO2-Eq
Chemicals,PEM electrolysis,Water,Upstream input,0.00022295881964054263,0.5674272928922389,0.039292931875746964,"('IPCC 2021', 'climate change', 'GWP 100a, incl. H')","climate change — GWP 100a, incl. H (premise_gwp)",kg CO2-Eq
Chemicals,Steam methane reforming with CCS,CO2 capture and storage,Upstream input,0.0001058008596168653,0.5674272928922389,0.01864571213654295,"('IPCC 2021', 'climate change', 'GWP 100a, incl. H')","climate change — GWP 100a, incl. H (premise_gwp)",kg CO2-Eq
Chemicals,Steam methane reforming with CCS,Electricity,Upstream input,1.383477880829659e-06,0.5674272928922389,0.00024381588586934566,"('IPCC 2021', 'climate change', 'GWP 100a, incl. H')","climate change — GWP 100a, incl. H (premise_gwp)",kg CO2-Eq
Chemicals,Steam methane reforming with CCS,Fossil feedstock,Upstream input,0.0015327735122081646,0.5674272928922389,0.27012685702787587,"('IPCC 2021', 'climate change', 'GWP 100a, incl. H')","climate change — GWP 100a, incl. H (premise_gwp)",kg CO2-Eq
Chemicals,Steam methane reforming with CCS,Infrastructure,Upstream input,9.976493422893023e-05,0.5674272928922389,0.01758197666531292,"('IPCC 2021', 'climate change', 'GWP 100a, incl. H')","climate change — GWP 100a, incl. H (premise_gwp)",kg CO2-Eq
Chemicals,Steam methane reforming with CCS,Other direct emissions,Other direct emissions,1.232480893776289e-05,0.5674272928922389,0.0021720507793944826,"('IPCC 2021', 'climate change', 'GWP 100a, incl. H')","climate change — GWP 100a, incl. H (premise_gwp)",kg CO2-Eq
Chemicals,Steam methane reforming with CCS,Other raw materials,Upstream input,4.045259437134819e-05,0.5674272928922389,0.007129123832792198,"('IPCC 2021', 'climate change', 'GWP 100a, incl. H')","climate change — GWP 100a, incl. H (premise_gwp)",kg CO2-Eq
Chemicals,Steam methane reforming with CCS,Water,Upstream input,2.489761063063154e-06,0.5674272928922389,0.00043878063220621094,"('IPCC 2021', 'climate change', 'GWP 100a, incl. H')","climate change — GWP 100a, incl. H (premise_gwp)",kg CO2-Eq
Generic,Biomass gasification,Biomass feedstock,Upstream input,4.517839236865482e-07,0.5896335360036256,7.662113772371493e-05,"('IPCC 2021', 'climate change', 'GWP 100a, incl. H')","climate change — GWP 100a, incl. H (premise_gwp)",kg CO2-Eq
Generic,Biomass gasification,Infrastructure,Upstream input,8.33263787653443e-09,0.5896335360036256,1.4131892722742275e-06,"('IPCC 2021', 'climate change', 'GWP 100a, incl. H')","climate change — GWP 100a, incl. H (premise_gwp)",kg CO2-Eq
Generic,Biomass gasification,Other direct emissions,Other direct emissions,0.0,0.5896335360036256,0.0,"('IPCC 2021', 'climate change', 'GWP 100a, incl. H')","climate change — GWP 100a, incl. H (premise_gwp)",kg CO2-Eq
Generic,Biomass gasification,Water,Upstream input,1.4371748429832445e-08,0.5896335360036256,2.4374034976436748e-06,"('IPCC 2021', 'climate change', 'GWP 100a, incl. H')","climate change — GWP 100a, incl. H (premise_gwp)",kg CO2-Eq
Generic,Biomass gasification with CCS,Biomass feedstock,Upstream input,0.0414256464849626,0.5896335360036256,7.025659830296336,"('IPCC 2021', 'climate change', 'GWP 100a, incl. H')","climate change — GWP 100a, incl. H (premise_gwp)",kg CO2-Eq
Generic,Biomass gasification with CCS,CO2 capture and storage,Upstream input,0.02432679253423312,0.5896335360036256,4.125747782107756,"('IPCC 2021', 'climate change', 'GWP 100a, incl. H')","climate change — GWP 100a, incl. H (premise_gwp)",kg CO2-Eq
Generic,Biomass gasification with CCS,Infrastructure,Upstream input,0.000764048680935396,0.5896335360036256,0.12958026202408846,"('IPCC 2021', 'climate change', 'GWP 100a, incl. H')","climate change — GWP 100a, incl. H (premise_gwp)",kg CO2-Eq
Generic,Biomass gasification with CCS,Other direct emissions,Other direct emissions,0.0,0.5896335360036256,0.0,"('IPCC 2021', 'climate change', 'GWP 100a, incl. H')","climate change — GWP 100a, incl. H (premise_gwp)",kg CO2-Eq
Generic,Biomass gasification with CCS,Water,Upstream input,0.00131863967587445,0.5896335360036256,0.2236371568706604,"('IPCC 2021', 'climate change', 'GWP 100a, incl. H')","climate change — GWP 100a, incl. H (premise_gwp)",kg CO2-Eq
Generic,Coal gasification with CCS,Ammonia leakage,Ammonia leakage,0.0,0.5896335360036256,0.0,"('IPCC 2021', 'climate change', 'GWP 100a, incl. H')","climate change — GWP 100a, incl. H (premise_gwp)",kg CO2-Eq
Generic,Coal gasification with CCS,CO2 capture and storage,Upstream input,6.238490650069396e-08,0.5896335360036256,1.0580284649940665e-05,"('IPCC 2021', 'climate change', 'GWP 100a, incl. H')","climate change — GWP 100a, incl. H (premise_gwp)",kg CO2-Eq
Generic,Coal gasification with CCS,Electricity,Upstream input,8.878232931343906e-08,0.5896335360036256,1.5057204838649672e-05,"('IPCC 2021', 'climate change', 'GWP 100a, incl. H')","climate change — GWP 100a, incl. H (premise_gwp)",kg CO2-Eq
Generic,Coal gasification with CCS,Fossil feedstock,Upstream input,1.9023075498580407e-06,0.5896335360036256,0.00032262539928637024,"('IPCC 2021', 'climate change', 'GWP 100a, incl. H')","climate change — GWP 100a, incl. H (premise_gwp)",kg CO2-Eq
Generic,Coal gasification with CCS,Infrastructure,Upstream input,3.161683264900461e-08,0.5896335360036256,5.362115741125383e-06,"('IPCC 2021', 'climate change', 'GWP 100a, incl. H')","climate change — GWP 100a, incl. H (premise_gwp)",kg CO2-Eq
Generic,Coal gasification with CCS,Other direct emissions,Other direct emissions,2.7143599172416695e-06,0.5896335360036256,0.00046034693610523867,"('IPCC 2021', 'climate change', 'GWP 100a, incl. H')","climate change — GWP 100a, incl. H (premise_gwp)",kg CO2-Eq
Generic,Coal gasification with CCS,Other raw materials,Upstream input,1.623379117929829e-08,0.5896335360036256,2.7532001129593946e-06,"('IPCC 2021', 'climate change', 'GWP 100a, incl. H')","climate change — GWP 100a, incl. H (premise_gwp)",kg CO2-Eq
Generic,Coal gasification with CCS,Transport services,Upstream input,7.340350267709337e-09,0.5896335360036256,1.2449004033013824e-06,"('IPCC 2021', 'climate change', 'GWP 100a, incl. H')","climate change — GWP 100a, incl. H (premise_gwp)",kg CO2-Eq
Generic,Coal gasification with CCS,Waste treatment,Upstream input,7.039397445421946e-10,0.5896335360036256,1.1938597477228061e-07,"('IPCC 2021', 'climate change', 'GWP 100a, incl. H')","climate change — GWP 100a, incl. H (premise_gwp)",kg CO2-Eq
Generic,Coal gasification with CCS,Water,Upstream input,1.5717292460344134e-08,0.5896335360036256,2.6656035487519303e-06,"('IPCC 2021', 'climate change', 'GWP 100a, incl. H')","climate change — GWP 100a, incl. H (premise_gwp)",kg CO2-Eq
Generic,PEM electrolysis,Electricity,Upstream input,0.38746819891061884,0.5896335360036256,65.71339234480658,"('IPCC 2021', 'climate change', 'GWP 100a, incl. H')","climate change — GWP 100a, incl. H (premise_gwp)",kg CO2-Eq
Generic,PEM electrolysis,Infrastructure,Upstream input,0.020794403962217795,0.5896335360036256,3.5266657495699043,"('IPCC 2021', 'climate change', 'GWP 100a, incl. H')","climate change — GWP 100a, incl. H (premise_gwp)",kg CO2-Eq
Generic,PEM electrolysis,Other direct emissions,Other direct emissions,0.0,0.5896335360036256,0.0,"('IPCC 2021', 'climate change', 'GWP 100a, incl. H')","climate change — GWP 100a, incl. H (premise_gwp)",kg CO2-Eq
Generic,PEM electrolysis,Waste treatment,Upstream input,0.0004813249310642286,0.5896335360036256,0.0816312000037374,"('IPCC 2021', 'climate change', 'GWP 100a, incl. H')","climate change — GWP 100a, incl. H (premise_gwp)",kg CO2-Eq
Generic,PEM electrolysis,Water,Upstream input,0.00022295881964054263,0.5896335360036256,0.03781311713572067,"('IPCC 2021', 'climate change', 'GWP 100a, incl. H')","climate change — GWP 100a, incl. H (premise_gwp)",kg CO2-Eq
Generic,Steam methane reforming with CCS,CO2 capture and storage,Upstream input,0.0001058008596168653,0.5896335360036256,0.017943494247961968,"('IPCC 2021', 'climate change', 'GWP 100a, incl. H')","climate change — GWP 100a, incl. H (premise_gwp)",kg CO2-Eq
Generic,Steam methane reforming with CCS,Electricity,Upstream input,1.383477880829659e-06,0.5896335360036256,0.0002346335132507036,"('IPCC 2021', 'climate change', 'GWP 100a, incl. H')","climate change — GWP 100a, incl. H (premise_gwp)",kg CO2-Eq
Generic,Steam methane reforming with CCS,Fossil feedstock,Upstream input,0.0015327735122081646,0.5896335360036256,0.2599535844919682,"('IPCC 2021', 'climate change', 'GWP 100a, incl. H')","climate change — GWP 100a, incl. H (premise_gwp)",kg CO2-Eq
Generic,Steam methane reforming with CCS,Infrastructure,Upstream input,9.976493422893023e-05,0.5896335360036256,0.016919820216656875,"('IPCC 2021', 'climate change', 'GWP 100a, incl. H')","climate change — GWP 100a, incl. H (premise_gwp)",kg CO2-Eq
Generic,Steam methane reforming with CCS,Other direct emissions,Other direct emissions,1.232480893776289e-05,0.5896335360036256,0.002090248974184383,"('IPCC 2021', 'climate change', 'GWP 100a, incl. H')","climate change — GWP 100a, incl. H (premise_gwp)",kg CO2-Eq
Generic,Steam methane reforming with CCS,Other raw materials,Upstream input,4.045259437134819e-05,0.5896335360036256,0.006860633241033878,"('IPCC 2021', 'climate change', 'GWP 100a, incl. H')","climate change — GWP 100a, incl. H (premise_gwp)",kg CO2-Eq
Generic,Steam methane reforming with CCS,Water,Upstream input,2.489761063063154e-06,0.5896335360036256,0.00042225567425117504,"('IPCC 2021', 'climate change', 'GWP 100a, incl. H')","climate change — GWP 100a, incl. H (premise_gwp)",kg CO2-Eq
Other end uses,Biomass gasification,Biomass feedstock,Upstream input,4.517839236865482e-07,0.6529844444129502,6.918754765938009e-05,"('IPCC 2021', 'climate change', 'GWP 100a, incl. H')","climate change — GWP 100a, incl. H (premise_gwp)",kg CO2-Eq
Other end uses,Biomass gasification,Infrastructure,Upstream input,8.33263787653443e-09,0.6529844444129502,1.2760852035343179e-06,"('IPCC 2021', 'climate change', 'GWP 100a, incl. H')","climate change — GWP 100a, incl. H (premise_gwp)",kg CO2-Eq
Other end uses,Biomass gasification,Other direct emissions,Other direct emissions,0.0,0.6529844444129502,0.0,"('IPCC 2021', 'climate change', 'GWP 100a, incl. H')","climate change — GWP 100a, incl. H (premise_gwp)",kg CO2-Eq
Other end uses,Biomass gasification,Water,Upstream input,1.4371748429832445e-08,0.6529844444129502,2.2009327408638374e-06,"('IPCC 2021', 'climate change', 'GWP 100a, incl. H')","climate change — GWP 100a, incl. H (premise_gwp)",kg CO2-Eq
Other end uses,Biomass gasification with CCS,Biomass feedstock,Upstream input,0.0414256464849626,0.6529844444129502,6.344047984512912,"('IPCC 2021', 'climate change', 'GWP 100a, incl. H')","climate change — GWP 100a, incl. H (premise_gwp)",kg CO2-Eq
Other end uses,Biomass gasification with CCS,CO2 capture and storage,Upstream input,0.02432679253423312,0.6529844444129502,3.7254781093757185,"('IPCC 2021', 'climate change', 'GWP 100a, incl. H')","climate change — GWP 100a, incl. H (premise_gwp)",kg CO2-Eq
Other end uses,Biomass gasification with CCS,Infrastructure,Upstream input,0.000764048680935396,0.6529844444129502,0.11700871092301368,"('IPCC 2021', 'climate change', 'GWP 100a, incl. H')","climate change — GWP 100a, incl. H (premise_gwp)",kg CO2-Eq
Other end uses,Biomass gasification with CCS,Other direct emissions,Other direct emissions,0.0,0.6529844444129502,0.0,"('IPCC 2021', 'climate change', 'GWP 100a, incl. H')","climate change — GWP 100a, incl. H (premise_gwp)",kg CO2-Eq
Other end uses,Biomass gasification with CCS,Water,Upstream input,0.00131863967587445,0.6529844444129502,0.20194044240363812,"('IPCC 2021', 'climate change', 'GWP 100a, incl. H')","climate change — GWP 100a, incl. H (premise_gwp)",kg CO2-Eq
Other end uses,Coal gasification with CCS,Ammonia leakage,Ammonia leakage,0.0,0.6529844444129502,0.0,"('IPCC 2021', 'climate change', 'GWP 100a, incl. H')","climate change — GWP 100a, incl. H (premise_gwp)",kg CO2-Eq
Other end uses,Coal gasification with CCS,CO2 capture and storage,Upstream input,6.238490650069396e-08,0.6529844444129502,9.553812044753929e-06,"('IPCC 2021', 'climate change', 'GWP 100a, incl. H')","climate change — GWP 100a, incl. H (premise_gwp)",kg CO2-Eq
Other end uses,Coal gasification with CCS,Electricity,Upstream input,8.878232931343906e-08,0.6529844444129502,1.3596392697111897e-05,"('IPCC 2021', 'climate change', 'GWP 100a, incl. H')","climate change — GWP 100a, incl. H (premise_gwp)",kg CO2-Eq
Other end uses,Coal gasification with CCS,Fossil feedstock,Upstream input,1.9023075498580407e-06,0.6529844444129502,0.00029132509451557673,"('IPCC 2021', 'climate change', 'GWP 100a, incl. H')","climate change — GWP 100a, incl. H (premise_gwp)",kg CO2-Eq
Other end uses,Coal gasification with CCS,Infrastructure,Upstream input,3.161683264900461e-08,0.6529844444129502,4.8418967587243145e-06,"('IPCC 2021', 'climate change', 'GWP 100a, incl. H')","climate change — GWP 100a, incl. H (premise_gwp)",kg CO2-Eq
Other end uses,Coal gasification with CCS,Other direct emissions,Other direct emissions,2.7143599172416695e-06,0.6529844444129502,0.00041568523422972947,"('IPCC 2021', 'climate change', 'GWP 100a, incl. H')","climate change — GWP 100a, incl. H (premise_gwp)",kg CO2-Eq
Other end uses,Coal gasification with CCS,Other raw materials,Upstream input,1.623379117929829e-08,0.6529844444129502,2.4860915628538265e-06,"('IPCC 2021', 'climate change', 'GWP 100a, incl. H')","climate change — GWP 100a, incl. H (premise_gwp)",kg CO2-Eq
Other end uses,Coal gasification with CCS,Transport services,Upstream input,7.340350267709337e-09,0.6529844444129502,1.12412329734876e-06,"('IPCC 2021', 'climate change', 'GWP 100a, incl. H')","climate change — GWP 100a, incl. H (premise_gwp)",kg CO2-Eq
Other end uses,Coal gasification with CCS,Waste treatment,Upstream input,7.039397445421946e-10,0.6529844444129502,1.0780344777968707e-07,"('IPCC 2021', 'climate change', 'GWP 100a, incl. H')","climate change — GWP 100a, incl. H (premise_gwp)",kg CO2-Eq
Other end uses,Coal gasification with CCS,Water,Upstream input,1.5717292460344134e-08,0.6529844444129502,2.406993396982739e-06,"('IPCC 2021', 'climate change', 'GWP 100a, incl. H')","climate change — GWP 100a, incl. H (premise_gwp)",kg CO2-Eq
Other end uses,PEM electrolysis,Electricity,Upstream input,0.38746819891061884,0.6529844444129502,59.33804430195312,"('IPCC 2021', 'climate change', 'GWP 100a, incl. H')","climate change — GWP 100a, incl. H (premise_gwp)",kg CO2-Eq
Other end uses,PEM electrolysis,Infrastructure,Upstream input,0.020794403962217795,0.6529844444129502,3.1845175088225104,"('IPCC 2021', 'climate change', 'GWP 100a, incl. H')","climate change — GWP 100a, incl. H (premise_gwp)",kg CO2-Eq
Other end uses,PEM electrolysis,Other direct emissions,Other direct emissions,0.0,0.6529844444129502,0.0,"('IPCC 2021', 'climate change', 'GWP 100a, incl. H')","climate change — GWP 100a, incl. H (premise_gwp)",kg CO2-Eq
Other end uses,PEM electrolysis,Waste treatment,Upstream input,0.0004813249310642286,0.6529844444129502,0.07371154629831221,"('IPCC 2021', 'climate change', 'GWP 100a, incl. H')","climate change — GWP 100a, incl. H (premise_gwp)",kg CO2-Eq
Other end uses,PEM electrolysis,Water,Upstream input,0.00022295881964054263,0.6529844444129502,0.03414458361883158,"('IPCC 2021', 'climate change', 'GWP 100a, incl. H')","climate change — GWP 100a, incl. H (premise_gwp)",kg CO2-Eq
Other end uses,Steam methane reforming with CCS,CO2 capture and storage,Upstream input,0.0001058008596168653,0.6529844444129502,0.016202661567532896,"('IPCC 2021', 'climate change', 'GWP 100a, incl. H')","climate change — GWP 100a, incl. H (premise_gwp)",kg CO2-Eq
Other end uses,Steam methane reforming with CCS,Electricity,Upstream input,1.383477880829659e-06,0.6529844444129502,0.00021186995994574434,"('IPCC 2021', 'climate change', 'GWP 100a, incl. H')","climate change — GWP 100a, incl. H (premise_gwp)",kg CO2-Eq
Other end uses,Steam methane reforming with CCS,Fossil feedstock,Upstream input,0.0015327735122081646,0.6529844444129502,0.23473354156026907,"('IPCC 2021', 'climate change', 'GWP 100a, incl. H')","climate change — GWP 100a, incl. H (premise_gwp)",kg CO2-Eq
Other end uses,Steam methane reforming with CCS,Infrastructure,Upstream input,9.976493422893023e-05,0.6529844444129502,0.015278301815998308,"('IPCC 2021', 'climate change', 'GWP 100a, incl. H')","climate change — GWP 100a, incl. H (premise_gwp)",kg CO2-Eq
Other end uses,Steam methane reforming with CCS,Other direct emissions,Other direct emissions,1.232480893776289e-05,0.6529844444129502,0.0018874582761069,"('IPCC 2021', 'climate change', 'GWP 100a, incl. H')","climate change — GWP 100a, incl. H (premise_gwp)",kg CO2-Eq
Other end uses,Steam methane reforming with CCS,Other raw materials,Upstream input,4.045259437134819e-05,0.6529844444129502,0.006195031859865531,"('IPCC 2021', 'climate change', 'GWP 100a, incl. H')","climate change — GWP 100a, incl. H (premise_gwp)",kg CO2-Eq
Other end uses,Steam methane reforming with CCS,Water,Upstream input,2.489761063063154e-06,0.6529844444129502,0.00038128949079353845,"('IPCC 2021', 'climate change', 'GWP 100a, incl. H')","climate change — GWP 100a, incl. H (premise_gwp)",kg CO2-Eq
Steel,Biomass gasification,Biomass feedstock,Upstream input,4.517839236865482e-07,0.6477818763424286,6.974321761477123e-05,"('IPCC 2021', 'climate change', 'GWP 100a, incl. H')","climate change — GWP 100a, incl. H (premise_gwp)",kg CO2-Eq
Steel,Biomass gasification,Infrastructure,Upstream input,8.33263787653443e-09,0.6477818763424286,1.2863339004763474e-06,"('IPCC 2021', 'climate change', 'GWP 100a, incl. H')","climate change — GWP 100a, incl. H (premise_gwp)",kg CO2-Eq
Steel,Biomass gasification,Other direct emissions,Other direct emissions,0.0,0.6477818763424286,0.0,"('IPCC 2021', 'climate change', 'GWP 100a, incl. H')","climate change — GWP 100a, incl. H (premise_gwp)",kg CO2-Eq
Steel,Biomass gasification,Water,Upstream input,1.4371748429832445e-08,0.6477818763424286,2.218609219353228e-06,"('IPCC 2021', 'climate change', 'GWP 100a, incl. H')","climate change — GWP 100a, incl. H (premise_gwp)",kg CO2-Eq
Steel,Biomass gasification with CCS,Biomass feedstock,Upstream input,0.0414256464849626,0.6477818763424286,6.39499930422016,"('IPCC 2021', 'climate change', 'GWP 100a, incl. H')","climate change — GWP 100a, incl. H (premise_gwp)",kg CO2-Eq
Steel,Biomass gasification with CCS,CO2 capture and storage,Upstream input,0.02432679253423312,0.6477818763424286,3.7553987573084804,"('IPCC 2021', 'climate change', 'GWP 100a, incl. H')","climate change — GWP 100a, incl. H (premise_gwp)",kg CO2-Eq
Steel,Biomass gasification with CCS,Infrastructure,Upstream input,0.000764048680935396,0.6477818763424286,0.11794844975432853,"('IPCC 2021', 'climate change', 'GWP 100a, incl. H')","climate change — GWP 100a, incl. H (premise_gwp)",kg CO2-Eq
Steel,Biomass gasification with CCS,Other direct emissions,Other direct emissions,0.0,0.6477818763424286,0.0,"('IPCC 2021', 'climate change', 'GWP 100a, incl. H')","climate change — GWP 100a, incl. H (premise_gwp)",kg CO2-Eq
Steel,Biomass gasification with CCS,Water,Upstream input,0.00131863967587445,0.6477818763424286,0.20356229836498152,"('IPCC 2021', 'climate change', 'GWP 100a, incl. H')","climate change — GWP 100a, incl. H (premise_gwp)",kg CO2-Eq
Steel,Coal gasification with CCS,Ammonia leakage,Ammonia leakage,0.0,0.6477818763424286,0.0,"('IPCC 2021', 'climate change', 'GWP 100a, incl. H')","climate change — GWP 100a, incl. H (premise_gwp)",kg CO2-Eq
Steel,Coal gasification with CCS,CO2 capture and storage,Upstream input,6.238490650069396e-08,0.6477818763424286,9.630542128306818e-06,"('IPCC 2021', 'climate change', 'GWP 100a, incl. H')","climate change — GWP 100a, incl. H (premise_gwp)",kg CO2-Eq
Steel,Coal gasification with CCS,Electricity,Upstream input,8.878232931343906e-08,0.6477818763424286,1.3705590192601684e-05,"('IPCC 2021', 'climate change', 'GWP 100a, incl. H')","climate change — GWP 100a, incl. H (premise_gwp)",kg CO2-Eq
Steel,Coal gasification with CCS,Fossil feedstock,Upstream input,1.9023075498580407e-06,0.6477818763424286,0.0002936648306061049,"('IPCC 2021', 'climate change', 'GWP 100a, incl. H')","climate change — GWP 100a, incl. H (premise_gwp)",kg CO2-Eq
Steel,Coal gasification with CCS,Infrastructure,Upstream input,3.161683264900461e-08,0.6477818763424286,4.880783764362591e-06,"('IPCC 2021', 'climate change', 'GWP 100a, incl. H')","climate change — GWP 100a, incl. H (premise_gwp)",kg CO2-Eq
Steel,Coal gasification with CCS,Other direct emissions,Other direct emissions,2.7143599172416695e-06,0.6477818763424286,0.000419023751107049,"('IPCC 2021', 'climate change', 'GWP 100a, incl. H')","climate change — GWP 100a, incl. H (premise_gwp)",kg CO2-Eq
Steel,Coal gasification with CCS,Other raw materials,Upstream input,1.623379117929829e-08,0.6477818763424286,2.5060582538923692e-06,"('IPCC 2021', 'climate change', 'GWP 100a, incl. H')","climate change — GWP 100a, incl. H (premise_gwp)",kg CO2-Eq
Steel,Coal gasification with CCS,Transport services,Upstream input,7.340350267709337e-09,0.6477818763424286,1.1331515338396257e-06,"('IPCC 2021', 'climate change', 'GWP 100a, incl. H')","climate change — GWP 100a, incl. H (premise_gwp)",kg CO2-Eq
Steel,Coal gasification with CCS,Waste treatment,Upstream input,7.039397445421946e-10,0.6477818763424286,1.0866925584841155e-07,"('IPCC 2021', 'climate change', 'GWP 100a, incl. H')","climate change — GWP 100a, incl. H (premise_gwp)",kg CO2-Eq
Steel,Coal gasification with CCS,Water,Upstream input,1.5717292460344134e-08,0.6477818763424286,2.42632482234432e-06,"('IPCC 2021', 'climate change', 'GWP 100a, incl. H')","climate change — GWP 100a, incl. H (premise_gwp)",kg CO2-Eq
Steel,PEM electrolysis,Electricity,Upstream input,0.38746819891061884,0.6477818763424286,59.81460937104028,"('IPCC 2021', 'climate change', 'GWP 100a, incl. H')","climate change — GWP 100a, incl. H (premise_gwp)",kg CO2-Eq
Steel,PEM electrolysis,Infrastructure,Upstream input,0.020794403962217795,0.6477818763424286,3.21009350857873,"('IPCC 2021', 'climate change', 'GWP 100a, incl. H')","climate change — GWP 100a, incl. H (premise_gwp)",kg CO2-Eq
Steel,PEM electrolysis,Other direct emissions,Other direct emissions,0.0,0.6477818763424286,0.0,"('IPCC 2021', 'climate change', 'GWP 100a, incl. H')","climate change — GWP 100a, incl. H (premise_gwp)",kg CO2-Eq
Steel,PEM electrolysis,Waste treatment,Upstream input,0.0004813249310642286,0.6477818763424286,0.07430355010577541,"('IPCC 2021', 'climate change', 'GWP 100a, incl. H')","climate change — GWP 100a, incl. H (premise_gwp)",kg CO2-Eq
Steel,PEM electrolysis,Water,Upstream input,0.00022295881964054263,0.6477818763424286,0.03441881098919211,"('IPCC 2021', 'climate change', 'GWP 100a, incl. H')","climate change — GWP 100a, incl. H (premise_gwp)",kg CO2-Eq
Steel,Steam methane reforming with CCS,CO2 capture and storage,Upstream input,0.0001058008596168653,0.6477818763424286,0.016332790941026135,"('IPCC 2021', 'climate change', 'GWP 100a, incl. H')","climate change — GWP 100a, incl. H (premise_gwp)",kg CO2-Eq
Steel,Steam methane reforming with CCS,Electricity,Upstream input,1.383477880829659e-06,0.6477818763424286,0.00021357156341594356,"('IPCC 2021', 'climate change', 'GWP 100a, incl. H')","climate change — GWP 100a, incl. H (premise_gwp)",kg CO2-Eq
Steel,Steam methane reforming with CCS,Fossil feedstock,Upstream input,0.0015327735122081646,0.6477818763424286,0.2366187706366015,"('IPCC 2021', 'climate change', 'GWP 100a, incl. H')","climate change — GWP 100a, incl. H (premise_gwp)",kg CO2-Eq
Steel,Steam methane reforming with CCS,Infrastructure,Upstream input,9.976493422893023e-05,0.6477818763424286,0.01540100732552647,"('IPCC 2021', 'climate change', 'GWP 100a, incl. H')","climate change — GWP 100a, incl. H (premise_gwp)",kg CO2-Eq
Steel,Steam methane reforming with CCS,Other direct emissions,Other direct emissions,1.232480893776289e-05,0.6477818763424286,0.0019026171289867617,"('IPCC 2021', 'climate change', 'GWP 100a, incl. H')","climate change — GWP 100a, incl. H (premise_gwp)",kg CO2-Eq
Steel,Steam methane reforming with CCS,Other raw materials,Upstream input,4.045259437134819e-05,0.6477818763424286,0.006244786377747355,"('IPCC 2021', 'climate change', 'GWP 100a, incl. H')","climate change — GWP 100a, incl. H (premise_gwp)",kg CO2-Eq
Steel,Steam methane reforming with CCS,Water,Upstream input,2.489761063063154e-06,0.6477818763424286,0.0003843517631461217,"('IPCC 2021', 'climate change', 'GWP 100a, incl. H')","climate change — GWP 100a, incl. H (premise_gwp)",kg CO2-Eq
Transport,Biomass gasification,Biomass feedstock,Upstream input,4.517839236865482e-07,0.6179114282145076,7.311467356931804e-05,"('IPCC 2021', 'climate change', 'GWP 100a, incl. H')","climate change — GWP 100a, incl. H (premise_gwp)",kg CO2-Eq
Transport,Biomass gasification,Infrastructure,Upstream input,8.33263787653443e-09,0.6179114282145076,1.3485165504402615e-06,"('IPCC 2021', 'climate change', 'GWP 100a, incl. H')","climate change — GWP 100a, incl. H (premise_gwp)",kg CO2-Eq
Transport,Biomass gasification,Other direct emissions,Other direct emissions,0.0,0.6179114282145076,0.0,"('IPCC 2021', 'climate change', 'GWP 100a, incl. H')","climate change — GWP 100a, incl. H (premise_gwp)",kg CO2-Eq
Transport,Biomass gasification,Water,Upstream input,1.4371748429832445e-08,0.6179114282145076,2.3258589780999e-06,"('IPCC 2021', 'climate change', 'GWP 100a, incl. H')","climate change — GWP 100a, incl. H (premise_gwp)",kg CO2-Eq
Transport,Biomass gasification with CCS,Biomass feedstock,Upstream input,0.0414256464849626,0.6179114282145076,6.704139880478422,"('IPCC 2021', 'climate change', 'GWP 100a, incl. H')","climate change — GWP 100a, incl. H (premise_gwp)",kg CO2-Eq
Transport,Biomass gasification with CCS,CO2 capture and storage,Upstream input,0.02432679253423312,0.6179114282145076,3.936938438657277,"('IPCC 2021', 'climate change', 'GWP 100a, incl. H')","climate change — GWP 100a, incl. H (premise_gwp)",kg CO2-Eq
Transport,Biomass gasification with CCS,Infrastructure,Upstream input,0.000764048680935396,0.6179114282145076,0.12365019419420041,"('IPCC 2021', 'climate change', 'GWP 100a, incl. H')","climate change — GWP 100a, incl. H (premise_gwp)",kg CO2-Eq
Transport,Biomass gasification with CCS,Other direct emissions,Other direct emissions,0.0,0.6179114282145076,0.0,"('IPCC 2021', 'climate change', 'GWP 100a, incl. H')","climate change — GWP 100a, incl. H (premise_gwp)",kg CO2-Eq
Transport,Biomass gasification with CCS,Water,Upstream input,0.00131863967587445,0.6179114282145076,0.21340270072115983,"('IPCC 2021', 'climate change', 'GWP 100a, incl. H')","climate change — GWP 100a, incl. H (premise_gwp)",kg CO2-Eq
Transport,Coal gasification with CCS,Ammonia leakage,Ammonia leakage,0.0,0.6179114282145076,0.0,"('IPCC 2021', 'climate change', 'GWP 100a, incl. H')","climate change — GWP 100a, incl. H (premise_gwp)",kg CO2-Eq
Transport,Coal gasification with CCS,CO2 capture and storage,Upstream input,6.238490650069396e-08,0.6179114282145076,1.009609203716444e-05,"('IPCC 2021', 'climate change', 'GWP 100a, incl. H')","climate change — GWP 100a, incl. H (premise_gwp)",kg CO2-Eq
Transport,Coal gasification with CCS,Electricity,Upstream input,8.878232931343906e-08,0.6179114282145076,1.436813194570312e-05,"('IPCC 2021', 'climate change', 'GWP 100a, incl. H')","climate change — GWP 100a, incl. H (premise_gwp)",kg CO2-Eq
Transport,Coal gasification with CCS,Fossil feedstock,Upstream input,1.9023075498580407e-06,0.6179114282145076,0.00030786087827423315,"('IPCC 2021', 'climate change', 'GWP 100a, incl. H')","climate change — GWP 100a, incl. H (premise_gwp)",kg CO2-Eq
Transport,Coal gasification with CCS,Infrastructure,Upstream input,3.161683264900461e-08,0.6179114282145076,5.116725667360345e-06,"('IPCC 2021', 'climate change', 'GWP 100a, incl. H')","climate change — GWP 100a, incl. H (premise_gwp)",kg CO2-Eq
Transport,Coal gasification with CCS,Other direct emissions,Other direct emissions,2.7143599172416695e-06,0.6179114282145076,0.0004392797726827899,"('IPCC 2021', 'climate change', 'GWP 100a, incl. H')","climate change — GWP 100a, incl. H (premise_gwp)",kg CO2-Eq
Transport,Coal gasification with CCS,Other raw materials,Upstream input,1.623379117929829e-08,0.6179114282145076,2.627203582592219e-06,"('IPCC 2021', 'climate change', 'GWP 100a, incl. H')","climate change — GWP 100a, incl. H (premise_gwp)",kg CO2-Eq
Transport,Coal gasification with CCS,Transport services,Upstream input,7.340350267709337e-09,0.6179114282145076,1.1879291970565623e-06,"('IPCC 2021', 'climate change', 'GWP 100a, incl. H')","climate change — GWP 100a, incl. H (premise_gwp)",kg CO2-Eq
Transport,Coal gasification with CCS,Waste treatment,Upstream input,7.039397445421946e-10,0.6179114282145076,1.1392243489916848e-07,"('IPCC 2021', 'climate change', 'GWP 100a, incl. H')","climate change — GWP 100a, incl. H (premise_gwp)",kg CO2-Eq
Transport,Coal gasification with CCS,Water,Upstream input,1.5717292460344134e-08,0.6179114282145076,2.543615758290828e-06,"('IPCC 2021', 'climate change', 'GWP 100a, incl. H')","climate change — GWP 100a, incl. H (premise_gwp)",kg CO2-Eq
Transport,PEM electrolysis,Electricity,Upstream input,0.38746819891061884,0.6179114282145076,62.706106606610525,"('IPCC 2021', 'climate change', 'GWP 100a, incl. H')","climate change — GWP 100a, incl. H (premise_gwp)",kg CO2-Eq
Transport,PEM electrolysis,Infrastructure,Upstream input,0.020794403962217795,0.6179114282145076,3.3652725961558083,"('IPCC 2021', 'climate change', 'GWP 100a, incl. H')","climate change — GWP 100a, incl. H (premise_gwp)",kg CO2-Eq
Transport,PEM electrolysis,Other direct emissions,Other direct emissions,0.0,0.6179114282145076,0.0,"('IPCC 2021', 'climate change', 'GWP 100a, incl. H')","climate change — GWP 100a, incl. H (premise_gwp)",kg CO2-Eq
Transport,PEM electrolysis,Waste treatment,Upstream input,0.0004813249310642286,0.6179114282145076,0.07789545703257925,"('IPCC 2021', 'climate change', 'GWP 100a, incl. H')","climate change — GWP 100a, incl. H (premise_gwp)",kg CO2-Eq
Transport,PEM electrolysis,Water,Upstream input,0.00022295881964054263,0.6179114282145076,0.03608265027316222,"('IPCC 2021', 'climate change', 'GWP 100a, incl. H')","climate change — GWP 100a, incl. H (premise_gwp)",kg CO2-Eq
Transport,Steam methane reforming with CCS,CO2 capture and storage,Upstream input,0.0001058008596168653,0.6179114282145076,0.017122334170543384,"('IPCC 2021', 'climate change', 'GWP 100a, incl. H')","climate change — GWP 100a, incl. H (premise_gwp)",kg CO2-Eq
Transport,Steam methane reforming with CCS,Electricity,Upstream input,1.383477880829659e-06,0.6179114282145076,0.00022389582352074338,"('IPCC 2021', 'climate change', 'GWP 100a, incl. H')","climate change — GWP 100a, incl. H (premise_gwp)",kg CO2-Eq
Transport,Steam methane reforming with CCS,Fossil feedstock,Upstream input,0.0015327735122081646,0.6179114282145076,0.24805715547893428,"('IPCC 2021', 'climate change', 'GWP 100a, incl. H')","climate change — GWP 100a, incl. H (premise_gwp)",kg CO2-Eq
Transport,Steam methane reforming with CCS,Infrastructure,Upstream input,9.976493422893023e-05,0.6179114282145076,0.016145507215687374,"('IPCC 2021', 'climate change', 'GWP 100a, incl. H')","climate change — GWP 100a, incl. H (premise_gwp)",kg CO2-Eq
Transport,Steam methane reforming with CCS,Other direct emissions,Other direct emissions,1.232480893776289e-05,0.6179114282145076,0.00199459151829837,"('IPCC 2021', 'climate change', 'GWP 100a, incl. H')","climate change — GWP 100a, incl. H (premise_gwp)",kg CO2-Eq
Transport,Steam methane reforming with CCS,Other raw materials,Upstream input,4.045259437134819e-05,0.6179114282145076,0.006546665512926085,"('IPCC 2021', 'climate change', 'GWP 100a, incl. H')","climate change — GWP 100a, incl. H (premise_gwp)",kg CO2-Eq
Transport,Steam methane reforming with CCS,Water,Upstream input,2.489761063063154e-06,0.6179114282145076,0.00040293170661327124,"('IPCC 2021', 'climate change', 'GWP 100a, incl. H')","climate change — GWP 100a, incl. H (premise_gwp)",kg CO2-Eq
