file,sha256,models,scenarios,rows,variables_units,region_count,regions,years,capacity,new_capacity,cumulative_capacity,stock_transport,sales_transport,lifetime,retirement,cohort,service
image 3.4/IMAGE 3.4_SSP1_L.xlsx,172e9052ee78f556d42f5d4d71b2c3b1750b6c7d188627e26a59286d3afacad5,IMAGE 3.4,SSP1_L,27490,1026,27,BRA;CAN;CEU;CHN;EAF;INDIA;INDO;JAP;KOR;ME;MEX;NAF;OCE;RCAM;RSAF;RSAM;RSAS;RUS;SAF;SEAS;STAN;TUR;UKR;USA;WAF;WEU;World,2005;2010;2015;2020;2025;2030;2035;2040;2045;2050;2060;2070;2080;2090;2100,0,0,0,0,0,0,0,0,47
image 3.4/IMAGE 3.4_SSP1_M.xlsx,02fc8e56df08aa794abed360f57ae98310ab919fd0cacc219de024234a19abaa,IMAGE 3.4,SSP1_M,27490,1026,27,BRA;CAN;CEU;CHN;EAF;INDIA;INDO;JAP;KOR;ME;MEX;NAF;OCE;RCAM;RSAF;RSAM;RSAS;RUS;SAF;SEAS;STAN;TUR;UKR;USA;WAF;WEU;World,2005;2010;2015;2020;2025;2030;2035;2040;2045;2050;2060;2070;2080;2090;2100,0,0,0,0,0,0,0,0,47
image 3.4/IMAGE 3.4_SSP1_VLLO.xlsx,faa724c74a73978fd1e274e8556b6504813d230137608d3b20029571b6200c96,IMAGE 3.4,SSP1_VLLO,27490,1026,27,BRA;CAN;CEU;CHN;EAF;INDIA;INDO;JAP;KOR;ME;MEX;NAF;OCE;RCAM;RSAF;RSAM;RSAS;RUS;SAF;SEAS;STAN;TUR;UKR;USA;WAF;WEU;World,2005;2010;2015;2020;2025;2030;2035;2040;2045;2050;2060;2070;2080;2090;2100,0,0,0,0,0,0,0,0,47
image 3.4/IMAGE 3.4_SSP2_L.xlsx,3a5e6d253128c093594f2afa5ed550254da51a8527c34ca6045b37f209d82885,IMAGE 3.4,SSP2_L,27490,1026,27,BRA;CAN;CEU;CHN;EAF;INDIA;INDO;JAP;KOR;ME;MEX;NAF;OCE;RCAM;RSAF;RSAM;RSAS;RUS;SAF;SEAS;STAN;TUR;UKR;USA;WAF;WEU;World,2005;2010;2015;2020;2025;2030;2035;2040;2045;2050;2060;2070;2080;2090;2100,0,0,0,0,0,0,0,0,47
image 3.4/IMAGE 3.4_SSP2_M_CP.xlsx,b016a2f273bf58fd6c6559bfd3ada03e027acf4fe13406772e04bef03bf5e3d8,IMAGE 3.4,SSP2_M_CP,27490,1026,27,BRA;CAN;CEU;CHN;EAF;INDIA;INDO;JAP;KOR;ME;MEX;NAF;OCE;RCAM;RSAF;RSAM;RSAS;RUS;SAF;SEAS;STAN;TUR;UKR;USA;WAF;WEU;World,2005;2010;2015;2020;2025;2030;2035;2040;2045;2050;2060;2070;2080;2090;2100,0,0,0,0,0,0,0,0,47
image 3.4/IMAGE 3.4_SSP2_VLHO.xlsx,5165bf32699d23411fb5399ad7cfa91b0597ecc61cbf38236a09583d29e9013d,IMAGE 3.4,SSP2_VLHO;SSP2_VLLO,27517,1027,27,BRA;CAN;CEU;CHN;EAF;INDIA;INDO;JAP;KOR;ME;MEX;NAF;OCE;RCAM;RSAF;RSAM;RSAS;RUS;SAF;SEAS;STAN;TUR;UKR;USA;WAF;WEU;World,2005;2010;2015;2020;2025;2030;2035;2040;2045;2050;2060;2070;2080;2090;2100,0,0,0,0,0,0,0,0,47
image 3.4/IMAGE 3.4_SSP3_H.xlsx,74e8b394380c0c1bace92aae5751b05bfcb3a60c90653d93e58104424042a576,IMAGE 3.4,SSP3_H,27490,1026,27,BRA;CAN;CEU;CHN;EAF;INDIA;INDO;JAP;KOR;ME;MEX;NAF;OCE;RCAM;RSAF;RSAM;RSAS;RUS;SAF;SEAS;STAN;TUR;UKR;USA;WAF;WEU;World,2005;2010;2015;2020;2025;2030;2035;2040;2045;2050;2060;2070;2080;2090;2100,0,0,0,0,0,0,0,0,47
image 3.4/IMAGE 3.4_SSP5_H.xlsx,c61d9a5e3c4bf489a0b869029946f848e5759215480720f3d5ce79e23183cfee,IMAGE 3.4,SSP5_H,27490,1026,27,BRA;CAN;CEU;CHN;EAF;INDIA;INDO;JAP;KOR;ME;MEX;NAF;OCE;RCAM;RSAF;RSAM;RSAS;RUS;SAF;SEAS;STAN;TUR;UKR;USA;WAF;WEU;World,2005;2010;2015;2020;2025;2030;2035;2040;2045;2050;2060;2070;2080;2090;2100,0,0,0,0,0,0,0,0,47
remind 3.5.2/REMIND_generic_SSP1-NPi2025.mif,4d0dd2dd4e3920b2390407d920416f7640b99bc7b84c6e5d4fbdf3119b915633,REMIND,SSP1-NPi2025,81327,7059,13,CAZ;CHA;EUR;IND;JPN;LAM;MEA;NEU;OAS;REF;SSA;USA;World,2005;2010;2015;2020;2025;2030;2035;2040;2045;2050;2055;2060;2070;2080;2090;2100;2110;2130;2150,76,72,72,123,123,53,0,0,424
remind 3.5.2/REMIND_generic_SSP1-PkBudg1000.mif,e1330643c95c5b4ad585088e1422104ae4b896859e6624899984dc9c360549fc,REMIND,SSP1-PkBudg1000,81331,7059,13,CAZ;CHA;EUR;IND;JPN;LAM;MEA;NEU;OAS;REF;SSA;USA;World,2005;2010;2015;2020;2025;2030;2035;2040;2045;2050;2055;2060;2070;2080;2090;2100;2110;2130;2150,76,72,72,123,123,53,0,0,424
remind 3.5.2/REMIND_generic_SSP1-PkBudg650.mif,fa8bc02b1edcc9e4e6c27d2a05cd657911b0693af143887b5a402269d8edf7b5,REMIND,SSP1-PkBudg650,81335,7059,13,CAZ;CHA;EUR;IND;JPN;LAM;MEA;NEU;OAS;REF;SSA;USA;World,2005;2010;2015;2020;2025;2030;2035;2040;2045;2050;2055;2060;2070;2080;2090;2100;2110;2130;2150,76,72,72,123,123,53,0,0,424
remind 3.5.2/REMIND_generic_SSP2-EU21-NDC.mif,8e0b481b799dce06b5c881d0ada5d64ec66c4fe238ea4645b3d2be5188fcca46,REMIND,SSP2-EU21-NDC,155461,7052,25,CAZ;CHA;DEU;ECE;ECS;ENC;ESC;ESW;EU27;EUR;EWN;FRA;IND;JPN;LAM;MEA;NEN;NES;NEU;OAS;REF;SSA;UKI;USA;World,2005;2010;2015;2020;2025;2030;2035;2040;2045;2050;2055;2060;2070;2080;2090;2100;2110;2130;2150,76,72,72,123,123,53,0,0,424
remind 3.5.2/REMIND_generic_SSP2-EU21-NPi2025.mif,4380e95c615aabecadf5bb2b256faa00d2d49fc6119627a558fc71fba58ee5bb,REMIND,SSP2-EU21-NPi2025,155457,7052,25,CAZ;CHA;DEU;ECE;ECS;ENC;ESC;ESW;EU27;EUR;EWN;FRA;IND;JPN;LAM;MEA;NEN;NES;NEU;OAS;REF;SSA;UKI;USA;World,2005;2010;2015;2020;2025;2030;2035;2040;2045;2050;2055;2060;2070;2080;2090;2100;2110;2130;2150,76,72,72,123,123,53,0,0,424
remind 3.5.2/REMIND_generic_SSP2-EU21-PkBudg1000.mif,64b3080f6fb66e564dce860974ce3a50a46adc4fd8beeb449693872442f4e833,REMIND,SSP2-EU21-PkBudg1000,155457,7052,25,CAZ;CHA;DEU;ECE;ECS;ENC;ESC;ESW;EU27;EUR;EWN;FRA;IND;JPN;LAM;MEA;NEN;NES;NEU;OAS;REF;SSA;UKI;USA;World,2005;2010;2015;2020;2025;2030;2035;2040;2045;2050;2055;2060;2070;2080;2090;2100;2110;2130;2150,76,72,72,123,123,53,0,0,424
remind 3.5.2/REMIND_generic_SSP2-EU21-PkBudg650.mif,0531a1b9715254a1fcd5f24cd2360759891decf9c657b5e5175c3295c057749c,REMIND,SSP2-EU21-PkBudg650,155461,7052,25,CAZ;CHA;DEU;ECE;ECS;ENC;ESC;ESW;EU27;EUR;EWN;FRA;IND;JPN;LAM;MEA;NEN;NES;NEU;OAS;REF;SSA;UKI;USA;World,2005;2010;2015;2020;2025;2030;2035;2040;2045;2050;2055;2060;2070;2080;2090;2100;2110;2130;2150,76,72,72,123,123,53,0,0,424
remind 3.5.2/REMIND_generic_SSP2-NDC.mif,a5e090d6e29968db67ccfe208178b9f56083e7a33ef8a4ca4be59e144bcd2658,REMIND,SSP2-NDC,81325,7059,13,CAZ;CHA;EUR;IND;JPN;LAM;MEA;NEU;OAS;REF;SSA;USA;World,2005;2010;2015;2020;2025;2030;2035;2040;2045;2050;2055;2060;2070;2080;2090;2100;2110;2130;2150,76,72,72,123,123,53,0,0,424
remind 3.5.2/REMIND_generic_SSP2-NPi2025.mif,b19b71690d672b5e5cc2e908eeb5486fe723103f6ab6c852cdffc45486feb6dd,REMIND,SSP2-NPi2025,81321,7059,13,CAZ;CHA;EUR;IND;JPN;LAM;MEA;NEU;OAS;REF;SSA;USA;World,2005;2010;2015;2020;2025;2030;2035;2040;2045;2050;2055;2060;2070;2080;2090;2100;2110;2130;2150,76,72,72,123,123,53,0,0,424
remind 3.5.2/REMIND_generic_SSP2-PkBudg1000.mif,4a1873be2dfdf4ee8b71ab7cf7fcb4f1e7b605d2cd0115f2c216f77d3d515e2e,REMIND,SSP2-PkBudg1000,81325,7059,13,CAZ;CHA;EUR;IND;JPN;LAM;MEA;NEU;OAS;REF;SSA;USA;World,2005;2010;2015;2020;2025;2030;2035;2040;2045;2050;2055;2060;2070;2080;2090;2100;2110;2130;2150,76,72,72,123,123,53,0,0,424
remind 3.5.2/REMIND_generic_SSP2-PkBudg650.mif,07601d6c5a5ccec828ef6666bce0b27be4b3e7d5526f0b1beb83d8644891bf90,REMIND,SSP2-PkBudg650,81325,7059,13,CAZ;CHA;EUR;IND;JPN;LAM;MEA;NEU;OAS;REF;SSA;USA;World,2005;2010;2015;2020;2025;2030;2035;2040;2045;2050;2055;2060;2070;2080;2090;2100;2110;2130;2150,76,72,72,123,123,53,0,0,424
remind 3.5.2/REMIND_generic_SSP3-rollBack.mif,ce87d8f4ab3bf50a68d9da26028a913612c20d1837aede9a45101949a3ed857e,REMIND,SSP3-rollBack,81241,7059,13,CAZ;CHA;EUR;IND;JPN;LAM;MEA;NEU;OAS;REF;SSA;USA;World,2005;2010;2015;2020;2025;2030;2035;2040;2045;2050;2055;2060;2070;2080;2090;2100;2110;2130;2150,76,72,72,123,123,53,0,0,424
