file,sha256,data_rows,units,commodity_count,region_count,regions,stats_labels,declared_license,interpretation,use_for_revision,unit_row_counts,missing_value_rows
dev/trails/lt_data/3_LT_AluCycle_LIU_2013.xlsx,d5a4e3db27ba4a2d870179e003dff72e545404dcaf6776c6f1d6b9730c567e4a,35,yr,7,5,China; Developed Asia and Oceania; Europe; North America; Rest of the world,Normal,unknown/not specified,Lifetime inputs or estimates; row-level source semantics require review,Survival or declared lifetime fallback after checking original references; not a stock histogram,"{""yr"": 35}",0
dev/trails/lt_data/3_LT_Appliances_Norway_Krych_2025_literature_values.xlsx,ae7a7bb8f408080b82d71f2aec56cd41af85f8e590458dc08a3ad62cfb7b3d25,53,yr,6,2,High-income countries; Norway,,CC BY 4.0,Lifetime inputs or estimates; row-level source semantics require review,Survival or declared lifetime fallback after checking original references; not a stock histogram,"{""yr"": 53}",0
dev/trails/lt_data/3_LT_Appliances_Norway_Krych_2025_own_estimates.xlsx,c12b708c307dfaade643d7694ccf4590068d349318445346dd41d9328f37779b,258,yr,6,1,Norway,5th and 95th percentile,CC BY 4.0,Model-estimated cohort mean lifetimes with uncertainty percentiles,Norwegian appliance lifetime trends; recover upstream inflow/stock evidence; uncertainty is not individual lifetime spread,"{""yr"": 258}",0
dev/trails/lt_data/3_LT_Buildings_CIRCOMOD.xlsx,2329906d6a9402cac48500e39f5467e15b7c4eadb8d6be38ac349714cb853a20,232,yr,26,28,China; France; IMAGE 3.0|Brazil; IMAGE 3.0|Canada; IMAGE 3.0|Central America; IMAGE 3.0|Central Asia; IMAGE 3.0|Central Europe; IMAGE 3.0|China region; IMAGE 3.0|Eastern Africa; IMAGE 3.0|India; IMAGE 3.0|Indonesia region; IMAGE 3.0|Japan; IMAGE 3.0|Korea region; IMAGE 3.0|Mexico; IMAGE 3.0|Middle East; IMAGE 3.0|Northern Africa; IMAGE 3.0|Oceania; IMAGE 3.0|Rest of South America; IMAGE 3.0|Rest of South Asia; IMAGE 3.0|Rest of Southern Africa; IMAGE 3.0|Russia region; IMAGE 3.0|South Africa; IMAGE 3.0|Southeastern Asia; IMAGE 3.0|Turkey; IMAGE 3.0|USA; IMAGE 3.0|Ukraine region; IMAGE 3.0|Western Africa; IMAGE 3.0|Western Europe,Weibull; low-mean-high,unknown/not specified,Lifetime inputs or estimates; row-level source semantics require review,Survival or declared lifetime fallback after checking original references; not a stock histogram,"{""yr"": 232}",0
dev/trails/lt_data/3_LT_CIRCOMOD_Infrastructure.xlsx,ba4690172df650209d4cfaf0a1a0019e17f91c93caa9cf477adec7ea011b05fb,121,yr,78,9,China; Germany; Global; Japan; Norway; OECD; Sweden; Switzerland; United States,Hypertabastic; RSD; Weibull,unknown/not specified,Lifetime inputs or estimates; row-level source semantics require review,Survival or declared lifetime fallback after checking original references; not a stock histogram,"{""yr"": 121}",0
dev/trails/lt_data/3_LT_China_Sand_Gravel_MFA_1950_2020_REN.xlsx,5579895cbcb6b1e7c61f281831cb6531f73e4324aeec3c4ca43a47917a34da9a,176,yr,20,1,China,,CC BY ND 4.0,Lifetime inputs or estimates; row-level source semantics require review,Survival or declared lifetime fallback after checking original references; not a stock histogram,"{""yr"": 176}",0
dev/trails/lt_data/3_LT_Electricity_CIRCOMOD.xlsx,739423f2eb3d4aba1d446215e9c84812924c30047f9552cea3fe9c91b946e735,72,%; yr,48,3,Denmark; Global; United Kingdom,Weibull,unknown/not specified,71 rows in years plus one percentage-valued circular-economy assumption; not 72 lifetime values,Separate percentage assumption; review original references for survival/lifetime priors; no stock histogram,"{""%"": 1, ""yr"": 71}",0
dev/trails/lt_data/3_LT_Electricity_Generation_Technologies_Allington_2022.xlsx,eeda10d8d4a10d0537bc16c7f39d5f60606d6b6d15a2bb36d1ec01f45ccc7ea3,52,yr,18,3,Africa; Eastern Asia; South America,,CC BY 4.0,Lifetime inputs or estimates; row-level source semantics require review,Survival or declared lifetime fallback after checking original references; not a stock histogram,"{""yr"": 52}",0
dev/trails/lt_data/3_LT_Electricity_System_Technologies_Victoria_et_al_2020.xlsx,b1b1c6b69b1315e1b10baa9e6e1c311b200b36dd5990fe7bf66b23c5521b8bc0,36,yr,36,1,EU27,,CC BY 4.0,Lifetime inputs or estimates; row-level source semantics require review,Survival or declared lifetime fallback after checking original references; not a stock histogram,"{""yr"": 36}",0
dev/trails/lt_data/3_LT_Industrial_Assets_POSTED_Database_VERPOORT_2026.xlsx,6fe877756e47cda2373d78a0a3b285655b6666e9effca8c131223d9c92765d1d,34,yr,4,1,Global,,MIT license,Techno-economic lifetime inputs for industrial processes,Engineering priors; does not provide installation or retirement observations,"{""yr"": 34}",0
dev/trails/lt_data/3_LT_MaTraceGlobal_Pauliuk_2017.xlsx,2e2c787dc52bb122f5d654c888a0fc00a83ab1b847f38b1b22757ce207b14782,250,yr,10,25,Brazil; Canada; China; France; Germany; India; Indonesia; Italy; Japan; Korea; Mexico; Oceania; Other C Europe; Other W Europe; RoW America; RoW M.East; Row Africa; Row Asia/Oc; Row Europe; Russia; South Africa; Spain; Turkey; UK; US,,unknown/not specified,Lifetime inputs or estimates; row-level source semantics require review,Survival or declared lifetime fallback after checking original references; not a stock histogram,"{""yr"": 250}",0
dev/trails/lt_data/3_LT_Machinery_CIRCOMOD.xlsx,f5387cb57b13c8283ef4f382dbda7652b2c51b39203717b326b1f8d598146d57,180,yr,178,2,Europe; Japan,Weibull,unknown/not specified,Lifetime inputs or estimates; row-level source semantics require review,Survival or declared lifetime fallback after checking original references; not a stock histogram,"{""yr"": 180}",0
dev/trails/lt_data/3_LT_MetalDemand_DEETMAN_2018.xlsx,99faf3aecb5fa6d51f3f1eaa2cecb0e38f5bfb6d7d5d44c1575d286875bf34c6,17,yr,17,1,Global,Weibull,unknown/not specified,Lifetime inputs or estimates; row-level source semantics require review,Survival or declared lifetime fallback after checking original references; not a stock histogram,"{""yr"": 17}",0
dev/trails/lt_data/3_LT_Motorcycle_Cox_Mutel_2018_Switzerland.xlsx,db00d42f07ecab83c17088dd955cfe3e8e9a26a24ef520b8a5195c09871b4c52,4,yr,4,1,Switzerland,,unknown/not specified,Lifetime inputs or estimates; row-level source semantics require review,Survival or declared lifetime fallback after checking original references; not a stock histogram,"{""yr"": 4}",0
dev/trails/lt_data/3_LT_Plastics_Buildings_Germany_Schmidt_et_al_2025 (1).xlsx,a02783ca3c69eb179e644449bf0f4dddd44e29a149de32b4fa3e08a7627c7c74,32,yr,22,1,Germany,Weibull,CC BY ND 4.0,Lifetime inputs or estimates; row-level source semantics require review,Survival or declared lifetime fallback after checking original references; not a stock histogram,"{""yr"": 32}",0
dev/trails/lt_data/3_LT_SteelCycle_PAULIUK_2013.xlsx,7ba2e40aca36e5a89d4a9549d5f00ae80cbecb9134c22b9e8c9739c1d8f52472,40,yr,4,10,"Africa; China; Commonwealth of Independent States (CIS) and other states that were part of the Soviet Union; Developed Asia and Oceania: Japan, South Korea, Australia, New Zealand; Developing Asia and Oceania; India; Latin America (the entire Americas without the US and Canada); Middle East, including Turkey and Cyprus; North America (USA and Canada); Western Europe (all European countries which have not been part of the former Soviet Union, not Turkey and Cyprus)",Normal,unknown/not specified,Lifetime inputs or estimates; row-level source semantics require review,Survival or declared lifetime fallback after checking original references; not a stock histogram,"{""yr"": 40}",0
dev/trails/lt_data/3_LT_Vehicles_CIRCOMOD.xlsx,c3a41ef1d0744ab881c910635f3b90bd19ada1ed81d7aaee802af8dcbc332c63,128,yr,16,30,Austria; Belgium; China; Croatia; Czech Republic; Denmark; Estonia; Finland; France; Germany; Global; Greece; Hungary; Iceland; Ireland; Italy; Latvia; Lithuania; Luxembourg; Netherlands; Norway; Poland; Portugal; Romania; Slovakia; Slovenia; Spain; Sweden; Switzerland; United Kingdom,Normal,unknown/not specified,Mixed lifetime assumptions and observed fleet mean ages; parameter ambiguity,Separate stock mean constraints from lifetime records before any fit,"{""yr"": 128}",0
dev/trails/lt_data/3_LT_Vehicles_Siavash_2019.xlsx,be91a8c7dfce0c1f59ceba4f7db149a00abff634c556ee82545e49395773f22e,5,yr,5,1,Global,,unknown/not specified,Lifetime inputs or estimates; row-level source semantics require review,Survival or declared lifetime fallback after checking original references; not a stock histogram,"{""yr"": 5}",0
dev/trails/lt_data/3_LT_Wood_Carbon_MFA_Indonesia_Aryapratama_2019.xlsx,4ea9be0a6fbbd9680f6de18eeddc4b900507a5e9717f9f3e1bdc898c3ca53b1d,18,yr,1,1,Indonesia,,CC BY SA 4.0,Lifetime inputs or estimates; row-level source semantics require review,Survival or declared lifetime fallback after checking original references; not a stock histogram,"{""yr"": 18}",0
dev/trails/lt_data/4_PY_Asphalt_Recycling_CIRCOMOD.xlsx,2a3ba93746fc088adf95b193aedc4c3e4a7135e126058a59eada54fe90f1cbb7,51,%,1,16,Austria; Belgium; Croatia; Czech Republic; Denmark; France; Germany; Hungary; Ireland; Norway; Romania; Slovenia; Spain; Turkey; United Kingdom; United States,,unknown/not specified,Recycling yields in percent; not lifetime data,End-of-life material yields only; exclude from stock age and survival fits,"{""%"": 51}",5
