file,sha256,rows,variables_units,region_count,years,selected_families
GCAM/gcam_SSP2-Base.csv,1cce9d5e660d857ae65fd186b1b3aab4aa81c3c322b667c2b5eae79396da4dcc,14439,444,33,1975;1990;2005;2010;2015;2020;2025;2030;2035;2040;2045;2050;2055;2060;2065;2070;2075;2080;2085;2090;2095;2100,{}
GCAM/gcam_SSP2-RCP26.csv,01c2752f41448e8b001714ec67eb06c11b105f1e14fbc3074da26534039e4c96,14439,444,33,1975;1990;2005;2010;2015;2020;2025;2030;2035;2040;2045;2050;2055;2060;2065;2070;2075;2080;2085;2090;2095;2100,{}
GCAM/gcam_SSP2-RCP45.csv,8747ea4f8eb5b28040d07af9954cfdc07953d132e176ac3bafa4395804517fac,33193,244,34,1975;1990;2005;2010;2015;2020;2025;2030;2035;2040;2045;2050;2055;2060;2065;2070;2075;2080;2085;2090;2095;2100,{}
GCAM/iamc_template_gcam_ssp24p5tol5.xlsx,22bd54b8fe01207a2296598e40a94d38187d13784f564541ba21b79985f24786,33192,244,34,1975;1990;2005;2010;2015;2021;2025;2030;2035;2040;2045;2050;2055;2060;2065;2070;2075;2080;2085;2090;2095;2100,{}
TIAM-UCL/tiam-ucl_SSP2-RCP19.xlsx,acd98630782d6efce9a0feae65caac3d93a42e83bb1635f99343a0c7977235c4,8215,495,17,2005;2010;2015;2020;2025;2030;2035;2040;2045;2050;2060;2070;2080;2090;2100,"{""Secondary Energy"": 1}"
TIAM-UCL/tiam-ucl_SSP2-RCP26.xlsx,4e9a846361e9790ae8d85ae8c509cb2ae8aace4d194531ef19e8640c6f393f41,8318,497,17,2005;2010;2015;2020;2025;2030;2035;2040;2045;2050;2060;2070;2080;2090;2100,"{""Secondary Energy"": 1}"
TIAM-UCL/tiam-ucl_SSP2-RCP45.xlsx,017973c116c75785a55156c804813d64d7eca4a218a5bd4d52336dcc57c96147,8347,500,17,2005;2010;2015;2020;2025;2030;2035;2040;2045;2050;2060;2070;2080;2090;2100,"{""Secondary Energy"": 1}"
TIAM-UCL/tiam-ucl_SSP2-RCP60.xlsx,b40aa0842da209930e8c5135d2f2b3957a7608eb35fcd832ac481e737bc6d586,8324,497,17,2005;2010;2015;2020;2025;2030;2035;2040;2045;2050;2060;2070;2080;2090;2100,"{""Secondary Energy"": 1}"
WITCH/witch_SSP2-Base.csv,e7801e6fd69c4e1082eebe4b842d8abb9d69f542629ca120dbd975209ce923a5,1397,76,21,2005;2010;2015;2020;2025;2030;2035;2040;2045;2050;2055;2060;2065;2070;2075;2080;2085;2090;2095;2100;2105;2110;2115;2120;2125;2130;2135;2140;2145;2150,{}
WITCH/witch_SSP2-PkBudg1150.csv,0809d07785382c3de469cce99e2bb216c752489b3b2fbfe1d5dcfb231bd13b20,1422,76,21,2005;2010;2015;2020;2025;2030;2035;2040;2045;2050;2055;2060;2065;2070;2075;2080;2085;2090;2095;2100;2105;2110;2115;2120;2125;2130;2135;2140;2145;2150,{}
message/message_SSP1-L.csv,4d25202ada6480c67ed7fd26b21b5528212d3281234438a5f80e0ae349659aad,8011,630,13,2020;2025;2030;2035;2040;2045;2050;2055;2060;2070;2080;2090;2100,{}
message/message_SSP1-VL.csv,8d6f09f31f6cd47aa493b5957fdfe785767bd1096fa35eb3c7960dbf7b1b442b,8012,630,13,2020;2025;2030;2035;2040;2045;2050;2055;2060;2070;2080;2090;2100,{}
message/message_SSP2-L.csv,de43e18f87f308eedea6975a9a9faceefd005a8d395f47d4965daa9bc02e663a,8013,630,13,2020;2025;2030;2035;2040;2045;2050;2055;2060;2070;2080;2090;2100,{}
message/message_SSP2-LO.csv,ecbc40e449b34195f4e10fa488d401c4c4c606f15626ae2ed9effd42f96b9190,8014,630,13,2020;2025;2030;2035;2040;2045;2050;2055;2060;2070;2080;2090;2100,{}
message/message_SSP2-M.csv,3f1e5ea3591c0c8c345b9e3b709c0de9652f4d5fb64009f95534fd6e41e0ec45,8012,630,13,2020;2025;2030;2035;2040;2045;2050;2055;2060;2070;2080;2090;2100,{}
message/message_SSP2-ML.csv,a8757f09aa91ae7261285af35c9fa3c21e74d7c2ebd6dc589461609e3b19f4e0,8013,630,13,2020;2025;2030;2035;2040;2045;2050;2055;2060;2070;2080;2090;2100,{}
message/message_SSP2-VL.csv,192fbf28f2fbe3825c647650b155ebfb6803dc31cd4be21742562e2f327884db,8011,630,13,2020;2025;2030;2035;2040;2045;2050;2055;2060;2070;2080;2090;2100,{}
message/message_SSP3-H.csv,514a2b65ed5ed32a4c014223f488730bffd13ccf68335229e0eabf0a4629ed4e,8036,630,13,2020;2025;2030;2035;2040;2045;2050;2055;2060;2070;2080;2090;2100,{}
message/message_SSP4-LO.csv,f28396ec3b73efaa489d15539e43336f4ff29866632b55aac20c9c2e71812bb5,8019,630,13,2020;2025;2030;2035;2040;2045;2050;2055;2060;2070;2080;2090;2100,{}
message/message_SSP5-H.csv,f02299262a811260275678ef096e35373840f9a2f898fa3741f8884b813c8ccd,8011,630,13,2020;2025;2030;2035;2040;2045;2050;2055;2060;2070;2080;2090;2100,{}
message/message_SSP5-LO.csv,793999a95d2160803543c56972edd988aef6519195e6ba7ff44193a6e1a7b4dd,8018,630,13,2020;2025;2030;2035;2040;2045;2050;2055;2060;2070;2080;2090;2100,{}
